54304503	DSNY	Graffiti	The City has removed the graffiti from this property.	2022-05-28T14:30:51.000	2033-03-01T00:00:00.000
67996481	DOT	Traffic Signal Condition	Service Request status for this request is available on the Department of Transportation's website. Please click the "Learn More" link below.	2026-02-14T09:42:00.000	2026-12-14T11:50:00.000
70422775	DSNY	Derelict Vehicles	The Department of Sanitation (DSNY) couldn't find the condition. Please file a new Service Request with more details about the location.	2026-09-15T08:04:00.000	2026-09-16T03:18:00.000
70425817	DSNY	Derelict Vehicles	DSNY already has a request to investigate this reportedly abandoned vehicle and cannot open multiple service requests for the same vehicle at once. Your request is being closed while we action the prior report.	2026-09-15T14:42:00.000	2026-09-16T03:06:00.000
70422771	DSNY	Derelict Vehicles	The vehicle you reported exceeds the monetary value eligible for collection as junk. The Department of Sanitation has forwarded the request to the NYPD for further action.	2026-09-14T07:09:00.000	2026-09-16T02:57:00.000
70423948	NYPD	Noise - Residential	The New York City Police Department responded to the complaint and with the information available observed no evidence of a criminal violation at that time. If the problem persists, please contact 311 to create another complaint. If possible, provide contact information so responding officers may reach out to you for more details. If necessary, your complaint may be referred to your local precinct's special operations units (Quality of Life, etc.). We count on New Yorkers like yourself to maintain a safe City, so please let us know if you see other conditions that require our attention.	2026-09-16T01:09:27.000	2026-09-16T01:49:44.000
70424614	NYPD	Noise - Residential	The New York City Police Department responded to the complaint and their investigation determined that no criminal violation existed. The condition was corrected without the need to issue a summons or effect an arrest. If the problem persists, please contact 311 to create another complaint. If possible, provide contact information so responding officers may reach out to you for more details. If necessary, your complaint may be referred to your local precinct's special operations units (Quality of Life, etc.). Thank you for your attention to this matter. We count on New Yorkers like yourself to maintain a safe City, so please let us know if you see other conditions that require our attention.	2026-09-16T00:23:23.000	2026-09-16T01:49:39.000
70429825	NYPD	Encampment	The New York City Police Department responded to the complaint and with the information available observed no evidence of a criminal violation at that time. If the problem persists, please contact 311 to create another complaint. If possible, provide contact information so responding officers may reach out to you for more details. If necessary, your complaint may be referred to your local precinct's special operations units (Quality of Life, etc.). We count on New Yorkers like yourself to maintain a safe City, so please let us know if you see other conditions that require our attention.	2026-09-15T18:19:29.000	2026-09-16T01:49:38.000
70430656	NYPD	Noise - Residential	The New York City Police Department responded to the complaint and their investigation determined that no criminal violation existed. The condition was corrected without the need to issue a summons or effect an arrest. If the problem persists, please contact 311 to create another complaint. If possible, provide contact information so responding officers may reach out to you for more details. If necessary, your complaint may be referred to your local precinct's special operations units (Quality of Life, etc.). Thank you for your attention to this matter. We count on New Yorkers like yourself to maintain a safe City, so please let us know if you see other conditions that require our attention.	2026-09-15T23:00:08.000	2026-09-16T01:49:38.000
70431399	NYPD	Illegal Parking	The New York City Police Department responded to the complaint and observed no criminal violation upon their arrival. If the problem persists, please contact 311 to create another complaint. If possible, provide contact information so responding officers may reach out to you for more details. We count on New Yorkers like yourself to maintain a safe City, so please let us know if you see other conditions that require our attention.	2026-09-15T17:37:33.000	2026-09-16T01:49:38.000
70429071	NYPD	Illegal Parking	The New York City Police Department responded to the complaint and their investigation determined that a violation of law occurred. Police issued a summons in response to the complaint. Thank you for attention to this matter. We count on New Yorkers like yourself to maintain a safe City, so please let us know if you see other conditions that require our attention.	2026-09-15T23:37:01.000	2026-09-16T01:49:38.000
70421564	NYPD	Noise - Residential	The New York City Police Department responded to the complaint and their investigation determined that no criminal violation existed. The condition was corrected without the need to issue a summons or effect an arrest. If the problem persists, please contact 311 to create another complaint. If possible, provide contact information so responding officers may reach out to you for more details. If necessary, your complaint may be referred to your local precinct's special operations units (Quality of Life, etc.). Thank you for your attention to this matter. We count on New Yorkers like yourself to maintain a safe City, so please let us know if you see other conditions that require our attention.	2026-09-16T00:35:32.000	2026-09-16T01:49:38.000
70425258	NYPD	Noise - Residential	The New York City Police Department responded to the complaint and with the information available observed no evidence of a criminal violation at that time. If the problem persists, please contact 311 to create another complaint. If possible, provide contact information so responding officers may reach out to you for more details. If necessary, your complaint may be referred to your local precinct's special operations units (Quality of Life, etc.). We count on New Yorkers like yourself to maintain a safe City, so please let us know if you see other conditions that require our attention.	2026-09-16T01:36:27.000	2026-09-16T01:49:38.000
70429737	NYPD	Noise - Street/Sidewalk	The Police Department reviewed your complaint and provided additional information below.	2026-09-15T20:04:12.000	2026-09-16T01:49:38.000
70431315	NYPD	Noise - Street/Sidewalk	The New York City Police Department responded to the complaint and their investigation determined that no criminal violation existed. The condition was corrected without the need to issue a summons or effect an arrest. If the problem persists, please contact 311 to create another complaint. If possible, provide contact information so responding officers may reach out to you for more details. If necessary, your complaint may be referred to your local precinct's special operations units (Quality of Life, etc.). Thank you for your attention to this matter. We count on New Yorkers like yourself to maintain a safe City, so please let us know if you see other conditions that require our attention.	2026-09-16T01:38:33.000	2026-09-16T01:46:35.000
70420659	NYPD	Noise - Vehicle	The Police Department reviewed your complaint and provided additional information below.	2026-09-15T20:21:42.000	2026-09-16T01:46:07.000
70420746	NYPD	Illegal Parking	The New York City Police Department responded to the complaint and observed no criminal violation upon their arrival. If the problem persists, please contact 311 to create another complaint. If possible, provide contact information so responding officers may reach out to you for more details. We count on New Yorkers like yourself to maintain a safe City, so please let us know if you see other conditions that require our attention.	2026-09-15T16:18:10.000	2026-09-16T01:45:59.000
70425366	NYPD	Noise - Residential	The New York City Police Department responded to the complaint and with the information available observed no evidence of a criminal violation at that time. If the problem persists, please contact 311 to create another complaint. If possible, provide contact information so responding officers may reach out to you for more details. If necessary, your complaint may be referred to your local precinct's special operations units (Quality of Life, etc.). We count on New Yorkers like yourself to maintain a safe City, so please let us know if you see other conditions that require our attention.	2026-09-15T18:24:48.000	2026-09-16T01:45:46.000
70428363	NYPD	Blocked Driveway	The New York City Police Department responded to the complaint and their investigation determined that a violation of law occurred. Police issued a summons in response to the complaint. Thank you for attention to this matter. We count on New Yorkers like yourself to maintain a safe City, so please let us know if you see other conditions that require our attention.	2026-09-16T00:08:30.000	2026-09-16T01:45:34.000
70420748	NYPD	Noise - Street/Sidewalk	The New York City Police Department responded to the complaint and with the information available observed no evidence of a criminal violation at that time. If the problem persists, please contact 311 to create another complaint. If possible, provide contact information so responding officers may reach out to you for more details. If necessary, your complaint may be referred to your local precinct's special operations units (Quality of Life, etc.). We count on New Yorkers like yourself to maintain a safe City, so please let us know if you see other conditions that require our attention.	2026-09-15T20:16:24.000	2026-09-16T01:45:15.000
70426633	DHS	Homeless Person Assistance	The mobile outreach response team went to the location provided but could not find the individual that you reported.	2026-09-15T19:29:22.000	2026-09-16T01:42:42.000
70427532	NYPD	Illegal Parking	The New York City Police Department responded to the complaint and with the information available observed no evidence of a criminal violation at that time. If the problem persists, please contact 311 to create another complaint. If possible, provide contact information so responding officers may reach out to you for more details. If necessary, your complaint may be referred to your local precinct's special operations units (Quality of Life, etc.). We count on New Yorkers like yourself to maintain a safe City, so please let us know if you see other conditions that require our attention.	2026-09-16T00:11:13.000	2026-09-16T01:42:15.000
70420742	NYPD	Illegal Parking	The New York City Police Department responded to the complaint and observed no criminal violation upon their arrival. If the problem persists, please contact 311 to create another complaint. If possible, provide contact information so responding officers may reach out to you for more details. We count on New Yorkers like yourself to maintain a safe City, so please let us know if you see other conditions that require our attention.	2026-09-15T17:10:25.000	2026-09-16T01:41:55.000
70428993	NYPD	Noise - Commercial	The New York City Police Department responded to the complaint and with the information available observed no evidence of a criminal violation at that time. If the problem persists, please contact 311 to create another complaint. If possible, provide contact information so responding officers may reach out to you for more details. If necessary, your complaint may be referred to your local precinct's special operations units (Quality of Life, etc.). We count on New Yorkers like yourself to maintain a safe City, so please let us know if you see other conditions that require our attention.	2026-09-15T23:06:35.000	2026-09-16T01:41:50.000
70428482	NYPD	Illegal Parking	The New York City Police Department responded to the complaint and their investigation determined that a violation of law occurred. Police issued a summons in response to the complaint. Thank you for attention to this matter. We count on New Yorkers like yourself to maintain a safe City, so please let us know if you see other conditions that require our attention.	2026-09-15T19:14:29.000	2026-09-16T01:40:40.000
70420543	DHS	Homeless Person Assistance	The mobile outreach response team went to the location provided but could not find the individual that you reported.	2026-09-15T21:52:06.000	2026-09-16T01:39:41.000
70430625	NYPD	Traffic	The New York City Police Department responded to the complaint and with the information available observed no evidence of a criminal violation at that time. If the problem persists, please contact 311 to create another complaint. If possible, provide contact information so responding officers may reach out to you for more details. If necessary, your complaint may be referred to your local precinct's special operations units (Quality of Life, etc.). We count on New Yorkers like yourself to maintain a safe City, so please let us know if you see other conditions that require our attention.	2026-09-15T22:48:00.000	2026-09-16T01:38:49.000
70430611	NYPD	Illegal Parking	The New York City Police Department responded to the complaint and their investigation determined that police action was not necessary. If the problem persists, please contact 311 to create another complaint. If possible, provide contact information so responding officers may reach out to you for more details. We count on New Yorkers like yourself to maintain a safe City, so please let us know if you see other conditions that require our attention.	2026-09-16T00:06:35.000	2026-09-16T01:35:49.000
70430654	NYPD	Noise - Street/Sidewalk	The New York City Police Department responded to the complaint and with the information available observed no evidence of a criminal violation at that time. If the problem persists, please contact 311 to create another complaint. If possible, provide contact information so responding officers may reach out to you for more details. If necessary, your complaint may be referred to your local precinct's special operations units (Quality of Life, etc.). We count on New Yorkers like yourself to maintain a safe City, so please let us know if you see other conditions that require our attention.	2026-09-16T00:07:02.000	2026-09-16T01:35:31.000
69839142	DOHMH	Smoking or Vaping	The NYC Health Department has responded to your service request. For inspection results, please call (212) 676-1600 or email infobfscs@health.nyc.gov to request an inspection report. This service request has been closed.	2026-07-25T08:08:56.000	2026-09-16T01:35:27.000
69836515	DOHMH	Smoking or Vaping	The NYC Health Department has responded to your service request. For inspection results, please call (212) 676-1600 or email infobfscs@health.nyc.gov to request an inspection report. This service request has been closed.	2026-07-24T04:33:06.000	2026-09-16T01:35:26.000
69750996	DOHMH	Smoking or Vaping	The NYC Health Department has responded to your service request. For inspection results, please call (212) 676-1600 or email infobfscs@health.nyc.gov to request an inspection report. This service request has been closed.	2026-07-18T01:11:48.000	2026-09-16T01:35:22.000
70423208	NYPD	Encampment	The New York City Police Department responded to the complaint and observed no encampment at the noted location. If the problem persists, please contact 311 to create another complaint. If possible, provide contact information so responding officers may reach out to you for more details. We count on New Yorkers like yourself to maintain a safe City, so please let us know if you see other conditions that require our attention.	2026-09-16T00:38:37.000	2026-09-16T01:35:06.000
70420052	NYPD	Noise - Street/Sidewalk	The New York City Police Department responded to the complaint and with the information available observed no evidence of a criminal violation at that time. If the problem persists, please contact 311 to create another complaint. If possible, provide contact information so responding officers may reach out to you for more details. If necessary, your complaint may be referred to your local precinct's special operations units (Quality of Life, etc.). We count on New Yorkers like yourself to maintain a safe City, so please let us know if you see other conditions that require our attention.	2026-09-16T00:32:37.000	2026-09-16T01:35:04.000
70420188	NYPD	Encampment	The New York City Police Department responded to the complaint and observed no encampment at the noted location. If the problem persists, please contact 311 to create another complaint. If possible, provide contact information so responding officers may reach out to you for more details. We count on New Yorkers like yourself to maintain a safe City, so please let us know if you see other conditions that require our attention.	2026-09-16T01:05:41.000	2026-09-16T01:34:54.000
70427563	NYPD	Noise - Vehicle	The New York City Police Department responded to the complaint and with the information available observed no evidence of a criminal violation at that time. If the problem persists, please contact 311 to create another complaint. If possible, provide contact information so responding officers may reach out to you for more details. If necessary, your complaint may be referred to your local precinct's special operations units (Quality of Life, etc.). We count on New Yorkers like yourself to maintain a safe City, so please let us know if you see other conditions that require our attention.	2026-09-15T23:54:26.000	2026-09-16T01:34:36.000
70420051	NYPD	Noise - Vehicle	The New York City Police Department responded to the complaint and with the information available observed no evidence of a criminal violation at that time. If the problem persists, please contact 311 to create another complaint. If possible, provide contact information so responding officers may reach out to you for more details. If necessary, your complaint may be referred to your local precinct's special operations units (Quality of Life, etc.). We count on New Yorkers like yourself to maintain a safe City, so please let us know if you see other conditions that require our attention.	2026-09-16T00:34:01.000	2026-09-16T01:34:36.000
70426098	NYPD	Illegal Parking	The New York City Police Department responded to the complaint and with the information available observed no evidence of a criminal violation at that time. If the problem persists, please contact 311 to create another complaint. If possible, provide contact information so responding officers may reach out to you for more details. If necessary, your complaint may be referred to your local precinct's special operations units (Quality of Life, etc.). We count on New Yorkers like yourself to maintain a safe City, so please let us know if you see other conditions that require our attention.	2026-09-15T23:44:21.000	2026-09-16T01:34:06.000
70424581	NYPD	Noise - Residential	The New York City Police Department responded to the complaint and with the information available observed no evidence of a criminal violation at that time. If the problem persists, please contact 311 to create another complaint. If possible, provide contact information so responding officers may reach out to you for more details. If necessary, your complaint may be referred to your local precinct's special operations units (Quality of Life, etc.). We count on New Yorkers like yourself to maintain a safe City, so please let us know if you see other conditions that require our attention.	2026-09-16T00:58:44.000	2026-09-16T01:33:52.000
70429103	NYPD	Drinking	The New York City Police Department responded to the complaint and with the information available observed no evidence of a criminal violation at that time. If the problem persists, please contact 311 to create another complaint. If possible, provide contact information so responding officers may reach out to you for more details. If necessary, your complaint may be referred to your local precinct's special operations units (Quality of Life, etc.). We count on New Yorkers like yourself to maintain a safe City, so please let us know if you see other conditions that require our attention.	2026-09-16T00:09:14.000	2026-09-16T01:33:38.000
70429742	NYPD	Illegal Parking	The New York City Police Department responded to the complaint and their investigation determined that a violation of law occurred. Police issued a summons in response to the complaint. Thank you for attention to this matter. We count on New Yorkers like yourself to maintain a safe City, so please let us know if you see other conditions that require our attention.	2026-09-16T01:11:31.000	2026-09-16T01:33:25.000
70428371	NYPD	Illegal Parking	The New York City Police Department responded to the complaint and observed no criminal violation upon their arrival. If the problem persists, please contact 311 to create another complaint. If possible, provide contact information so responding officers may reach out to you for more details. We count on New Yorkers like yourself to maintain a safe City, so please let us know if you see other conditions that require our attention.	2026-09-15T23:58:28.000	2026-09-16T01:33:25.000
70419927	NYPD	Noise - Residential	The New York City Police Department responded to the complaint and with the information available observed no evidence of a criminal violation at that time. If the problem persists, please contact 311 to create another complaint. If possible, provide contact information so responding officers may reach out to you for more details. If necessary, your complaint may be referred to your local precinct's special operations units (Quality of Life, etc.). We count on New Yorkers like yourself to maintain a safe City, so please let us know if you see other conditions that require our attention.	2026-09-15T21:39:57.000	2026-09-16T01:33:25.000
70422411	NYPD	Noise - Residential	The New York City Police Department responded to the complaint and their investigation determined that police action was not necessary. If the problem persists, please contact 311 to create another complaint. If possible, provide contact information so responding officers may reach out to you for more details. We count on New Yorkers like yourself to maintain a safe City, so please let us know if you see other conditions that require our attention.	2026-09-16T01:12:12.000	2026-09-16T01:33:25.000
70423063	NYPD	Noise - Residential	The New York City Police Department responded to the complaint and with the information available observed no evidence of a criminal violation at that time. If the problem persists, please contact 311 to create another complaint. If possible, provide contact information so responding officers may reach out to you for more details. If necessary, your complaint may be referred to your local precinct's special operations units (Quality of Life, etc.). We count on New Yorkers like yourself to maintain a safe City, so please let us know if you see other conditions that require our attention.	2026-09-16T00:23:08.000	2026-09-16T01:33:25.000
70426082	NYPD	Illegal Parking	The New York City Police Department responded to the complaint and their investigation determined that a violation of law occurred. Police issued a summons in response to the complaint. Thank you for attention to this matter. We count on New Yorkers like yourself to maintain a safe City, so please let us know if you see other conditions that require our attention.	2026-09-15T21:45:02.000	2026-09-16T01:30:28.000
70431492	NYPD	Noise - Residential	The New York City Police Department responded to the complaint and their investigation determined that no criminal violation existed. The condition was corrected without the need to issue a summons or effect an arrest. If the problem persists, please contact 311 to create another complaint. If possible, provide contact information so responding officers may reach out to you for more details. If necessary, your complaint may be referred to your local precinct's special operations units (Quality of Life, etc.). Thank you for your attention to this matter. We count on New Yorkers like yourself to maintain a safe City, so please let us know if you see other conditions that require our attention.	2026-09-15T23:14:41.000	2026-09-16T01:30:24.000
70428367	NYPD	Blocked Driveway	The New York City Police Department responded to the complaint and their investigation determined that a violation of law occurred. Police issued a summons in response to the complaint. Thank you for attention to this matter. We count on New Yorkers like yourself to maintain a safe City, so please let us know if you see other conditions that require our attention.	2026-09-15T22:34:50.000	2026-09-16T01:30:23.000
70423757	NYPD	Noise - Residential	The New York City Police Department responded to the complaint and their investigation determined that no criminal violation existed. The condition was corrected without the need to issue a summons or effect an arrest. If the problem persists, please contact 311 to create another complaint. If possible, provide contact information so responding officers may reach out to you for more details. If necessary, your complaint may be referred to your local precinct's special operations units (Quality of Life, etc.). Thank you for your attention to this matter. We count on New Yorkers like yourself to maintain a safe City, so please let us know if you see other conditions that require our attention.	2026-09-16T01:00:39.000	2026-09-16T01:30:23.000
70426627	DHS	Homeless Person Assistance	The mobile outreach response team went to the location provided but could not find the individual that you reported.	2026-09-15T23:18:16.000	2026-09-16T01:27:39.000
70423623	DHS	Homeless Person Assistance	The mobile outreach response team went to the location provided but could not find the individual that you reported.	2026-09-15T21:49:34.000	2026-09-16T01:27:39.000
70422190	NYPD	Noise - Residential	The New York City Police Department responded to the complaint and with the information available observed no evidence of a criminal violation at that time. If the problem persists, please contact 311 to create another complaint. If possible, provide contact information so responding officers may reach out to you for more details. If necessary, your complaint may be referred to your local precinct's special operations units (Quality of Life, etc.). We count on New Yorkers like yourself to maintain a safe City, so please let us know if you see other conditions that require our attention.	2026-09-15T22:07:07.000	2026-09-16T01:27:22.000
70431364	NYPD	Noise - Residential	The New York City Police Department responded to the complaint and with the information available observed no evidence of a criminal violation at that time. If the problem persists, please contact 311 to create another complaint. If possible, provide contact information so responding officers may reach out to you for more details. If necessary, your complaint may be referred to your local precinct's special operations units (Quality of Life, etc.). We count on New Yorkers like yourself to maintain a safe City, so please let us know if you see other conditions that require our attention.	2026-09-16T00:57:48.000	2026-09-16T01:27:06.000
70422950	NYPD	Noise - Commercial	The New York City Police Department responded to the complaint and their investigation determined that no criminal violation existed. The condition was corrected without the need to issue a summons or effect an arrest. If the problem persists, please contact 311 to create another complaint. If possible, provide contact information so responding officers may reach out to you for more details. If necessary, your complaint may be referred to your local precinct's special operations units (Quality of Life, etc.). Thank you for your attention to this matter. We count on New Yorkers like yourself to maintain a safe City, so please let us know if you see other conditions that require our attention.	2026-09-15T23:49:08.000	2026-09-16T01:26:54.000
70430757	NYPD	Illegal Parking	The New York City Police Department responded to the complaint and their investigation determined that a violation of law occurred. Police issued a summons in response to the complaint. Thank you for attention to this matter. We count on New Yorkers like yourself to maintain a safe City, so please let us know if you see other conditions that require our attention.	2026-09-16T01:00:53.000	2026-09-16T01:26:25.000
70420700	NYPD	Blocked Driveway	The New York City Police Department responded to the complaint and observed no criminal violation upon their arrival. If the problem persists, please contact 311 to create another complaint. If possible, provide contact information so responding officers may reach out to you for more details. We count on New Yorkers like yourself to maintain a safe City, so please let us know if you see other conditions that require our attention.	2026-09-15T18:37:20.000	2026-09-16T01:26:24.000
70423616	DHS	Homeless Person Assistance	The mobile outreach response team went to the location provided but could not find the individual that you reported.	2026-09-15T18:07:06.000	2026-09-16T01:24:40.000
70431192	DHS	Homeless Person Assistance	The individual accepted assistance from the mobile outreach response team.	2026-09-15T21:38:54.000	2026-09-16T01:24:39.000
70426625	DHS	Homeless Person Assistance	The mobile outreach response team offered services to the individual, but the individual did not accept assistance.	2026-09-16T00:53:02.000	2026-09-16T01:24:38.000
70423627	DHS	Homeless Person Assistance	The mobile outreach response team went to the location provided but could not find the individual that you reported.	2026-09-15T19:59:20.000	2026-09-16T01:24:38.000
70430520	NYPD	Noise - Commercial	The New York City Police Department responded to the complaint and with the information available observed no evidence of a criminal violation at that time. If the problem persists, please contact 311 to create another complaint. If possible, provide contact information so responding officers may reach out to you for more details. If necessary, your complaint may be referred to your local precinct's special operations units (Quality of Life, etc.). We count on New Yorkers like yourself to maintain a safe City, so please let us know if you see other conditions that require our attention.	2026-09-15T22:50:02.000	2026-09-16T01:23:30.000
70421456	NYPD	Illegal Parking	The New York City Police Department responded to the complaint and their investigation determined that a violation of law occurred. Police issued a summons in response to the complaint. Thank you for attention to this matter. We count on New Yorkers like yourself to maintain a safe City, so please let us know if you see other conditions that require our attention.	2026-09-16T00:34:31.000	2026-09-16T01:23:30.000
70429056	NYPD	Noise - Street/Sidewalk	The New York City Police Department responded to the complaint and their investigation determined that a violation of law occurred. Police made an arrest in response to the complaint. Thank you for attention to this matter. We count on New Yorkers like yourself to maintain a safe City, so please let us know if you see other conditions that require our attention.	2026-09-16T00:24:12.000	2026-09-16T01:23:24.000
70429794	NYPD	Noise - Residential	The New York City Police Department responded to the complaint and with the information available observed no evidence of a criminal violation at that time. If the problem persists, please contact 311 to create another complaint. If possible, provide contact information so responding officers may reach out to you for more details. If necessary, your complaint may be referred to your local precinct's special operations units (Quality of Life, etc.). We count on New Yorkers like yourself to maintain a safe City, so please let us know if you see other conditions that require our attention.	2026-09-16T01:02:56.000	2026-09-16T01:23:24.000
70428448	NYPD	Noise - Residential	The New York City Police Department responded to the complaint and with the information available observed no evidence of a criminal violation at that time. If the problem persists, please contact 311 to create another complaint. If possible, provide contact information so responding officers may reach out to you for more details. If necessary, your complaint may be referred to your local precinct's special operations units (Quality of Life, etc.). We count on New Yorkers like yourself to maintain a safe City, so please let us know if you see other conditions that require our attention.	2026-09-16T00:53:33.000	2026-09-16T01:23:24.000
70430619	NYPD	Illegal Parking	The New York City Police Department responded to the complaint and observed no criminal violation upon their arrival. If the problem persists, please contact 311 to create another complaint. If possible, provide contact information so responding officers may reach out to you for more details. We count on New Yorkers like yourself to maintain a safe City, so please let us know if you see other conditions that require our attention.	2026-09-15T22:40:19.000	2026-09-16T01:23:24.000
70423952	NYPD	Illegal Parking	The New York City Police Department responded to the complaint and with the information available observed no evidence of a criminal violation at that time. If the problem persists, please contact 311 to create another complaint. If possible, provide contact information so responding officers may reach out to you for more details. If necessary, your complaint may be referred to your local precinct's special operations units (Quality of Life, etc.). We count on New Yorkers like yourself to maintain a safe City, so please let us know if you see other conditions that require our attention.	2026-09-15T22:50:14.000	2026-09-16T01:23:23.000
70422187	NYPD	Noise - Residential	The New York City Police Department responded to the complaint and with the information available observed no evidence of a criminal violation at that time. If the problem persists, please contact 311 to create another complaint. If possible, provide contact information so responding officers may reach out to you for more details. If necessary, your complaint may be referred to your local precinct's special operations units (Quality of Life, etc.). We count on New Yorkers like yourself to maintain a safe City, so please let us know if you see other conditions that require our attention.	2026-09-15T22:59:46.000	2026-09-16T01:23:20.000
70431284	NYPD	Noise - Residential	The New York City Police Department responded to the complaint and with the information available observed no evidence of a criminal violation at that time. If the problem persists, please contact 311 to create another complaint. If possible, provide contact information so responding officers may reach out to you for more details. If necessary, your complaint may be referred to your local precinct's special operations units (Quality of Life, etc.). We count on New Yorkers like yourself to maintain a safe City, so please let us know if you see other conditions that require our attention.	2026-09-15T22:59:18.000	2026-09-16T01:23:19.000
70430521	NYPD	Illegal Parking	The New York City Police Department responded to the complaint and observed no criminal violation upon their arrival. If the problem persists, please contact 311 to create another complaint. If possible, provide contact information so responding officers may reach out to you for more details. We count on New Yorkers like yourself to maintain a safe City, so please let us know if you see other conditions that require our attention.	2026-09-15T23:02:05.000	2026-09-16T01:23:19.000
70425143	DHS	Homeless Person Assistance	The mobile outreach response team offered services to the individual, but the individual did not accept assistance.	2026-09-16T00:31:07.000	2026-09-16T01:21:40.000
70428234	NYPD	Noise - Street/Sidewalk	The New York City Police Department responded to the complaint and their investigation determined that no criminal violation existed. The condition was corrected without the need to issue a summons or effect an arrest. If the problem persists, please contact 311 to create another complaint. If possible, provide contact information so responding officers may reach out to you for more details. If necessary, your complaint may be referred to your local precinct's special operations units (Quality of Life, etc.). Thank you for your attention to this matter. We count on New Yorkers like yourself to maintain a safe City, so please let us know if you see other conditions that require our attention.	2026-09-16T01:07:41.000	2026-09-16T01:20:17.000
70429743	NYPD	Noise - Street/Sidewalk	The New York City Police Department responded to the complaint and their investigation determined that no criminal violation existed. The condition was corrected without the need to issue a summons or effect an arrest. If the problem persists, please contact 311 to create another complaint. If possible, provide contact information so responding officers may reach out to you for more details. If necessary, your complaint may be referred to your local precinct's special operations units (Quality of Life, etc.). Thank you for your attention to this matter. We count on New Yorkers like yourself to maintain a safe City, so please let us know if you see other conditions that require our attention.	2026-09-16T00:55:59.000	2026-09-16T01:19:51.000
70422274	NYPD	Noise - Residential	The New York City Police Department responded to the complaint but officers were unable to gain entry into the premises. If the problem persists, please contact 311 to create another complaint and ensure that contact information (e.g., buzzer number, phone number, etc.) is available to assist the responding officers in gaining entry to properly investigate the complaint.  We count on New Yorkers like yourself to maintain a safe City, so please let us know if you see other conditions that require our attention.	2026-09-16T00:06:18.000	2026-09-16T01:19:40.000
70425971	NYPD	Blocked Driveway	The New York City Police Department responded to the complaint and their investigation determined that no criminal violation existed. The condition was corrected without the need to issue a summons or effect an arrest. If the problem persists, please contact 311 to create another complaint. If possible, provide contact information so responding officers may reach out to you for more details. If necessary, your complaint may be referred to your local precinct's special operations units (Quality of Life, etc.). Thank you for your attention to this matter. We count on New Yorkers like yourself to maintain a safe City, so please let us know if you see other conditions that require our attention.	2026-09-16T00:26:42.000	2026-09-16T01:19:39.000
70429916	NYPD	Encampment	The New York City Police Department responded to the complaint and observed no encampment at the noted location. If the problem persists, please contact 311 to create another complaint. If possible, provide contact information so responding officers may reach out to you for more details. We count on New Yorkers like yourself to maintain a safe City, so please let us know if you see other conditions that require our attention.	2026-09-16T00:18:46.000	2026-09-16T01:19:38.000
70424451	NYPD	Noise - Residential	The New York City Police Department responded to the complaint and their investigation determined that no criminal violation existed. The condition was corrected without the need to issue a summons or effect an arrest. If the problem persists, please contact 311 to create another complaint. If possible, provide contact information so responding officers may reach out to you for more details. If necessary, your complaint may be referred to your local precinct's special operations units (Quality of Life, etc.). Thank you for your attention to this matter. We count on New Yorkers like yourself to maintain a safe City, so please let us know if you see other conditions that require our attention.	2026-09-15T23:13:39.000	2026-09-16T01:19:38.000
70420851	NYPD	Encampment	Your complaint has been received but does not fall under the jurisdiction of the New York City Police Department.  Please contact your local precinct for more information, including which City agency your request was referred to. We count on New Yorkers like yourself to maintain a safe City, so please let us know if you see other conditions that require our attention.	2026-09-16T00:49:58.000	2026-09-16T01:19:38.000
70423728	NYPD	Noise - Residential	The New York City Police Department responded to the complaint and with the information available observed no evidence of a criminal violation at that time. If the problem persists, please contact 311 to create another complaint. If possible, provide contact information so responding officers may reach out to you for more details. If necessary, your complaint may be referred to your local precinct's special operations units (Quality of Life, etc.). We count on New Yorkers like yourself to maintain a safe City, so please let us know if you see other conditions that require our attention.	2026-09-15T23:54:20.000	2026-09-16T01:19:38.000
70431411	NYPD	Blocked Driveway	The New York City Police Department responded to the complaint and observed no criminal violation upon their arrival. If the problem persists, please contact 311 to create another complaint. If possible, provide contact information so responding officers may reach out to you for more details. We count on New Yorkers like yourself to maintain a safe City, so please let us know if you see other conditions that require our attention.	2026-09-15T23:52:20.000	2026-09-16T01:19:37.000
70429070	NYPD	Illegal Parking	The New York City Police Department responded to the complaint and their investigation determined that police action was not necessary. If the problem persists, please contact 311 to create another complaint. If possible, provide contact information so responding officers may reach out to you for more details. We count on New Yorkers like yourself to maintain a safe City, so please let us know if you see other conditions that require our attention.	2026-09-15T22:46:33.000	2026-09-16T01:19:37.000
70428438	NYPD	Noise - Commercial	The New York City Police Department responded to the complaint and with the information available observed no evidence of a criminal violation at that time. If the problem persists, please contact 311 to create another complaint. If possible, provide contact information so responding officers may reach out to you for more details. If necessary, your complaint may be referred to your local precinct's special operations units (Quality of Life, etc.). We count on New Yorkers like yourself to maintain a safe City, so please let us know if you see other conditions that require our attention.	2026-09-15T22:58:37.000	2026-09-16T01:16:38.000
70423037	NYPD	Illegal Parking	The New York City Police Department responded to the complaint and their investigation determined that a violation of law occurred. Police issued a summons in response to the complaint. Thank you for attention to this matter. We count on New Yorkers like yourself to maintain a safe City, so please let us know if you see other conditions that require our attention.	2026-09-15T22:42:46.000	2026-09-16T01:16:33.000
70429963	NYPD	Illegal Parking	The New York City Police Department responded to the complaint and their investigation determined that no criminal violation existed. The condition was corrected without the need to issue a summons or effect an arrest. If the problem persists, please contact 311 to create another complaint. If possible, provide contact information so responding officers may reach out to you for more details. If necessary, your complaint may be referred to your local precinct's special operations units (Quality of Life, etc.). Thank you for your attention to this matter. We count on New Yorkers like yourself to maintain a safe City, so please let us know if you see other conditions that require our attention.	2026-09-16T00:50:51.000	2026-09-16T01:16:08.000
70423706	NYPD	Non-Emergency Police Matter	The New York City Police Department responded to the complaint and with the information available observed no evidence of a criminal violation at that time. If the problem persists, please contact 311 to create another complaint. If possible, provide contact information so responding officers may reach out to you for more details. If necessary, your complaint may be referred to your local precinct's special operations units (Quality of Life, etc.). We count on New Yorkers like yourself to maintain a safe City, so please let us know if you see other conditions that require our attention.	2026-09-16T00:57:15.000	2026-09-16T01:15:59.000
70429714	NYPD	Non-Emergency Police Matter	The New York City Police Department responded to the complaint and with the information available observed no evidence of a criminal violation at that time. If the problem persists, please contact 311 to create another complaint. If possible, provide contact information so responding officers may reach out to you for more details. If necessary, your complaint may be referred to your local precinct's special operations units (Quality of Life, etc.). We count on New Yorkers like yourself to maintain a safe City, so please let us know if you see other conditions that require our attention.	2026-09-16T00:59:08.000	2026-09-16T01:15:54.000
70423707	NYPD	Non-Emergency Police Matter	The New York City Police Department responded to the complaint and with the information available observed no evidence of a criminal violation at that time. If the problem persists, please contact 311 to create another complaint. If possible, provide contact information so responding officers may reach out to you for more details. If necessary, your complaint may be referred to your local precinct's special operations units (Quality of Life, etc.). We count on New Yorkers like yourself to maintain a safe City, so please let us know if you see other conditions that require our attention.	2026-09-16T01:00:33.000	2026-09-16T01:15:54.000
70430560	NYPD	Illegal Parking	The New York City Police Department responded to the complaint and observed no criminal violation upon their arrival. If the problem persists, please contact 311 to create another complaint. If possible, provide contact information so responding officers may reach out to you for more details. We count on New Yorkers like yourself to maintain a safe City, so please let us know if you see other conditions that require our attention.	2026-09-15T18:10:32.000	2026-09-16T01:15:52.000
70426232	NYPD	Noise - Street/Sidewalk	The New York City Police Department responded to the complaint and with the information available observed no evidence of a criminal violation at that time. If the problem persists, please contact 311 to create another complaint. If possible, provide contact information so responding officers may reach out to you for more details. If necessary, your complaint may be referred to your local precinct's special operations units (Quality of Life, etc.). We count on New Yorkers like yourself to maintain a safe City, so please let us know if you see other conditions that require our attention.	2026-09-16T00:28:52.000	2026-09-16T01:15:48.000
70425992	NYPD	Noise - Commercial	The New York City Police Department responded to the complaint and their investigation determined that no criminal violation existed. The condition was corrected without the need to issue a summons or effect an arrest. If the problem persists, please contact 311 to create another complaint. If possible, provide contact information so responding officers may reach out to you for more details. If necessary, your complaint may be referred to your local precinct's special operations units (Quality of Life, etc.). Thank you for your attention to this matter. We count on New Yorkers like yourself to maintain a safe City, so please let us know if you see other conditions that require our attention.	2026-09-15T23:32:00.000	2026-09-16T01:15:47.000
70428992	NYPD	Noise - Commercial	The New York City Police Department responded to the complaint and their investigation determined that no criminal violation existed. The condition was corrected without the need to issue a summons or effect an arrest. If the problem persists, please contact 311 to create another complaint. If possible, provide contact information so responding officers may reach out to you for more details. If necessary, your complaint may be referred to your local precinct's special operations units (Quality of Life, etc.). Thank you for your attention to this matter. We count on New Yorkers like yourself to maintain a safe City, so please let us know if you see other conditions that require our attention.	2026-09-15T22:52:14.000	2026-09-16T01:15:46.000
70419928	NYPD	Noise - Commercial	The New York City Police Department responded to the complaint and their investigation determined that no criminal violation existed. The condition was corrected without the need to issue a summons or effect an arrest. If the problem persists, please contact 311 to create another complaint. If possible, provide contact information so responding officers may reach out to you for more details. If necessary, your complaint may be referred to your local precinct's special operations units (Quality of Life, etc.). Thank you for your attention to this matter. We count on New Yorkers like yourself to maintain a safe City, so please let us know if you see other conditions that require our attention.	2026-09-15T22:05:33.000	2026-09-16T01:15:46.000
70430728	NYPD	Illegal Parking	The New York City Police Department responded to the complaint and their investigation determined that no criminal violation existed. The condition was corrected without the need to issue a summons or effect an arrest. If the problem persists, please contact 311 to create another complaint. If possible, provide contact information so responding officers may reach out to you for more details. If necessary, your complaint may be referred to your local precinct's special operations units (Quality of Life, etc.). Thank you for your attention to this matter. We count on New Yorkers like yourself to maintain a safe City, so please let us know if you see other conditions that require our attention.	2026-09-16T00:59:39.000	2026-09-16T01:15:45.000
70426884	NYPD	Illegal Parking	The New York City Police Department responded to the complaint and observed no criminal violation upon their arrival. If the problem persists, please contact 311 to create another complaint. If possible, provide contact information so responding officers may reach out to you for more details. We count on New Yorkers like yourself to maintain a safe City, so please let us know if you see other conditions that require our attention.	2026-09-15T22:35:52.000	2026-09-16T01:15:45.000
70422886	NYPD	Illegal Parking	The New York City Police Department responded to the complaint and their investigation determined that police action was not necessary. If the problem persists, please contact 311 to create another complaint. If possible, provide contact information so responding officers may reach out to you for more details. We count on New Yorkers like yourself to maintain a safe City, so please let us know if you see other conditions that require our attention.	2026-09-16T00:19:53.000	2026-09-16T01:15:45.000
70420718	NYPD	Noise - Vehicle	The New York City Police Department responded to the complaint and with the information available observed no evidence of a criminal violation at that time. If the problem persists, please contact 311 to create another complaint. If possible, provide contact information so responding officers may reach out to you for more details. If necessary, your complaint may be referred to your local precinct's special operations units (Quality of Life, etc.). We count on New Yorkers like yourself to maintain a safe City, so please let us know if you see other conditions that require our attention.	2026-09-15T22:49:50.000	2026-09-16T01:15:44.000
70427479	NYPD	Noise - Commercial	The New York City Police Department responded to the complaint and their investigation determined that police action was not necessary. If the problem persists, please contact 311 to create another complaint. If possible, provide contact information so responding officers may reach out to you for more details. We count on New Yorkers like yourself to maintain a safe City, so please let us know if you see other conditions that require our attention.	2026-09-15T23:30:55.000	2026-09-16T01:15:43.000
70419883	NYPD	Noise - Residential	The New York City Police Department responded to the complaint and with the information available observed no evidence of a criminal violation at that time. If the problem persists, please contact 311 to create another complaint. If possible, provide contact information so responding officers may reach out to you for more details. If necessary, your complaint may be referred to your local precinct's special operations units (Quality of Life, etc.). We count on New Yorkers like yourself to maintain a safe City, so please let us know if you see other conditions that require our attention.	2026-09-16T00:55:24.000	2026-09-16T01:15:43.000
70424533	NYPD	Illegal Parking	The New York City Police Department responded to the complaint and observed no criminal violation upon their arrival. If the problem persists, please contact 311 to create another complaint. If possible, provide contact information so responding officers may reach out to you for more details. We count on New Yorkers like yourself to maintain a safe City, so please let us know if you see other conditions that require our attention.	2026-09-15T16:34:30.000	2026-09-16T01:15:43.000
70431186	DHS	Homeless Person Assistance	The mobile outreach response team went to the location provided but could not find the individual that you reported.	2026-09-15T20:46:51.000	2026-09-16T01:15:42.000
70431441	NYPD	Illegal Parking	The New York City Police Department responded to the complaint and their investigation determined that no criminal violation existed. The condition was corrected without the need to issue a summons or effect an arrest. If the problem persists, please contact 311 to create another complaint. If possible, provide contact information so responding officers may reach out to you for more details. If necessary, your complaint may be referred to your local precinct's special operations units (Quality of Life, etc.). Thank you for your attention to this matter. We count on New Yorkers like yourself to maintain a safe City, so please let us know if you see other conditions that require our attention.	2026-09-15T17:03:19.000	2026-09-16T01:15:40.000
70421462	NYPD	Noise - Commercial	The New York City Police Department responded to the complaint and their investigation determined that police action was not necessary. If the problem persists, please contact 311 to create another complaint. If possible, provide contact information so responding officers may reach out to you for more details. We count on New Yorkers like yourself to maintain a safe City, so please let us know if you see other conditions that require our attention.	2026-09-15T23:32:53.000	2026-09-16T01:15:40.000
70423625	DHS	Homeless Person Assistance	The individual accepted assistance from the mobile outreach response team.	2026-09-15T22:22:37.000	2026-09-16T01:15:37.000
70426630	DHS	Homeless Person Assistance	The mobile outreach response team went to the location provided but could not find the individual that you reported.	2026-09-15T12:54:03.000	2026-09-16T01:12:40.000
70429623	DHS	Homeless Person Assistance	The individual accepted assistance from the mobile outreach response team.	2026-09-15T21:04:11.000	2026-09-16T01:12:38.000
70421368	NYPD	Noise - Street/Sidewalk	The New York City Police Department responded to the complaint and their investigation determined that no criminal violation existed. The condition was corrected without the need to issue a summons or effect an arrest. If the problem persists, please contact 311 to create another complaint. If possible, provide contact information so responding officers may reach out to you for more details. If necessary, your complaint may be referred to your local precinct's special operations units (Quality of Life, etc.). Thank you for your attention to this matter. We count on New Yorkers like yourself to maintain a safe City, so please let us know if you see other conditions that require our attention.	2026-09-15T21:22:37.000	2026-09-16T01:12:38.000
70423881	NYPD	Noise - Residential	The New York City Police Department responded to the complaint and their investigation determined that police action was not necessary. If the problem persists, please contact 311 to create another complaint. If possible, provide contact information so responding officers may reach out to you for more details. We count on New Yorkers like yourself to maintain a safe City, so please let us know if you see other conditions that require our attention.	2026-09-15T23:55:36.000	2026-09-16T01:12:35.000
70426030	NYPD	Blocked Driveway	The New York City Police Department responded to the complaint and their investigation determined that police action was not necessary. If the problem persists, please contact 311 to create another complaint. If possible, provide contact information so responding officers may reach out to you for more details. We count on New Yorkers like yourself to maintain a safe City, so please let us know if you see other conditions that require our attention.	2026-09-15T23:42:54.000	2026-09-16T01:12:28.000
70430617	NYPD	Illegal Parking	The New York City Police Department responded to the complaint and with the information available observed no evidence of a criminal violation at that time. If the problem persists, please contact 311 to create another complaint. If possible, provide contact information so responding officers may reach out to you for more details. If necessary, your complaint may be referred to your local precinct's special operations units (Quality of Life, etc.). We count on New Yorkers like yourself to maintain a safe City, so please let us know if you see other conditions that require our attention.	2026-09-15T16:30:44.000	2026-09-16T01:12:26.000
70420041	NYPD	Noise - Residential	The New York City Police Department responded to the complaint but officers were unable to gain entry into the premises. If the problem persists, please contact 311 to create another complaint and ensure that contact information (e.g., buzzer number, phone number, etc.) is available to assist the responding officers in gaining entry to properly investigate the complaint.  We count on New Yorkers like yourself to maintain a safe City, so please let us know if you see other conditions that require our attention.	2026-09-16T00:26:39.000	2026-09-16T01:12:23.000
70430454	NYPD	Noise - Street/Sidewalk	The New York City Police Department responded to the complaint and observed no criminal violation upon their arrival. If the problem persists, please contact 311 to create another complaint. If possible, provide contact information so responding officers may reach out to you for more details. We count on New Yorkers like yourself to maintain a safe City, so please let us know if you see other conditions that require our attention.	2026-09-16T00:07:12.000	2026-09-16T01:12:22.000
70431388	NYPD	Illegal Parking	The New York City Police Department responded to the complaint and with the information available observed no evidence of a criminal violation at that time. If the problem persists, please contact 311 to create another complaint. If possible, provide contact information so responding officers may reach out to you for more details. If necessary, your complaint may be referred to your local precinct's special operations units (Quality of Life, etc.). We count on New Yorkers like yourself to maintain a safe City, so please let us know if you see other conditions that require our attention.	2026-09-15T21:25:02.000	2026-09-16T01:12:22.000
70424419	NYPD	Noise - Street/Sidewalk	The New York City Police Department responded to the complaint and observed no criminal violation upon their arrival. If the problem persists, please contact 311 to create another complaint. If possible, provide contact information so responding officers may reach out to you for more details. We count on New Yorkers like yourself to maintain a safe City, so please let us know if you see other conditions that require our attention.	2026-09-16T00:05:23.000	2026-09-16T01:12:22.000
70430444	NYPD	Noise - Street/Sidewalk	The New York City Police Department responded to the complaint and with the information available observed no evidence of a criminal violation at that time. If the problem persists, please contact 311 to create another complaint. If possible, provide contact information so responding officers may reach out to you for more details. If necessary, your complaint may be referred to your local precinct's special operations units (Quality of Life, etc.). We count on New Yorkers like yourself to maintain a safe City, so please let us know if you see other conditions that require our attention.	2026-09-16T00:43:59.000	2026-09-16T01:10:59.000
70428116	DHS	Homeless Person Assistance	The mobile outreach response team went to the location provided but could not find the individual that you reported.	2026-09-15T19:58:24.000	2026-09-16T01:09:37.000
70429047	NYPD	Illegal Parking	The New York City Police Department responded to the complaint and observed no criminal violation upon their arrival. If the problem persists, please contact 311 to create another complaint. If possible, provide contact information so responding officers may reach out to you for more details. We count on New Yorkers like yourself to maintain a safe City, so please let us know if you see other conditions that require our attention.	2026-09-15T22:14:20.000	2026-09-16T01:09:23.000
70428437	NYPD	Noise - Residential	The New York City Police Department responded to the complaint but officers were unable to gain entry into the premises. If the problem persists, please contact 311 to create another complaint and ensure that contact information (e.g., buzzer number, phone number, etc.) is available to assist the responding officers in gaining entry to properly investigate the complaint.  We count on New Yorkers like yourself to maintain a safe City, so please let us know if you see other conditions that require our attention.	2026-09-16T00:33:45.000	2026-09-16T01:09:19.000
70431412	NYPD	Illegal Parking	The New York City Police Department responded to the complaint and their investigation determined that a violation of law occurred. Police issued a summons in response to the complaint. Thank you for attention to this matter. We count on New Yorkers like yourself to maintain a safe City, so please let us know if you see other conditions that require our attention.	2026-09-16T00:34:34.000	2026-09-16T01:09:15.000
70426024	NYPD	Abandoned Vehicle	The New York City Police Department responded to the complaint and their investigation determined that no criminal violation existed. The condition was corrected without the need to issue a summons or effect an arrest. If the problem persists, please contact 311 to create another complaint. If possible, provide contact information so responding officers may reach out to you for more details. If necessary, your complaint may be referred to your local precinct's special operations units (Quality of Life, etc.). Thank you for your attention to this matter. We count on New Yorkers like yourself to maintain a safe City, so please let us know if you see other conditions that require our attention.	2026-09-15T23:32:22.000	2026-09-16T01:09:15.000
70427439	NYPD	Noise - Residential	The New York City Police Department responded to the complaint but officers were unable to gain entry into the premises. If the problem persists, please contact 311 to create another complaint and ensure that contact information (e.g., buzzer number, phone number, etc.) is available to assist the responding officers in gaining entry to properly investigate the complaint.  We count on New Yorkers like yourself to maintain a safe City, so please let us know if you see other conditions that require our attention.	2026-09-15T22:11:57.000	2026-09-16T01:09:14.000
70431270	NYPD	Noise - Residential	The New York City Police Department responded to the complaint and their investigation determined that no criminal violation existed. The condition was corrected without the need to issue a summons or effect an arrest. If the problem persists, please contact 311 to create another complaint. If possible, provide contact information so responding officers may reach out to you for more details. If necessary, your complaint may be referred to your local precinct's special operations units (Quality of Life, etc.). Thank you for your attention to this matter. We count on New Yorkers like yourself to maintain a safe City, so please let us know if you see other conditions that require our attention.	2026-09-16T00:03:54.000	2026-09-16T01:09:14.000
70430653	NYPD	Noise - Street/Sidewalk	The New York City Police Department responded to the complaint and their investigation determined that no criminal violation existed. The condition was corrected without the need to issue a summons or effect an arrest. If the problem persists, please contact 311 to create another complaint. If possible, provide contact information so responding officers may reach out to you for more details. If necessary, your complaint may be referred to your local precinct's special operations units (Quality of Life, etc.). Thank you for your attention to this matter. We count on New Yorkers like yourself to maintain a safe City, so please let us know if you see other conditions that require our attention.	2026-09-15T22:33:32.000	2026-09-16T01:09:13.000
70424580	NYPD	Noise - Street/Sidewalk	The New York City Police Department responded to the complaint and with the information available observed no evidence of a criminal violation at that time. If the problem persists, please contact 311 to create another complaint. If possible, provide contact information so responding officers may reach out to you for more details. If necessary, your complaint may be referred to your local precinct's special operations units (Quality of Life, etc.). We count on New Yorkers like yourself to maintain a safe City, so please let us know if you see other conditions that require our attention.	2026-09-15T21:54:53.000	2026-09-16T01:09:13.000
70420152	NYPD	Noise - Residential	The New York City Police Department responded to the complaint and observed no criminal violation upon their arrival. If the problem persists, please contact 311 to create another complaint. If possible, provide contact information so responding officers may reach out to you for more details. We count on New Yorkers like yourself to maintain a safe City, so please let us know if you see other conditions that require our attention.	2026-09-16T00:44:53.000	2026-09-16T01:09:13.000
70423146	NYPD	Noise - Street/Sidewalk	The New York City Police Department responded to the complaint and observed no criminal violation upon their arrival. If the problem persists, please contact 311 to create another complaint. If possible, provide contact information so responding officers may reach out to you for more details. We count on New Yorkers like yourself to maintain a safe City, so please let us know if you see other conditions that require our attention.	2026-09-15T22:48:05.000	2026-09-16T01:09:13.000
70424579	NYPD	Noise - Street/Sidewalk	The New York City Police Department responded to the complaint and with the information available observed no evidence of a criminal violation at that time. If the problem persists, please contact 311 to create another complaint. If possible, provide contact information so responding officers may reach out to you for more details. If necessary, your complaint may be referred to your local precinct's special operations units (Quality of Life, etc.). We count on New Yorkers like yourself to maintain a safe City, so please let us know if you see other conditions that require our attention.	2026-09-15T20:56:02.000	2026-09-16T01:09:13.000
70424448	NYPD	Noise - Street/Sidewalk	The New York City Police Department responded to the complaint and their investigation determined that no criminal violation existed. The condition was corrected without the need to issue a summons or effect an arrest. If the problem persists, please contact 311 to create another complaint. If possible, provide contact information so responding officers may reach out to you for more details. If necessary, your complaint may be referred to your local precinct's special operations units (Quality of Life, etc.). Thank you for your attention to this matter. We count on New Yorkers like yourself to maintain a safe City, so please let us know if you see other conditions that require our attention.	2026-09-16T00:57:10.000	2026-09-16T01:09:12.000
70425404	NYPD	Noise - Commercial	The New York City Police Department responded to the complaint and their investigation determined that no criminal violation existed. The condition was corrected without the need to issue a summons or effect an arrest. If the problem persists, please contact 311 to create another complaint. If possible, provide contact information so responding officers may reach out to you for more details. If necessary, your complaint may be referred to your local precinct's special operations units (Quality of Life, etc.). Thank you for your attention to this matter. We count on New Yorkers like yourself to maintain a safe City, so please let us know if you see other conditions that require our attention.	2026-09-16T00:59:28.000	2026-09-16T01:09:12.000
70422279	NYPD	Noise - Vehicle	The New York City Police Department responded to the complaint and their investigation determined that police action was not necessary. If the problem persists, please contact 311 to create another complaint. If possible, provide contact information so responding officers may reach out to you for more details. We count on New Yorkers like yourself to maintain a safe City, so please let us know if you see other conditions that require our attention.	2026-09-16T00:45:45.000	2026-09-16T01:07:54.000
70420735	NYPD	Noise - Vehicle	The New York City Police Department responded to the complaint and their investigation determined that police action was not necessary. If the problem persists, please contact 311 to create another complaint. If possible, provide contact information so responding officers may reach out to you for more details. We count on New Yorkers like yourself to maintain a safe City, so please let us know if you see other conditions that require our attention.	2026-09-16T00:46:40.000	2026-09-16T01:07:44.000
70431394	NYPD	Traffic	The New York City Police Department responded to the complaint and their investigation determined that police action was not necessary. If the problem persists, please contact 311 to create another complaint. If possible, provide contact information so responding officers may reach out to you for more details. We count on New Yorkers like yourself to maintain a safe City, so please let us know if you see other conditions that require our attention.	2026-09-16T00:48:49.000	2026-09-16T01:07:36.000
70429813	NYPD	Noise - Vehicle	The New York City Police Department responded to the complaint and their investigation determined that police action was not necessary. If the problem persists, please contact 311 to create another complaint. If possible, provide contact information so responding officers may reach out to you for more details. We count on New Yorkers like yourself to maintain a safe City, so please let us know if you see other conditions that require our attention.	2026-09-16T00:50:48.000	2026-09-16T01:07:27.000
70423799	NYPD	Drug Activity	The New York City Police Department responded to the complaint and their investigation determined that police action was not necessary. If the problem persists, please contact 311 to create another complaint. If possible, provide contact information so responding officers may reach out to you for more details. We count on New Yorkers like yourself to maintain a safe City, so please let us know if you see other conditions that require our attention.	2026-09-16T00:52:39.000	2026-09-16T01:07:18.000
70431373	NYPD	Noise - Residential	The New York City Police Department responded to the complaint and their investigation determined that police action was not necessary. If the problem persists, please contact 311 to create another complaint. If possible, provide contact information so responding officers may reach out to you for more details. We count on New Yorkers like yourself to maintain a safe City, so please let us know if you see other conditions that require our attention.	2026-09-16T00:53:16.000	2026-09-16T01:07:07.000
70420723	NYPD	Noise - House of Worship	The New York City Police Department responded to the complaint and their investigation determined that police action was not necessary. If the problem persists, please contact 311 to create another complaint. If possible, provide contact information so responding officers may reach out to you for more details. We count on New Yorkers like yourself to maintain a safe City, so please let us know if you see other conditions that require our attention.	2026-09-16T00:53:30.000	2026-09-16T01:06:59.000
70423815	NYPD	Noise - Vehicle	The New York City Police Department responded to the complaint and their investigation determined that police action was not necessary. If the problem persists, please contact 311 to create another complaint. If possible, provide contact information so responding officers may reach out to you for more details. We count on New Yorkers like yourself to maintain a safe City, so please let us know if you see other conditions that require our attention.	2026-09-16T00:57:13.000	2026-09-16T01:06:46.000
70423884	NYPD	Illegal Parking	The New York City Police Department responded to the complaint and their investigation determined that a violation of law occurred. Police issued a summons in response to the complaint. Thank you for attention to this matter. We count on New Yorkers like yourself to maintain a safe City, so please let us know if you see other conditions that require our attention.	2026-09-15T19:13:19.000	2026-09-16T01:06:12.000
70420815	NYPD	Illegal Parking	The New York City Police Department responded to the complaint and their investigation determined that a violation of law occurred. Police issued a summons in response to the complaint. Thank you for attention to this matter. We count on New Yorkers like yourself to maintain a safe City, so please let us know if you see other conditions that require our attention.	2026-09-15T14:30:33.000	2026-09-16T01:06:11.000
70429084	NYPD	Noise - Residential	The New York City Police Department responded to the complaint and with the information available observed no evidence of a criminal violation at that time. If the problem persists, please contact 311 to create another complaint. If possible, provide contact information so responding officers may reach out to you for more details. If necessary, your complaint may be referred to your local precinct's special operations units (Quality of Life, etc.). We count on New Yorkers like yourself to maintain a safe City, so please let us know if you see other conditions that require our attention.	2026-09-16T00:45:32.000	2026-09-16T01:06:09.000
70427477	NYPD	Noise - Residential	The New York City Police Department responded to the complaint and their investigation determined that no criminal violation existed. The condition was corrected without the need to issue a summons or effect an arrest. If the problem persists, please contact 311 to create another complaint. If possible, provide contact information so responding officers may reach out to you for more details. If necessary, your complaint may be referred to your local precinct's special operations units (Quality of Life, etc.). Thank you for your attention to this matter. We count on New Yorkers like yourself to maintain a safe City, so please let us know if you see other conditions that require our attention.	2026-09-16T00:27:57.000	2026-09-16T01:06:09.000
70431293	NYPD	Noise - Residential	The New York City Police Department responded to the complaint and their investigation determined that no criminal violation existed. The condition was corrected without the need to issue a summons or effect an arrest. If the problem persists, please contact 311 to create another complaint. If possible, provide contact information so responding officers may reach out to you for more details. If necessary, your complaint may be referred to your local precinct's special operations units (Quality of Life, etc.). Thank you for your attention to this matter. We count on New Yorkers like yourself to maintain a safe City, so please let us know if you see other conditions that require our attention.	2026-09-16T00:11:02.000	2026-09-16T01:06:08.000
70426190	NYPD	Noise - Commercial	The New York City Police Department responded to the complaint and with the information available observed no evidence of a criminal violation at that time. If the problem persists, please contact 311 to create another complaint. If possible, provide contact information so responding officers may reach out to you for more details. If necessary, your complaint may be referred to your local precinct's special operations units (Quality of Life, etc.). We count on New Yorkers like yourself to maintain a safe City, so please let us know if you see other conditions that require our attention.	2026-09-16T00:56:48.000	2026-09-16T01:06:04.000
70424527	NYPD	Noise - Residential	The New York City Police Department responded to the complaint and their investigation determined that no criminal violation existed. The condition was corrected without the need to issue a summons or effect an arrest. If the problem persists, please contact 311 to create another complaint. If possible, provide contact information so responding officers may reach out to you for more details. If necessary, your complaint may be referred to your local precinct's special operations units (Quality of Life, etc.). Thank you for your attention to this matter. We count on New Yorkers like yourself to maintain a safe City, so please let us know if you see other conditions that require our attention.	2026-09-16T00:54:54.000	2026-09-16T01:05:58.000
70424704	NYPD	Noise - Street/Sidewalk	The New York City Police Department responded to the complaint and with the information available observed no evidence of a criminal violation at that time. If the problem persists, please contact 311 to create another complaint. If possible, provide contact information so responding officers may reach out to you for more details. If necessary, your complaint may be referred to your local precinct's special operations units (Quality of Life, etc.). We count on New Yorkers like yourself to maintain a safe City, so please let us know if you see other conditions that require our attention.	2026-09-16T00:35:03.000	2026-09-16T01:05:57.000
70424705	NYPD	Noise - Street/Sidewalk	The New York City Police Department responded to the complaint and with the information available observed no evidence of a criminal violation at that time. If the problem persists, please contact 311 to create another complaint. If possible, provide contact information so responding officers may reach out to you for more details. If necessary, your complaint may be referred to your local precinct's special operations units (Quality of Life, etc.). We count on New Yorkers like yourself to maintain a safe City, so please let us know if you see other conditions that require our attention.	2026-09-16T00:16:31.000	2026-09-16T01:05:51.000
70423060	NYPD	Illegal Parking	The New York City Police Department responded to the complaint and their investigation determined that no criminal violation existed. The condition was corrected without the need to issue a summons or effect an arrest. If the problem persists, please contact 311 to create another complaint. If possible, provide contact information so responding officers may reach out to you for more details. If necessary, your complaint may be referred to your local precinct's special operations units (Quality of Life, etc.). Thank you for your attention to this matter. We count on New Yorkers like yourself to maintain a safe City, so please let us know if you see other conditions that require our attention.	2026-09-16T00:09:57.000	2026-09-16T01:05:34.000
70428626	DSNY	Vendor Enforcement	N/A	2026-09-16T00:52:34.000	2026-09-16T01:05:21.000
70431332	NYPD	Blocked Driveway	The New York City Police Department responded to the complaint and with the information available observed no evidence of a criminal violation at that time. If the problem persists, please contact 311 to create another complaint. If possible, provide contact information so responding officers may reach out to you for more details. If necessary, your complaint may be referred to your local precinct's special operations units (Quality of Life, etc.). We count on New Yorkers like yourself to maintain a safe City, so please let us know if you see other conditions that require our attention.	2026-09-15T22:31:12.000	2026-09-16T01:05:16.000
70423976	NYPD	Noise - Street/Sidewalk	The New York City Police Department responded to the complaint and their investigation determined that no criminal violation existed. The condition was corrected without the need to issue a summons or effect an arrest. If the problem persists, please contact 311 to create another complaint. If possible, provide contact information so responding officers may reach out to you for more details. If necessary, your complaint may be referred to your local precinct's special operations units (Quality of Life, etc.). Thank you for your attention to this matter. We count on New Yorkers like yourself to maintain a safe City, so please let us know if you see other conditions that require our attention.	2026-09-16T00:50:33.000	2026-09-16T01:05:16.000
70431371	NYPD	Noise - Residential	The New York City Police Department responded to the complaint but officers were unable to gain entry into the premises. If the problem persists, please contact 311 to create another complaint and ensure that contact information (e.g., buzzer number, phone number, etc.) is available to assist the responding officers in gaining entry to properly investigate the complaint.  We count on New Yorkers like yourself to maintain a safe City, so please let us know if you see other conditions that require our attention.	2026-09-16T00:10:36.000	2026-09-16T01:05:15.000
70419887	NYPD	Noise - Street/Sidewalk	The New York City Police Department responded to the complaint and their investigation determined that no criminal violation existed. The condition was corrected without the need to issue a summons or effect an arrest. If the problem persists, please contact 311 to create another complaint. If possible, provide contact information so responding officers may reach out to you for more details. If necessary, your complaint may be referred to your local precinct's special operations units (Quality of Life, etc.). Thank you for your attention to this matter. We count on New Yorkers like yourself to maintain a safe City, so please let us know if you see other conditions that require our attention.	2026-09-15T22:56:59.000	2026-09-16T01:05:15.000
70423763	NYPD	Illegal Parking	The New York City Police Department responded to the complaint and their investigation determined that police action was not necessary. If the problem persists, please contact 311 to create another complaint. If possible, provide contact information so responding officers may reach out to you for more details. We count on New Yorkers like yourself to maintain a safe City, so please let us know if you see other conditions that require our attention.	2026-09-16T00:07:29.000	2026-09-16T01:05:13.000
70424528	NYPD	Noise - Residential	The New York City Police Department responded to the complaint and with the information available observed no evidence of a criminal violation at that time. If the problem persists, please contact 311 to create another complaint. If possible, provide contact information so responding officers may reach out to you for more details. If necessary, your complaint may be referred to your local precinct's special operations units (Quality of Life, etc.). We count on New Yorkers like yourself to maintain a safe City, so please let us know if you see other conditions that require our attention.	2026-09-15T20:44:14.000	2026-09-16T01:05:12.000
70428958	NYPD	Noise - Residential	The New York City Police Department responded to the complaint and with the information available observed no evidence of a criminal violation at that time. If the problem persists, please contact 311 to create another complaint. If possible, provide contact information so responding officers may reach out to you for more details. If necessary, your complaint may be referred to your local precinct's special operations units (Quality of Life, etc.). We count on New Yorkers like yourself to maintain a safe City, so please let us know if you see other conditions that require our attention.	2026-09-16T00:54:35.000	2026-09-16T01:05:10.000
70426209	NYPD	Illegal Parking	The New York City Police Department responded to the complaint and observed no criminal violation upon their arrival. If the problem persists, please contact 311 to create another complaint. If possible, provide contact information so responding officers may reach out to you for more details. We count on New Yorkers like yourself to maintain a safe City, so please let us know if you see other conditions that require our attention.	2026-09-16T00:43:12.000	2026-09-16T01:05:10.000
70419900	NYPD	Noise - Residential	The New York City Police Department responded to the complaint and their investigation determined that no criminal violation existed. The condition was corrected without the need to issue a summons or effect an arrest. If the problem persists, please contact 311 to create another complaint. If possible, provide contact information so responding officers may reach out to you for more details. If necessary, your complaint may be referred to your local precinct's special operations units (Quality of Life, etc.). Thank you for your attention to this matter. We count on New Yorkers like yourself to maintain a safe City, so please let us know if you see other conditions that require our attention.	2026-09-16T00:24:50.000	2026-09-16T01:02:06.000
70420106	NYPD	Noise - Residential	The New York City Police Department responded to the complaint and with the information available observed no evidence of a criminal violation at that time. If the problem persists, please contact 311 to create another complaint. If possible, provide contact information so responding officers may reach out to you for more details. If necessary, your complaint may be referred to your local precinct's special operations units (Quality of Life, etc.). We count on New Yorkers like yourself to maintain a safe City, so please let us know if you see other conditions that require our attention.	2026-09-16T00:24:53.000	2026-09-16T01:01:50.000
70421419	NYPD	Noise - Street/Sidewalk	The New York City Police Department responded to the complaint and observed no criminal violation upon their arrival. If the problem persists, please contact 311 to create another complaint. If possible, provide contact information so responding officers may reach out to you for more details. We count on New Yorkers like yourself to maintain a safe City, so please let us know if you see other conditions that require our attention.	2026-09-15T19:08:42.000	2026-09-16T01:01:48.000
70422206	NYPD	Illegal Parking	The New York City Police Department responded to the complaint and their investigation determined that a violation of law occurred. Police issued a summons in response to the complaint. Thank you for attention to this matter. We count on New Yorkers like yourself to maintain a safe City, so please let us know if you see other conditions that require our attention.	2026-09-15T22:01:57.000	2026-09-16T01:01:47.000
70428226	NYPD	Illegal Parking	The New York City Police Department responded to the complaint and their investigation determined that a violation of law occurred. Police issued a summons in response to the complaint. Thank you for attention to this matter. We count on New Yorkers like yourself to maintain a safe City, so please let us know if you see other conditions that require our attention.	2026-09-15T22:03:51.000	2026-09-16T01:01:39.000
70431415	NYPD	Illegal Parking	The New York City Police Department responded to the complaint and their investigation determined that no criminal violation existed. The condition was corrected without the need to issue a summons or effect an arrest. If the problem persists, please contact 311 to create another complaint. If possible, provide contact information so responding officers may reach out to you for more details. If necessary, your complaint may be referred to your local precinct's special operations units (Quality of Life, etc.). Thank you for your attention to this matter. We count on New Yorkers like yourself to maintain a safe City, so please let us know if you see other conditions that require our attention.	2026-09-15T20:35:09.000	2026-09-16T01:01:34.000
70428229	NYPD	Illegal Parking	The New York City Police Department responded to the complaint and their investigation determined that no criminal violation existed. The condition was corrected without the need to issue a summons or effect an arrest. If the problem persists, please contact 311 to create another complaint. If possible, provide contact information so responding officers may reach out to you for more details. If necessary, your complaint may be referred to your local precinct's special operations units (Quality of Life, etc.). Thank you for your attention to this matter. We count on New Yorkers like yourself to maintain a safe City, so please let us know if you see other conditions that require our attention.	2026-09-15T22:07:52.000	2026-09-16T01:01:30.000
70422205	NYPD	Illegal Parking	The New York City Police Department responded to the complaint and their investigation determined that a violation of law occurred. Police issued a summons in response to the complaint. Thank you for attention to this matter. We count on New Yorkers like yourself to maintain a safe City, so please let us know if you see other conditions that require our attention.	2026-09-15T22:11:57.000	2026-09-16T01:01:17.000
70421463	NYPD	Blocked Driveway	The New York City Police Department responded to the complaint and their investigation determined that a violation of law occurred. Police issued a summons in response to the complaint. Thank you for attention to this matter. We count on New Yorkers like yourself to maintain a safe City, so please let us know if you see other conditions that require our attention.	2026-09-16T00:34:08.000	2026-09-16T01:00:51.000
70430556	NYPD	Blocked Driveway	The New York City Police Department responded to the complaint and their investigation determined that a violation of law occurred. Police issued a summons in response to the complaint. Thank you for attention to this matter. We count on New Yorkers like yourself to maintain a safe City, so please let us know if you see other conditions that require our attention.	2026-09-15T23:48:49.000	2026-09-16T01:00:47.000
70424703	NYPD	Drug Activity	The New York City Police Department responded to the complaint and with the information available observed no evidence of a criminal violation at that time. If the problem persists, please contact 311 to create another complaint. If possible, provide contact information so responding officers may reach out to you for more details. If necessary, your complaint may be referred to your local precinct's special operations units (Quality of Life, etc.). We count on New Yorkers like yourself to maintain a safe City, so please let us know if you see other conditions that require our attention.	2026-09-15T23:21:34.000	2026-09-16T01:00:46.000
70429713	NYPD	Noise - Residential	The New York City Police Department responded to the complaint and their investigation determined that no criminal violation existed. The condition was corrected without the need to issue a summons or effect an arrest. If the problem persists, please contact 311 to create another complaint. If possible, provide contact information so responding officers may reach out to you for more details. If necessary, your complaint may be referred to your local precinct's special operations units (Quality of Life, etc.). Thank you for your attention to this matter. We count on New Yorkers like yourself to maintain a safe City, so please let us know if you see other conditions that require our attention.	2026-09-16T00:02:36.000	2026-09-16T01:00:36.000
70427481	NYPD	Blocked Driveway	The New York City Police Department responded to the complaint and their investigation determined that a violation of law occurred. Police issued a summons in response to the complaint. Thank you for attention to this matter. We count on New Yorkers like yourself to maintain a safe City, so please let us know if you see other conditions that require our attention.	2026-09-15T23:47:03.000	2026-09-16T01:00:36.000
70421464	NYPD	Blocked Driveway	The New York City Police Department responded to the complaint and their investigation determined that a violation of law occurred. Police issued a summons in response to the complaint. Thank you for attention to this matter. We count on New Yorkers like yourself to maintain a safe City, so please let us know if you see other conditions that require our attention.	2026-09-15T20:39:42.000	2026-09-16T01:00:36.000
70429018	NYPD	Blocked Driveway	The New York City Police Department responded to the complaint and their investigation determined that a violation of law occurred. Police issued a summons in response to the complaint. Thank you for attention to this matter. We count on New Yorkers like yourself to maintain a safe City, so please let us know if you see other conditions that require our attention.	2026-09-15T23:20:44.000	2026-09-16T01:00:35.000
70424530	NYPD	Blocked Driveway	The New York City Police Department responded to the complaint and their investigation determined that a violation of law occurred. Police issued a summons in response to the complaint. Thank you for attention to this matter. We count on New Yorkers like yourself to maintain a safe City, so please let us know if you see other conditions that require our attention.	2026-09-15T20:41:15.000	2026-09-16T01:00:35.000
70419966	NYPD	Blocked Driveway	The New York City Police Department responded to the complaint and their investigation determined that a violation of law occurred. Police issued a summons in response to the complaint. Thank you for attention to this matter. We count on New Yorkers like yourself to maintain a safe City, so please let us know if you see other conditions that require our attention.	2026-09-15T20:45:00.000	2026-09-16T01:00:35.000
70427484	NYPD	Blocked Driveway	The New York City Police Department responded to the complaint and their investigation determined that a violation of law occurred. Police issued a summons in response to the complaint. Thank you for attention to this matter. We count on New Yorkers like yourself to maintain a safe City, so please let us know if you see other conditions that require our attention.	2026-09-16T00:05:32.000	2026-09-16T01:00:34.000
70427480	NYPD	Blocked Driveway	The New York City Police Department responded to the complaint and their investigation determined that a violation of law occurred. Police issued a summons in response to the complaint. Thank you for attention to this matter. We count on New Yorkers like yourself to maintain a safe City, so please let us know if you see other conditions that require our attention.	2026-09-15T17:37:51.000	2026-09-16T01:00:34.000
70426873	NYPD	Illegal Parking	The New York City Police Department responded to the complaint and their investigation determined that no criminal violation existed. The condition was corrected without the need to issue a summons or effect an arrest. If the problem persists, please contact 311 to create another complaint. If possible, provide contact information so responding officers may reach out to you for more details. If necessary, your complaint may be referred to your local precinct's special operations units (Quality of Life, etc.). Thank you for your attention to this matter. We count on New Yorkers like yourself to maintain a safe City, so please let us know if you see other conditions that require our attention.	2026-09-16T00:35:19.000	2026-09-16T01:00:34.000
70426027	NYPD	Blocked Driveway	The New York City Police Department responded to the complaint and their investigation determined that a violation of law occurred. Police issued a summons in response to the complaint. Thank you for attention to this matter. We count on New Yorkers like yourself to maintain a safe City, so please let us know if you see other conditions that require our attention.	2026-09-16T00:25:54.000	2026-09-16T01:00:34.000
70419951	NYPD	Blocked Driveway	The New York City Police Department responded to the complaint and their investigation determined that a violation of law occurred. Police issued a summons in response to the complaint. Thank you for attention to this matter. We count on New Yorkers like yourself to maintain a safe City, so please let us know if you see other conditions that require our attention.	2026-09-15T23:44:31.000	2026-09-16T01:00:34.000
70428252	NYPD	Illegal Parking	The New York City Police Department responded to the complaint and with the information available observed no evidence of a criminal violation at that time. If the problem persists, please contact 311 to create another complaint. If possible, provide contact information so responding officers may reach out to you for more details. If necessary, your complaint may be referred to your local precinct's special operations units (Quality of Life, etc.). We count on New Yorkers like yourself to maintain a safe City, so please let us know if you see other conditions that require our attention.	2026-09-15T22:38:43.000	2026-09-16T01:00:33.000
70427657	NYPD	Noise - Street/Sidewalk	The New York City Police Department responded to the complaint and their investigation determined that no criminal violation existed. The condition was corrected without the need to issue a summons or effect an arrest. If the problem persists, please contact 311 to create another complaint. If possible, provide contact information so responding officers may reach out to you for more details. If necessary, your complaint may be referred to your local precinct's special operations units (Quality of Life, etc.). Thank you for your attention to this matter. We count on New Yorkers like yourself to maintain a safe City, so please let us know if you see other conditions that require our attention.	2026-09-16T00:40:10.000	2026-09-16T01:00:33.000
70422345	NYPD	Noise - Vehicle	The New York City Police Department responded to the complaint and with the information available observed no evidence of a criminal violation at that time. If the problem persists, please contact 311 to create another complaint. If possible, provide contact information so responding officers may reach out to you for more details. If necessary, your complaint may be referred to your local precinct's special operations units (Quality of Life, etc.). We count on New Yorkers like yourself to maintain a safe City, so please let us know if you see other conditions that require our attention.	2026-09-16T00:55:06.000	2026-09-16T01:00:33.000
70423885	NYPD	Illegal Parking	The New York City Police Department responded to the complaint and their investigation determined that no criminal violation existed. The condition was corrected without the need to issue a summons or effect an arrest. If the problem persists, please contact 311 to create another complaint. If possible, provide contact information so responding officers may reach out to you for more details. If necessary, your complaint may be referred to your local precinct's special operations units (Quality of Life, etc.). Thank you for your attention to this matter. We count on New Yorkers like yourself to maintain a safe City, so please let us know if you see other conditions that require our attention.	2026-09-16T00:31:26.000	2026-09-16T01:00:33.000
70421659	NYPD	Illegal Parking	The New York City Police Department responded to the complaint and observed no criminal violation upon their arrival. If the problem persists, please contact 311 to create another complaint. If possible, provide contact information so responding officers may reach out to you for more details. We count on New Yorkers like yourself to maintain a safe City, so please let us know if you see other conditions that require our attention.	2026-09-15T20:34:29.000	2026-09-16T01:00:33.000
70431182	DHS	Homeless Person Assistance	The Department of Homeless Services has reviewed your Service Request and determined that the issue is not within its jurisdiction.	2026-09-15T22:59:38.000	2026-09-16T00:57:34.000
70422097	DHS	Homeless Person Assistance	The mobile outreach response team went to the location provided but could not find the individual that you reported.	2026-09-15T23:05:01.000	2026-09-16T00:57:34.000
70420555	DHS	Homeless Person Assistance	The individual accepted assistance from the mobile outreach response team.	2026-09-15T23:37:45.000	2026-09-16T00:57:34.000
70429774	NYPD	Noise - Commercial	The New York City Police Department responded to the complaint and their investigation determined that no criminal violation existed. The condition was corrected without the need to issue a summons or effect an arrest. If the problem persists, please contact 311 to create another complaint. If possible, provide contact information so responding officers may reach out to you for more details. If necessary, your complaint may be referred to your local precinct's special operations units (Quality of Life, etc.). Thank you for your attention to this matter. We count on New Yorkers like yourself to maintain a safe City, so please let us know if you see other conditions that require our attention.	2026-09-16T00:33:02.000	2026-09-16T00:57:33.000
70419888	NYPD	Noise - Residential	The New York City Police Department responded to the complaint but officers were unable to gain entry into the premises. If the problem persists, please contact 311 to create another complaint and ensure that contact information (e.g., buzzer number, phone number, etc.) is available to assist the responding officers in gaining entry to properly investigate the complaint.  We count on New Yorkers like yourself to maintain a safe City, so please let us know if you see other conditions that require our attention.	2026-09-16T00:33:18.000	2026-09-16T00:57:32.000
70420129	NYPD	Noise - Residential	The New York City Police Department responded to the complaint and their investigation determined that no criminal violation existed. The condition was corrected without the need to issue a summons or effect an arrest. If the problem persists, please contact 311 to create another complaint. If possible, provide contact information so responding officers may reach out to you for more details. If necessary, your complaint may be referred to your local precinct's special operations units (Quality of Life, etc.). Thank you for your attention to this matter. We count on New Yorkers like yourself to maintain a safe City, so please let us know if you see other conditions that require our attention.	2026-09-16T00:44:42.000	2026-09-16T00:57:32.000
70426189	NYPD	Noise - Residential	The New York City Police Department responded to the complaint but officers were unable to gain entry into the premises. If the problem persists, please contact 311 to create another complaint and ensure that contact information (e.g., buzzer number, phone number, etc.) is available to assist the responding officers in gaining entry to properly investigate the complaint.  We count on New Yorkers like yourself to maintain a safe City, so please let us know if you see other conditions that require our attention.	2026-09-15T23:04:18.000	2026-09-16T00:57:32.000
70429852	NYPD	Illegal Parking	The New York City Police Department responded to the complaint and their investigation determined that a violation of law occurred. Police issued a summons in response to the complaint. Thank you for attention to this matter. We count on New Yorkers like yourself to maintain a safe City, so please let us know if you see other conditions that require our attention.	2026-09-15T21:45:41.000	2026-09-16T00:57:31.000
70428484	NYPD	Illegal Parking	The New York City Police Department responded to the complaint and with the information available observed no evidence of a criminal violation at that time. If the problem persists, please contact 311 to create another complaint. If possible, provide contact information so responding officers may reach out to you for more details. If necessary, your complaint may be referred to your local precinct's special operations units (Quality of Life, etc.). We count on New Yorkers like yourself to maintain a safe City, so please let us know if you see other conditions that require our attention.	2026-09-16T00:03:09.000	2026-09-16T00:57:31.000
70429709	NYPD	Noise - Residential	The New York City Police Department responded to the complaint and their investigation determined that police action was not necessary. If the problem persists, please contact 311 to create another complaint. If possible, provide contact information so responding officers may reach out to you for more details. We count on New Yorkers like yourself to maintain a safe City, so please let us know if you see other conditions that require our attention.	2026-09-15T20:31:01.000	2026-09-16T00:56:26.000
70431274	NYPD	Noise - Residential	The New York City Police Department responded to the complaint and their investigation determined that police action was not necessary. If the problem persists, please contact 311 to create another complaint. If possible, provide contact information so responding officers may reach out to you for more details. We count on New Yorkers like yourself to maintain a safe City, so please let us know if you see other conditions that require our attention.	2026-09-15T21:36:04.000	2026-09-16T00:56:08.000
70423974	NYPD	Noise - Street/Sidewalk	The New York City Police Department responded to the complaint and observed no criminal violation upon their arrival. If the problem persists, please contact 311 to create another complaint. If possible, provide contact information so responding officers may reach out to you for more details. We count on New Yorkers like yourself to maintain a safe City, so please let us know if you see other conditions that require our attention.	2026-09-15T23:29:43.000	2026-09-16T00:54:59.000
70420663	NYPD	Noise - Street/Sidewalk	The New York City Police Department responded to the complaint and with the information available observed no evidence of a criminal violation at that time. If the problem persists, please contact 311 to create another complaint. If possible, provide contact information so responding officers may reach out to you for more details. If necessary, your complaint may be referred to your local precinct's special operations units (Quality of Life, etc.). We count on New Yorkers like yourself to maintain a safe City, so please let us know if you see other conditions that require our attention.	2026-09-15T23:52:32.000	2026-09-16T00:54:30.000
70430808	NYPD	Noise - Residential	The New York City Police Department responded to the complaint and with the information available observed no evidence of a criminal violation at that time. If the problem persists, please contact 311 to create another complaint. If possible, provide contact information so responding officers may reach out to you for more details. If necessary, your complaint may be referred to your local precinct's special operations units (Quality of Life, etc.). We count on New Yorkers like yourself to maintain a safe City, so please let us know if you see other conditions that require our attention.	2026-09-15T21:25:29.000	2026-09-16T00:54:19.000
70426833	NYPD	Illegal Parking	The New York City Police Department responded to the complaint and with the information available observed no evidence of a criminal violation at that time. If the problem persists, please contact 311 to create another complaint. If possible, provide contact information so responding officers may reach out to you for more details. If necessary, your complaint may be referred to your local precinct's special operations units (Quality of Life, etc.). We count on New Yorkers like yourself to maintain a safe City, so please let us know if you see other conditions that require our attention.	2026-09-15T22:17:22.000	2026-09-16T00:54:18.000
70424453	NYPD	Blocked Driveway	The New York City Police Department responded to the complaint and observed no criminal violation upon their arrival. If the problem persists, please contact 311 to create another complaint. If possible, provide contact information so responding officers may reach out to you for more details. We count on New Yorkers like yourself to maintain a safe City, so please let us know if you see other conditions that require our attention.	2026-09-15T21:49:17.000	2026-09-16T00:54:13.000
70427417	NYPD	Blocked Driveway	The New York City Police Department responded to the complaint and observed no criminal violation upon their arrival. If the problem persists, please contact 311 to create another complaint. If possible, provide contact information so responding officers may reach out to you for more details. We count on New Yorkers like yourself to maintain a safe City, so please let us know if you see other conditions that require our attention.	2026-09-16T00:01:41.000	2026-09-16T00:54:01.000
70420792	NYPD	Noise - Residential	The New York City Police Department responded to the complaint and their investigation determined that a violation of law occurred. Police issued a summons in response to the complaint. Thank you for attention to this matter. We count on New Yorkers like yourself to maintain a safe City, so please let us know if you see other conditions that require our attention.	2026-09-16T00:46:26.000	2026-09-16T00:53:33.000
70421641	NYPD	Noise - Residential	The New York City Police Department responded to the complaint but officers were unable to gain entry into the premises. If the problem persists, please contact 311 to create another complaint and ensure that contact information (e.g., buzzer number, phone number, etc.) is available to assist the responding officers in gaining entry to properly investigate the complaint.  We count on New Yorkers like yourself to maintain a safe City, so please let us know if you see other conditions that require our attention.	2026-09-15T22:52:21.000	2026-09-16T00:53:32.000
70422336	NYPD	Noise - Residential	The New York City Police Department responded to the complaint and with the information available observed no evidence of a criminal violation at that time. If the problem persists, please contact 311 to create another complaint. If possible, provide contact information so responding officers may reach out to you for more details. If necessary, your complaint may be referred to your local precinct's special operations units (Quality of Life, etc.). We count on New Yorkers like yourself to maintain a safe City, so please let us know if you see other conditions that require our attention.	2026-09-15T23:25:25.000	2026-09-16T00:53:32.000
70425456	NYPD	Illegal Fireworks	The New York City Police Department responded to the complaint and with the information available observed no evidence of a criminal violation at that time. If the problem persists, please contact 311 to create another complaint. If possible, provide contact information so responding officers may reach out to you for more details. If necessary, your complaint may be referred to your local precinct's special operations units (Quality of Life, etc.). We count on New Yorkers like yourself to maintain a safe City, so please let us know if you see other conditions that require our attention.	2026-09-15T23:23:31.000	2026-09-16T00:53:31.000
70426032	NYPD	Illegal Parking	The New York City Police Department responded to the complaint and observed no criminal violation upon their arrival. If the problem persists, please contact 311 to create another complaint. If possible, provide contact information so responding officers may reach out to you for more details. We count on New Yorkers like yourself to maintain a safe City, so please let us know if you see other conditions that require our attention.	2026-09-15T23:46:54.000	2026-09-16T00:53:31.000
70423940	NYPD	Illegal Fireworks	The New York City Police Department responded to the complaint and with the information available observed no evidence of a criminal violation at that time. If the problem persists, please contact 311 to create another complaint. If possible, provide contact information so responding officers may reach out to you for more details. If necessary, your complaint may be referred to your local precinct's special operations units (Quality of Life, etc.). We count on New Yorkers like yourself to maintain a safe City, so please let us know if you see other conditions that require our attention.	2026-09-16T00:49:40.000	2026-09-16T00:53:31.000
70431273	NYPD	Noise - Residential	The New York City Police Department responded to the complaint and with the information available observed no evidence of a criminal violation at that time. If the problem persists, please contact 311 to create another complaint. If possible, provide contact information so responding officers may reach out to you for more details. If necessary, your complaint may be referred to your local precinct's special operations units (Quality of Life, etc.). We count on New Yorkers like yourself to maintain a safe City, so please let us know if you see other conditions that require our attention.	2026-09-15T23:52:38.000	2026-09-16T00:53:30.000
70423759	NYPD	Noise - Commercial	The New York City Police Department responded to the complaint and their investigation determined that no criminal violation existed. The condition was corrected without the need to issue a summons or effect an arrest. If the problem persists, please contact 311 to create another complaint. If possible, provide contact information so responding officers may reach out to you for more details. If necessary, your complaint may be referred to your local precinct's special operations units (Quality of Life, etc.). Thank you for your attention to this matter. We count on New Yorkers like yourself to maintain a safe City, so please let us know if you see other conditions that require our attention.	2026-09-15T23:48:36.000	2026-09-16T00:53:30.000
70419975	NYPD	Illegal Parking	The New York City Police Department responded to the complaint and with the information available observed no evidence of a criminal violation at that time. If the problem persists, please contact 311 to create another complaint. If possible, provide contact information so responding officers may reach out to you for more details. If necessary, your complaint may be referred to your local precinct's special operations units (Quality of Life, etc.). We count on New Yorkers like yourself to maintain a safe City, so please let us know if you see other conditions that require our attention.	2026-09-15T23:48:57.000	2026-09-16T00:53:30.000
70428433	NYPD	Illegal Parking	The New York City Police Department responded to the complaint and observed no criminal violation upon their arrival. If the problem persists, please contact 311 to create another complaint. If possible, provide contact information so responding officers may reach out to you for more details. We count on New Yorkers like yourself to maintain a safe City, so please let us know if you see other conditions that require our attention.	2026-09-15T23:10:23.000	2026-09-16T00:53:28.000
70422179	NYPD	Noise - Residential	The New York City Police Department responded to the complaint and with the information available observed no evidence of a criminal violation at that time. If the problem persists, please contact 311 to create another complaint. If possible, provide contact information so responding officers may reach out to you for more details. If necessary, your complaint may be referred to your local precinct's special operations units (Quality of Life, etc.). We count on New Yorkers like yourself to maintain a safe City, so please let us know if you see other conditions that require our attention.	2026-09-15T23:51:54.000	2026-09-16T00:53:28.000
70422919	NYPD	Blocked Driveway	The New York City Police Department responded to the complaint and their investigation determined that a violation of law occurred. Police issued a summons in response to the complaint. Thank you for attention to this matter. We count on New Yorkers like yourself to maintain a safe City, so please let us know if you see other conditions that require our attention.	2026-09-15T22:27:19.000	2026-09-16T00:50:27.000
70429080	NYPD	Noise - Residential	The New York City Police Department responded to the complaint and their investigation determined that no criminal violation existed. The condition was corrected without the need to issue a summons or effect an arrest. If the problem persists, please contact 311 to create another complaint. If possible, provide contact information so responding officers may reach out to you for more details. If necessary, your complaint may be referred to your local precinct's special operations units (Quality of Life, etc.). Thank you for your attention to this matter. We count on New Yorkers like yourself to maintain a safe City, so please let us know if you see other conditions that require our attention.	2026-09-16T00:34:15.000	2026-09-16T00:50:24.000
70424452	NYPD	Blocked Driveway	The New York City Police Department responded to the complaint and their investigation determined that a violation of law occurred. Police issued a summons in response to the complaint. Thank you for attention to this matter. We count on New Yorkers like yourself to maintain a safe City, so please let us know if you see other conditions that require our attention.	2026-09-15T22:36:34.000	2026-09-16T00:50:15.000
70423153	NYPD	Illegal Parking	The New York City Police Department responded to the complaint and with the information available observed no evidence of a criminal violation at that time. If the problem persists, please contact 311 to create another complaint. If possible, provide contact information so responding officers may reach out to you for more details. If necessary, your complaint may be referred to your local precinct's special operations units (Quality of Life, etc.). We count on New Yorkers like yourself to maintain a safe City, so please let us know if you see other conditions that require our attention.	2026-09-15T22:54:49.000	2026-09-16T00:50:12.000
70425289	NYPD	Noise - Commercial	The New York City Police Department responded to the complaint and their investigation determined that police action was not necessary. If the problem persists, please contact 311 to create another complaint. If possible, provide contact information so responding officers may reach out to you for more details. We count on New Yorkers like yourself to maintain a safe City, so please let us know if you see other conditions that require our attention.	2026-09-15T23:44:07.000	2026-09-16T00:50:12.000
70423798	NYPD	Abandoned Vehicle	The New York City Police Department responded to the complaint and with the information available observed no evidence of a criminal violation at that time. If the problem persists, please contact 311 to create another complaint. If possible, provide contact information so responding officers may reach out to you for more details. If necessary, your complaint may be referred to your local precinct's special operations units (Quality of Life, etc.). We count on New Yorkers like yourself to maintain a safe City, so please let us know if you see other conditions that require our attention.	2026-09-15T18:49:33.000	2026-09-16T00:50:12.000
70420160	NYPD	Illegal Parking	The New York City Police Department responded to the complaint and their investigation determined that a violation of law occurred. Police issued a summons in response to the complaint. Thank you for attention to this matter. We count on New Yorkers like yourself to maintain a safe City, so please let us know if you see other conditions that require our attention.	2026-09-16T00:47:00.000	2026-09-16T00:50:12.000
70430793	NYPD	Illegal Parking	The New York City Police Department responded to the complaint and their investigation determined that a violation of law occurred. Police issued a summons in response to the complaint. Thank you for attention to this matter. We count on New Yorkers like yourself to maintain a safe City, so please let us know if you see other conditions that require our attention.	2026-09-16T00:35:14.000	2026-09-16T00:50:11.000
70427635	NYPD	Illegal Parking	The New York City Police Department responded to the complaint and their investigation determined that no criminal violation existed. The condition was corrected without the need to issue a summons or effect an arrest. If the problem persists, please contact 311 to create another complaint. If possible, provide contact information so responding officers may reach out to you for more details. If necessary, your complaint may be referred to your local precinct's special operations units (Quality of Life, etc.). Thank you for your attention to this matter. We count on New Yorkers like yourself to maintain a safe City, so please let us know if you see other conditions that require our attention.	2026-09-16T00:04:13.000	2026-09-16T00:50:11.000
70422339	NYPD	Illegal Parking	The New York City Police Department responded to the complaint and their investigation determined that no criminal violation existed. The condition was corrected without the need to issue a summons or effect an arrest. If the problem persists, please contact 311 to create another complaint. If possible, provide contact information so responding officers may reach out to you for more details. If necessary, your complaint may be referred to your local precinct's special operations units (Quality of Life, etc.). Thank you for your attention to this matter. We count on New Yorkers like yourself to maintain a safe City, so please let us know if you see other conditions that require our attention.	2026-09-16T00:22:55.000	2026-09-16T00:50:11.000
70421389	NYPD	Noise - Street/Sidewalk	The New York City Police Department responded to the complaint and their investigation determined that no criminal violation existed. The condition was corrected without the need to issue a summons or effect an arrest. If the problem persists, please contact 311 to create another complaint. If possible, provide contact information so responding officers may reach out to you for more details. If necessary, your complaint may be referred to your local precinct's special operations units (Quality of Life, etc.). Thank you for your attention to this matter. We count on New Yorkers like yourself to maintain a safe City, so please let us know if you see other conditions that require our attention.	2026-09-16T00:23:24.000	2026-09-16T00:50:11.000
70430557	NYPD	Blocked Driveway	The New York City Police Department responded to the complaint and observed no criminal violation upon their arrival. If the problem persists, please contact 311 to create another complaint. If possible, provide contact information so responding officers may reach out to you for more details. We count on New Yorkers like yourself to maintain a safe City, so please let us know if you see other conditions that require our attention.	2026-09-15T13:24:35.000	2026-09-16T00:50:10.000
70429210	NYPD	Illegal Parking	The New York City Police Department responded to the complaint and their investigation determined that a violation of law occurred. Police issued a summons in response to the complaint. Thank you for attention to this matter. We count on New Yorkers like yourself to maintain a safe City, so please let us know if you see other conditions that require our attention.	2026-09-16T00:39:29.000	2026-09-16T00:50:10.000
70426869	NYPD	Noise - Residential	The New York City Police Department responded to the complaint and their investigation determined that no criminal violation existed. The condition was corrected without the need to issue a summons or effect an arrest. If the problem persists, please contact 311 to create another complaint. If possible, provide contact information so responding officers may reach out to you for more details. If necessary, your complaint may be referred to your local precinct's special operations units (Quality of Life, etc.). Thank you for your attention to this matter. We count on New Yorkers like yourself to maintain a safe City, so please let us know if you see other conditions that require our attention.	2026-09-15T22:09:16.000	2026-09-16T00:50:09.000
70428940	NYPD	Noise - Street/Sidewalk	The New York City Police Department responded to the complaint and observed no criminal violation upon their arrival. If the problem persists, please contact 311 to create another complaint. If possible, provide contact information so responding officers may reach out to you for more details. We count on New Yorkers like yourself to maintain a safe City, so please let us know if you see other conditions that require our attention.	2026-09-15T23:55:52.000	2026-09-16T00:50:07.000
70429741	NYPD	Noise - Residential	The New York City Police Department responded to the complaint and with the information available observed no evidence of a criminal violation at that time. If the problem persists, please contact 311 to create another complaint. If possible, provide contact information so responding officers may reach out to you for more details. If necessary, your complaint may be referred to your local precinct's special operations units (Quality of Life, etc.). We count on New Yorkers like yourself to maintain a safe City, so please let us know if you see other conditions that require our attention.	2026-09-15T23:49:12.000	2026-09-16T00:50:07.000
70423034	NYPD	Illegal Parking	The New York City Police Department responded to the complaint and observed no criminal violation upon their arrival. If the problem persists, please contact 311 to create another complaint. If possible, provide contact information so responding officers may reach out to you for more details. We count on New Yorkers like yourself to maintain a safe City, so please let us know if you see other conditions that require our attention.	2026-09-15T21:39:43.000	2026-09-16T00:50:04.000
70427698	NYPD	Illegal Parking	The New York City Police Department responded to the complaint and their investigation determined that a violation of law occurred. Police issued a summons in response to the complaint. Thank you for attention to this matter. We count on New Yorkers like yourself to maintain a safe City, so please let us know if you see other conditions that require our attention.	2026-09-16T00:44:47.000	2026-09-16T00:50:03.000
70425676	DOT	Street Condition	The Department of Transportation inspected this complaint and repaired the problem.	2026-09-16T00:45:54.000	2026-09-16T00:50:00.000
70426208	NYPD	Noise - Commercial	The New York City Police Department responded to the complaint and their investigation determined that no criminal violation existed. The condition was corrected without the need to issue a summons or effect an arrest. If the problem persists, please contact 311 to create another complaint. If possible, provide contact information so responding officers may reach out to you for more details. If necessary, your complaint may be referred to your local precinct's special operations units (Quality of Life, etc.). Thank you for your attention to this matter. We count on New Yorkers like yourself to maintain a safe City, so please let us know if you see other conditions that require our attention.	2026-09-15T23:42:25.000	2026-09-16T00:47:02.000
70431499	NYPD	Noise - Residential	The New York City Police Department responded to the complaint and their investigation determined that no criminal violation existed. The condition was corrected without the need to issue a summons or effect an arrest. If the problem persists, please contact 311 to create another complaint. If possible, provide contact information so responding officers may reach out to you for more details. If necessary, your complaint may be referred to your local precinct's special operations units (Quality of Life, etc.). Thank you for your attention to this matter. We count on New Yorkers like yourself to maintain a safe City, so please let us know if you see other conditions that require our attention.	2026-09-16T00:35:59.000	2026-09-16T00:46:42.000
70421053	NYPD	Illegal Parking	The New York City Police Department responded to the complaint and their investigation determined that a violation of law occurred. Police issued a summons in response to the complaint. Thank you for attention to this matter. We count on New Yorkers like yourself to maintain a safe City, so please let us know if you see other conditions that require our attention.	2026-09-16T00:08:06.000	2026-09-16T00:46:39.000
70427640	NYPD	Blocked Driveway	The New York City Police Department responded to the complaint and their investigation determined that a violation of law occurred. Police issued a summons in response to the complaint. Thank you for attention to this matter. We count on New Yorkers like yourself to maintain a safe City, so please let us know if you see other conditions that require our attention.	2026-09-16T00:35:31.000	2026-09-16T00:46:18.000
70423150	NYPD	Drinking	The New York City Police Department responded to the complaint and with the information available observed no evidence of a criminal violation at that time. If the problem persists, please contact 311 to create another complaint. If possible, provide contact information so responding officers may reach out to you for more details. If necessary, your complaint may be referred to your local precinct's special operations units (Quality of Life, etc.). We count on New Yorkers like yourself to maintain a safe City, so please let us know if you see other conditions that require our attention.	2026-09-15T22:15:47.000	2026-09-16T00:46:09.000
70425244	NYPD	Noise - Vehicle	The New York City Police Department responded to the complaint and their investigation determined that no criminal violation existed. The condition was corrected without the need to issue a summons or effect an arrest. If the problem persists, please contact 311 to create another complaint. If possible, provide contact information so responding officers may reach out to you for more details. If necessary, your complaint may be referred to your local precinct's special operations units (Quality of Life, etc.). Thank you for your attention to this matter. We count on New Yorkers like yourself to maintain a safe City, so please let us know if you see other conditions that require our attention.	2026-09-15T23:29:59.000	2026-09-16T00:46:07.000
70425303	NYPD	Noise - Commercial	The New York City Police Department responded to the complaint and their investigation determined that no criminal violation existed. The condition was corrected without the need to issue a summons or effect an arrest. If the problem persists, please contact 311 to create another complaint. If possible, provide contact information so responding officers may reach out to you for more details. If necessary, your complaint may be referred to your local precinct's special operations units (Quality of Life, etc.). Thank you for your attention to this matter. We count on New Yorkers like yourself to maintain a safe City, so please let us know if you see other conditions that require our attention.	2026-09-15T22:13:54.000	2026-09-16T00:46:06.000
70428264	NYPD	Noise - Commercial	The New York City Police Department responded to the complaint and their investigation determined that no criminal violation existed. The condition was corrected without the need to issue a summons or effect an arrest. If the problem persists, please contact 311 to create another complaint. If possible, provide contact information so responding officers may reach out to you for more details. If necessary, your complaint may be referred to your local precinct's special operations units (Quality of Life, etc.). Thank you for your attention to this matter. We count on New Yorkers like yourself to maintain a safe City, so please let us know if you see other conditions that require our attention.	2026-09-15T21:00:05.000	2026-09-16T00:46:05.000
70423188	NYPD	Noise - Street/Sidewalk	The New York City Police Department responded to the complaint and with the information available observed no evidence of a criminal violation at that time. If the problem persists, please contact 311 to create another complaint. If possible, provide contact information so responding officers may reach out to you for more details. If necessary, your complaint may be referred to your local precinct's special operations units (Quality of Life, etc.). We count on New Yorkers like yourself to maintain a safe City, so please let us know if you see other conditions that require our attention.	2026-09-16T00:26:26.000	2026-09-16T00:45:53.000
70424675	NYPD	Illegal Parking	The New York City Police Department responded to the complaint and their investigation determined that no criminal violation existed. The condition was corrected without the need to issue a summons or effect an arrest. If the problem persists, please contact 311 to create another complaint. If possible, provide contact information so responding officers may reach out to you for more details. If necessary, your complaint may be referred to your local precinct's special operations units (Quality of Life, etc.). Thank you for your attention to this matter. We count on New Yorkers like yourself to maintain a safe City, so please let us know if you see other conditions that require our attention.	2026-09-16T00:42:07.000	2026-09-16T00:45:43.000
70423151	NYPD	Blocked Driveway	The New York City Police Department responded to the complaint and with the information available observed no evidence of a criminal violation at that time. If the problem persists, please contact 311 to create another complaint. If possible, provide contact information so responding officers may reach out to you for more details. If necessary, your complaint may be referred to your local precinct's special operations units (Quality of Life, etc.). We count on New Yorkers like yourself to maintain a safe City, so please let us know if you see other conditions that require our attention.	2026-09-15T21:06:13.000	2026-09-16T00:45:40.000
70425302	NYPD	Noise - Commercial	The New York City Police Department responded to the complaint and their investigation determined that no criminal violation existed. The condition was corrected without the need to issue a summons or effect an arrest. If the problem persists, please contact 311 to create another complaint. If possible, provide contact information so responding officers may reach out to you for more details. If necessary, your complaint may be referred to your local precinct's special operations units (Quality of Life, etc.). Thank you for your attention to this matter. We count on New Yorkers like yourself to maintain a safe City, so please let us know if you see other conditions that require our attention.	2026-09-15T22:07:38.000	2026-09-16T00:45:18.000
70427668	NYPD	Drinking	The New York City Police Department responded to the complaint and with the information available observed no evidence of a criminal violation at that time. If the problem persists, please contact 311 to create another complaint. If possible, provide contact information so responding officers may reach out to you for more details. If necessary, your complaint may be referred to your local precinct's special operations units (Quality of Life, etc.). We count on New Yorkers like yourself to maintain a safe City, so please let us know if you see other conditions that require our attention.	2026-09-15T22:03:53.000	2026-09-16T00:45:16.000
70420142	NYPD	Drinking	The New York City Police Department responded to the complaint and with the information available observed no evidence of a criminal violation at that time. If the problem persists, please contact 311 to create another complaint. If possible, provide contact information so responding officers may reach out to you for more details. If necessary, your complaint may be referred to your local precinct's special operations units (Quality of Life, etc.). We count on New Yorkers like yourself to maintain a safe City, so please let us know if you see other conditions that require our attention.	2026-09-15T22:13:14.000	2026-09-16T00:45:16.000
70421642	NYPD	Drinking	The New York City Police Department responded to the complaint and with the information available observed no evidence of a criminal violation at that time. If the problem persists, please contact 311 to create another complaint. If possible, provide contact information so responding officers may reach out to you for more details. If necessary, your complaint may be referred to your local precinct's special operations units (Quality of Life, etc.). We count on New Yorkers like yourself to maintain a safe City, so please let us know if you see other conditions that require our attention.	2026-09-15T22:02:19.000	2026-09-16T00:45:16.000
70423190	NYPD	Noise - Commercial	The New York City Police Department responded to the complaint and their investigation determined that no criminal violation existed. The condition was corrected without the need to issue a summons or effect an arrest. If the problem persists, please contact 311 to create another complaint. If possible, provide contact information so responding officers may reach out to you for more details. If necessary, your complaint may be referred to your local precinct's special operations units (Quality of Life, etc.). Thank you for your attention to this matter. We count on New Yorkers like yourself to maintain a safe City, so please let us know if you see other conditions that require our attention.	2026-09-16T00:11:54.000	2026-09-16T00:45:09.000
70423771	NYPD	Noise - Commercial	The New York City Police Department responded to the complaint and their investigation determined that no criminal violation existed. The condition was corrected without the need to issue a summons or effect an arrest. If the problem persists, please contact 311 to create another complaint. If possible, provide contact information so responding officers may reach out to you for more details. If necessary, your complaint may be referred to your local precinct's special operations units (Quality of Life, etc.). Thank you for your attention to this matter. We count on New Yorkers like yourself to maintain a safe City, so please let us know if you see other conditions that require our attention.	2026-09-15T21:57:39.000	2026-09-16T00:45:08.000
70423745	NYPD	Blocked Driveway	The New York City Police Department responded to the complaint and their investigation determined that a violation of law occurred. Police issued a summons in response to the complaint. Thank you for attention to this matter. We count on New Yorkers like yourself to maintain a safe City, so please let us know if you see other conditions that require our attention.	2026-09-16T00:35:47.000	2026-09-16T00:44:52.000
70427644	NYPD	Noise - Vehicle	The New York City Police Department responded to the complaint and their investigation determined that no criminal violation existed. The condition was corrected without the need to issue a summons or effect an arrest. If the problem persists, please contact 311 to create another complaint. If possible, provide contact information so responding officers may reach out to you for more details. If necessary, your complaint may be referred to your local precinct's special operations units (Quality of Life, etc.). Thank you for your attention to this matter. We count on New Yorkers like yourself to maintain a safe City, so please let us know if you see other conditions that require our attention.	2026-09-16T00:39:26.000	2026-09-16T00:44:51.000
70426187	NYPD	Noise - Residential	The New York City Police Department responded to the complaint and with the information available observed no evidence of a criminal violation at that time. If the problem persists, please contact 311 to create another complaint. If possible, provide contact information so responding officers may reach out to you for more details. If necessary, your complaint may be referred to your local precinct's special operations units (Quality of Life, etc.). We count on New Yorkers like yourself to maintain a safe City, so please let us know if you see other conditions that require our attention.	2026-09-15T22:39:12.000	2026-09-16T00:44:49.000
70420029	NYPD	Illegal Parking	The New York City Police Department responded to the complaint and their investigation determined that no criminal violation existed. The condition was corrected without the need to issue a summons or effect an arrest. If the problem persists, please contact 311 to create another complaint. If possible, provide contact information so responding officers may reach out to you for more details. If necessary, your complaint may be referred to your local precinct's special operations units (Quality of Life, etc.). Thank you for your attention to this matter. We count on New Yorkers like yourself to maintain a safe City, so please let us know if you see other conditions that require our attention.	2026-09-15T22:43:47.000	2026-09-16T00:44:25.000
70429933	NYPD	Noise - Residential	The New York City Police Department responded to the complaint but officers were unable to gain entry into the premises. If the problem persists, please contact 311 to create another complaint and ensure that contact information (e.g., buzzer number, phone number, etc.) is available to assist the responding officers in gaining entry to properly investigate the complaint.  We count on New Yorkers like yourself to maintain a safe City, so please let us know if you see other conditions that require our attention.	2026-09-16T00:34:26.000	2026-09-16T00:44:18.000
70430729	NYPD	Illegal Parking	The New York City Police Department responded to the complaint and their investigation determined that no criminal violation existed. The condition was corrected without the need to issue a summons or effect an arrest. If the problem persists, please contact 311 to create another complaint. If possible, provide contact information so responding officers may reach out to you for more details. If necessary, your complaint may be referred to your local precinct's special operations units (Quality of Life, etc.). Thank you for your attention to this matter. We count on New Yorkers like yourself to maintain a safe City, so please let us know if you see other conditions that require our attention.	2026-09-16T00:32:24.000	2026-09-16T00:44:18.000
70422194	NYPD	Animal-Abuse	The New York City Police Department responded to the complaint but officers were unable to gain entry into the premises. If the problem persists, please contact 311 to create another complaint and ensure that contact information (e.g., buzzer number, phone number, etc.) is available to assist the responding officers in gaining entry to properly investigate the complaint.  We count on New Yorkers like yourself to maintain a safe City, so please let us know if you see other conditions that require our attention.	2026-09-15T23:43:22.000	2026-09-16T00:44:18.000
70421627	NYPD	Noise - Street/Sidewalk	The New York City Police Department responded to the complaint and their investigation determined that no criminal violation existed. The condition was corrected without the need to issue a summons or effect an arrest. If the problem persists, please contact 311 to create another complaint. If possible, provide contact information so responding officers may reach out to you for more details. If necessary, your complaint may be referred to your local precinct's special operations units (Quality of Life, etc.). Thank you for your attention to this matter. We count on New Yorkers like yourself to maintain a safe City, so please let us know if you see other conditions that require our attention.	2026-09-16T00:28:11.000	2026-09-16T00:44:18.000
70424736	NYPD	Noise - Residential	The New York City Police Department responded to the complaint and observed no criminal violation upon their arrival. If the problem persists, please contact 311 to create another complaint. If possible, provide contact information so responding officers may reach out to you for more details. We count on New Yorkers like yourself to maintain a safe City, so please let us know if you see other conditions that require our attention.	2026-09-15T23:21:42.000	2026-09-16T00:44:17.000
70422280	NYPD	Noise - Vehicle	The New York City Police Department responded to the complaint and their investigation determined that police action was not necessary. If the problem persists, please contact 311 to create another complaint. If possible, provide contact information so responding officers may reach out to you for more details. We count on New Yorkers like yourself to maintain a safe City, so please let us know if you see other conditions that require our attention.	2026-09-16T00:27:18.000	2026-09-16T00:43:50.000
70429806	NYPD	Drug Activity	The New York City Police Department responded to the complaint and their investigation determined that police action was not necessary. If the problem persists, please contact 311 to create another complaint. If possible, provide contact information so responding officers may reach out to you for more details. We count on New Yorkers like yourself to maintain a safe City, so please let us know if you see other conditions that require our attention.	2026-09-16T00:29:59.000	2026-09-16T00:43:36.000
70420860	NYPD	Noise - Street/Sidewalk	The New York City Police Department responded to the complaint and with the information available observed no evidence of a criminal violation at that time. If the problem persists, please contact 311 to create another complaint. If possible, provide contact information so responding officers may reach out to you for more details. If necessary, your complaint may be referred to your local precinct's special operations units (Quality of Life, etc.). We count on New Yorkers like yourself to maintain a safe City, so please let us know if you see other conditions that require our attention.	2026-09-15T22:12:18.000	2026-09-16T00:43:33.000
70422273	NYPD	Noise - Residential	The New York City Police Department responded to the complaint and their investigation determined that police action was not necessary. If the problem persists, please contact 311 to create another complaint. If possible, provide contact information so responding officers may reach out to you for more details. We count on New Yorkers like yourself to maintain a safe City, so please let us know if you see other conditions that require our attention.	2026-09-16T00:30:17.000	2026-09-16T00:43:21.000
70422472	DHS	Encampment	The Department of Homeless Services (DHS) outreach team attempted to engage the individuals at the reported location. DHS is coordinating with their agency partners. They will determine the best course of action. Your service request has been closed.	2026-09-15T09:02:35.000	2026-09-16T00:43:08.000
70425342	NYPD	Noise - House of Worship	The New York City Police Department responded to the complaint and their investigation determined that police action was not necessary. If the problem persists, please contact 311 to create another complaint. If possible, provide contact information so responding officers may reach out to you for more details. We count on New Yorkers like yourself to maintain a safe City, so please let us know if you see other conditions that require our attention.	2026-09-16T00:30:37.000	2026-09-16T00:43:06.000
70431393	NYPD	Traffic	The New York City Police Department responded to the complaint and their investigation determined that police action was not necessary. If the problem persists, please contact 311 to create another complaint. If possible, provide contact information so responding officers may reach out to you for more details. We count on New Yorkers like yourself to maintain a safe City, so please let us know if you see other conditions that require our attention.	2026-09-16T00:31:43.000	2026-09-16T00:42:55.000
70423818	NYPD	Noise - Vehicle	The New York City Police Department responded to the complaint and their investigation determined that police action was not necessary. If the problem persists, please contact 311 to create another complaint. If possible, provide contact information so responding officers may reach out to you for more details. We count on New Yorkers like yourself to maintain a safe City, so please let us know if you see other conditions that require our attention.	2026-09-16T00:32:54.000	2026-09-16T00:42:42.000
70429809	NYPD	Noise - Park	The New York City Police Department responded to the complaint and their investigation determined that no criminal violation existed. The condition was corrected without the need to issue a summons or effect an arrest. If the problem persists, please contact 311 to create another complaint. If possible, provide contact information so responding officers may reach out to you for more details. If necessary, your complaint may be referred to your local precinct's special operations units (Quality of Life, etc.). Thank you for your attention to this matter. We count on New Yorkers like yourself to maintain a safe City, so please let us know if you see other conditions that require our attention.	2026-09-15T22:59:58.000	2026-09-16T00:41:17.000
70430768	NYPD	Illegal Parking	The New York City Police Department responded to the complaint and their investigation determined that a violation of law occurred. Police issued a summons in response to the complaint. Thank you for attention to this matter. We count on New Yorkers like yourself to maintain a safe City, so please let us know if you see other conditions that require our attention.	2026-09-15T23:33:32.000	2026-09-16T00:41:15.000
70430558	NYPD	Illegal Parking	The New York City Police Department responded to the complaint and their investigation determined that no criminal violation existed. The condition was corrected without the need to issue a summons or effect an arrest. If the problem persists, please contact 311 to create another complaint. If possible, provide contact information so responding officers may reach out to you for more details. If necessary, your complaint may be referred to your local precinct's special operations units (Quality of Life, etc.). Thank you for your attention to this matter. We count on New Yorkers like yourself to maintain a safe City, so please let us know if you see other conditions that require our attention.	2026-09-15T19:33:18.000	2026-09-16T00:41:02.000
70429136	NYPD	Noise - Commercial	The New York City Police Department responded to the complaint and their investigation determined that no criminal violation existed. The condition was corrected without the need to issue a summons or effect an arrest. If the problem persists, please contact 311 to create another complaint. If possible, provide contact information so responding officers may reach out to you for more details. If necessary, your complaint may be referred to your local precinct's special operations units (Quality of Life, etc.). Thank you for your attention to this matter. We count on New Yorkers like yourself to maintain a safe City, so please let us know if you see other conditions that require our attention.	2026-09-15T23:44:00.000	2026-09-16T00:40:55.000
70425946	NYPD	Non-Emergency Police Matter	The New York City Police Department responded to the complaint and a report was prepared as part of their investigation. Thank you for attention to this matter. We count on New Yorkers like yourself to maintain a safe City, so please let us know if you see other conditions that require our attention.	2026-09-15T23:02:33.000	2026-09-16T00:40:54.000
70429849	NYPD	Blocked Driveway	The New York City Police Department responded to the complaint and observed no criminal violation upon their arrival. If the problem persists, please contact 311 to create another complaint. If possible, provide contact information so responding officers may reach out to you for more details. We count on New Yorkers like yourself to maintain a safe City, so please let us know if you see other conditions that require our attention.	2026-09-15T22:55:32.000	2026-09-16T00:40:53.000
70430789	NYPD	Encampment	The New York City Police Department responded to the complaint and with the information available observed no evidence of a criminal violation at that time. If the problem persists, please contact 311 to create another complaint. If possible, provide contact information so responding officers may reach out to you for more details. If necessary, your complaint may be referred to your local precinct's special operations units (Quality of Life, etc.). We count on New Yorkers like yourself to maintain a safe City, so please let us know if you see other conditions that require our attention.	2026-09-15T15:19:39.000	2026-09-16T00:40:53.000
70429786	NYPD	Noise - Street/Sidewalk	The New York City Police Department responded to the complaint and with the information available observed no evidence of a criminal violation at that time. If the problem persists, please contact 311 to create another complaint. If possible, provide contact information so responding officers may reach out to you for more details. If necessary, your complaint may be referred to your local precinct's special operations units (Quality of Life, etc.). We count on New Yorkers like yourself to maintain a safe City, so please let us know if you see other conditions that require our attention.	2026-09-16T00:02:36.000	2026-09-16T00:40:53.000
70421599	NYPD	Noise - Street/Sidewalk	The New York City Police Department responded to the complaint and their investigation determined that no criminal violation existed. The condition was corrected without the need to issue a summons or effect an arrest. If the problem persists, please contact 311 to create another complaint. If possible, provide contact information so responding officers may reach out to you for more details. If necessary, your complaint may be referred to your local precinct's special operations units (Quality of Life, etc.). Thank you for your attention to this matter. We count on New Yorkers like yourself to maintain a safe City, so please let us know if you see other conditions that require our attention.	2026-09-16T00:22:09.000	2026-09-16T00:40:53.000
70420089	NYPD	Noise - Commercial	The New York City Police Department responded to the complaint and their investigation determined that no criminal violation existed. The condition was corrected without the need to issue a summons or effect an arrest. If the problem persists, please contact 311 to create another complaint. If possible, provide contact information so responding officers may reach out to you for more details. If necessary, your complaint may be referred to your local precinct's special operations units (Quality of Life, etc.). Thank you for your attention to this matter. We count on New Yorkers like yourself to maintain a safe City, so please let us know if you see other conditions that require our attention.	2026-09-15T23:48:34.000	2026-09-16T00:40:53.000
70422348	NYPD	Illegal Parking	The Police Department reviewed your complaint and provided additional information below.	2026-09-15T22:11:35.000	2026-09-16T00:40:52.000
70427633	NYPD	Illegal Parking	The New York City Police Department responded to the complaint and their investigation determined that a violation of law occurred. Police issued a summons in response to the complaint. Thank you for attention to this matter. We count on New Yorkers like yourself to maintain a safe City, so please let us know if you see other conditions that require our attention.	2026-09-16T00:18:29.000	2026-09-16T00:40:51.000
70425288	NYPD	Noise - Residential	The New York City Police Department responded to the complaint and with the information available observed no evidence of a criminal violation at that time. If the problem persists, please contact 311 to create another complaint. If possible, provide contact information so responding officers may reach out to you for more details. If necessary, your complaint may be referred to your local precinct's special operations units (Quality of Life, etc.). We count on New Yorkers like yourself to maintain a safe City, so please let us know if you see other conditions that require our attention.	2026-09-15T23:19:20.000	2026-09-16T00:40:51.000
70420011	NYPD	Noise - Street/Sidewalk	The New York City Police Department responded to the complaint and their investigation determined that no criminal violation existed. The condition was corrected without the need to issue a summons or effect an arrest. If the problem persists, please contact 311 to create another complaint. If possible, provide contact information so responding officers may reach out to you for more details. If necessary, your complaint may be referred to your local precinct's special operations units (Quality of Life, etc.). Thank you for your attention to this matter. We count on New Yorkers like yourself to maintain a safe City, so please let us know if you see other conditions that require our attention.	2026-09-16T00:07:42.000	2026-09-16T00:40:51.000
70422349	NYPD	Illegal Parking	The Police Department reviewed your complaint and provided additional information below.	2026-09-15T22:31:22.000	2026-09-16T00:40:50.000
70423023	NYPD	Noise - Street/Sidewalk	The New York City Police Department responded to the complaint and their investigation determined that no criminal violation existed. The condition was corrected without the need to issue a summons or effect an arrest. If the problem persists, please contact 311 to create another complaint. If possible, provide contact information so responding officers may reach out to you for more details. If necessary, your complaint may be referred to your local precinct's special operations units (Quality of Life, etc.). Thank you for your attention to this matter. We count on New Yorkers like yourself to maintain a safe City, so please let us know if you see other conditions that require our attention.	2026-09-16T00:05:13.000	2026-09-16T00:40:50.000
70424536	NYPD	Illegal Parking	The New York City Police Department responded to the complaint and their investigation determined that no criminal violation existed. The condition was corrected without the need to issue a summons or effect an arrest. If the problem persists, please contact 311 to create another complaint. If possible, provide contact information so responding officers may reach out to you for more details. If necessary, your complaint may be referred to your local precinct's special operations units (Quality of Life, etc.). Thank you for your attention to this matter. We count on New Yorkers like yourself to maintain a safe City, so please let us know if you see other conditions that require our attention.	2026-09-15T21:23:19.000	2026-09-16T00:38:05.000
70427377	NYPD	Drug Activity	The New York City Police Department responded to the complaint and their investigation determined that no criminal violation existed. The condition was corrected without the need to issue a summons or effect an arrest. If the problem persists, please contact 311 to create another complaint. If possible, provide contact information so responding officers may reach out to you for more details. If necessary, your complaint may be referred to your local precinct's special operations units (Quality of Life, etc.). Thank you for your attention to this matter. We count on New Yorkers like yourself to maintain a safe City, so please let us know if you see other conditions that require our attention.	2026-09-16T00:34:04.000	2026-09-16T00:38:04.000
70427476	NYPD	Noise - Residential	The New York City Police Department responded to the complaint and with the information available observed no evidence of a criminal violation at that time. If the problem persists, please contact 311 to create another complaint. If possible, provide contact information so responding officers may reach out to you for more details. If necessary, your complaint may be referred to your local precinct's special operations units (Quality of Life, etc.). We count on New Yorkers like yourself to maintain a safe City, so please let us know if you see other conditions that require our attention.	2026-09-15T19:13:46.000	2026-09-16T00:38:04.000
70427483	NYPD	Blocked Driveway	The New York City Police Department responded to the complaint and their investigation determined that no criminal violation existed. The condition was corrected without the need to issue a summons or effect an arrest. If the problem persists, please contact 311 to create another complaint. If possible, provide contact information so responding officers may reach out to you for more details. If necessary, your complaint may be referred to your local precinct's special operations units (Quality of Life, etc.). Thank you for your attention to this matter. We count on New Yorkers like yourself to maintain a safe City, so please let us know if you see other conditions that require our attention.	2026-09-15T10:44:45.000	2026-09-16T00:38:03.000
70429205	NYPD	Encampment	The New York City Police Department responded to the complaint and observed no encampment at the noted location. If the problem persists, please contact 311 to create another complaint. If possible, provide contact information so responding officers may reach out to you for more details. We count on New Yorkers like yourself to maintain a safe City, so please let us know if you see other conditions that require our attention.	2026-09-15T15:49:14.000	2026-09-16T00:38:03.000
70428406	NYPD	Noise - Residential	The New York City Police Department responded to the complaint and their investigation determined that no criminal violation existed. The condition was corrected without the need to issue a summons or effect an arrest. If the problem persists, please contact 311 to create another complaint. If possible, provide contact information so responding officers may reach out to you for more details. If necessary, your complaint may be referred to your local precinct's special operations units (Quality of Life, etc.). Thank you for your attention to this matter. We count on New Yorkers like yourself to maintain a safe City, so please let us know if you see other conditions that require our attention.	2026-09-16T00:02:33.000	2026-09-16T00:37:58.000
70429705	NYPD	Noise - Residential	The New York City Police Department responded to the complaint and their investigation determined that no criminal violation existed. The condition was corrected without the need to issue a summons or effect an arrest. If the problem persists, please contact 311 to create another complaint. If possible, provide contact information so responding officers may reach out to you for more details. If necessary, your complaint may be referred to your local precinct's special operations units (Quality of Life, etc.). Thank you for your attention to this matter. We count on New Yorkers like yourself to maintain a safe City, so please let us know if you see other conditions that require our attention.	2026-09-15T22:54:43.000	2026-09-16T00:37:58.000
70420839	NYPD	Noise - Residential	The New York City Police Department responded to the complaint and their investigation determined that no criminal violation existed. The condition was corrected without the need to issue a summons or effect an arrest. If the problem persists, please contact 311 to create another complaint. If possible, provide contact information so responding officers may reach out to you for more details. If necessary, your complaint may be referred to your local precinct's special operations units (Quality of Life, etc.). Thank you for your attention to this matter. We count on New Yorkers like yourself to maintain a safe City, so please let us know if you see other conditions that require our attention.	2026-09-16T00:22:19.000	2026-09-16T00:37:58.000
70421423	NYPD	Illegal Parking	The New York City Police Department responded to the complaint and observed no criminal violation upon their arrival. If the problem persists, please contact 311 to create another complaint. If possible, provide contact information so responding officers may reach out to you for more details. We count on New Yorkers like yourself to maintain a safe City, so please let us know if you see other conditions that require our attention.	2026-09-16T00:09:19.000	2026-09-16T00:37:58.000
70422433	NYPD	Noise - Residential	The New York City Police Department responded to the complaint and with the information available observed no evidence of a criminal violation at that time. If the problem persists, please contact 311 to create another complaint. If possible, provide contact information so responding officers may reach out to you for more details. If necessary, your complaint may be referred to your local precinct's special operations units (Quality of Life, etc.). We count on New Yorkers like yourself to maintain a safe City, so please let us know if you see other conditions that require our attention.	2026-09-15T23:23:27.000	2026-09-16T00:37:58.000
70423882	NYPD	Noise - Commercial	The New York City Police Department responded to the complaint and their investigation determined that no criminal violation existed. The condition was corrected without the need to issue a summons or effect an arrest. If the problem persists, please contact 311 to create another complaint. If possible, provide contact information so responding officers may reach out to you for more details. If necessary, your complaint may be referred to your local precinct's special operations units (Quality of Life, etc.). Thank you for your attention to this matter. We count on New Yorkers like yourself to maintain a safe City, so please let us know if you see other conditions that require our attention.	2026-09-15T22:50:39.000	2026-09-16T00:37:57.000
70422434	NYPD	Noise - Residential	The New York City Police Department responded to the complaint and with the information available observed no evidence of a criminal violation at that time. If the problem persists, please contact 311 to create another complaint. If possible, provide contact information so responding officers may reach out to you for more details. If necessary, your complaint may be referred to your local precinct's special operations units (Quality of Life, etc.). We count on New Yorkers like yourself to maintain a safe City, so please let us know if you see other conditions that require our attention.	2026-09-15T23:58:28.000	2026-09-16T00:37:57.000
70427700	NYPD	Noise - Street/Sidewalk	The New York City Police Department responded to the complaint and with the information available observed no evidence of a criminal violation at that time. If the problem persists, please contact 311 to create another complaint. If possible, provide contact information so responding officers may reach out to you for more details. If necessary, your complaint may be referred to your local precinct's special operations units (Quality of Life, etc.). We count on New Yorkers like yourself to maintain a safe City, so please let us know if you see other conditions that require our attention.	2026-09-16T00:19:49.000	2026-09-16T00:37:20.000
70422442	NYPD	Blocked Driveway	The New York City Police Department responded to the complaint and with the information available observed no evidence of a criminal violation at that time. If the problem persists, please contact 311 to create another complaint. If possible, provide contact information so responding officers may reach out to you for more details. If necessary, your complaint may be referred to your local precinct's special operations units (Quality of Life, etc.). We count on New Yorkers like yourself to maintain a safe City, so please let us know if you see other conditions that require our attention.	2026-09-15T22:06:37.000	2026-09-16T00:36:36.000
70427699	NYPD	Drug Activity	The New York City Police Department responded to the complaint and with the information available observed no evidence of a criminal violation at that time. If the problem persists, please contact 311 to create another complaint. If possible, provide contact information so responding officers may reach out to you for more details. If necessary, your complaint may be referred to your local precinct's special operations units (Quality of Life, etc.). We count on New Yorkers like yourself to maintain a safe City, so please let us know if you see other conditions that require our attention.	2026-09-16T00:03:32.000	2026-09-16T00:35:51.000
69757979	DOHMH	Food Establishment	The NYC Health Department has responded to your service request.  Restaurant inspection information can be found online at www.nyc.gov/health/abceats. This service request has been closed.	2026-07-18T00:08:36.000	2026-09-16T00:35:28.000
70424729	NYPD	Illegal Parking	The New York City Police Department responded to the complaint and their investigation determined that police action was not necessary. If the problem persists, please contact 311 to create another complaint. If possible, provide contact information so responding officers may reach out to you for more details. We count on New Yorkers like yourself to maintain a safe City, so please let us know if you see other conditions that require our attention.	2026-09-16T00:18:15.000	2026-09-16T00:34:56.000
70422872	NYPD	Noise - Street/Sidewalk	The New York City Police Department responded to the complaint and their investigation determined that a violation of law occurred. Police issued a summons in response to the complaint. Thank you for attention to this matter. We count on New Yorkers like yourself to maintain a safe City, so please let us know if you see other conditions that require our attention.	2026-09-15T23:47:11.000	2026-09-16T00:34:46.000
70426026	NYPD	Noise - Commercial	The New York City Police Department responded to the complaint and their investigation determined that police action was not necessary. If the problem persists, please contact 311 to create another complaint. If possible, provide contact information so responding officers may reach out to you for more details. We count on New Yorkers like yourself to maintain a safe City, so please let us know if you see other conditions that require our attention.	2026-09-16T00:04:46.000	2026-09-16T00:34:36.000
70420031	NYPD	Illegal Parking	The New York City Police Department responded to the complaint and observed no criminal violation upon their arrival. If the problem persists, please contact 311 to create another complaint. If possible, provide contact information so responding officers may reach out to you for more details. We count on New Yorkers like yourself to maintain a safe City, so please let us know if you see other conditions that require our attention.	2026-09-15T23:34:14.000	2026-09-16T00:34:33.000
70424529	NYPD	Noise - Commercial	The New York City Police Department responded to the complaint and their investigation determined that police action was not necessary. If the problem persists, please contact 311 to create another complaint. If possible, provide contact information so responding officers may reach out to you for more details. We count on New Yorkers like yourself to maintain a safe City, so please let us know if you see other conditions that require our attention.	2026-09-15T23:43:10.000	2026-09-16T00:34:30.000
70426985	NYPD	Noise - Street/Sidewalk	The New York City Police Department responded to the complaint and their investigation determined that no criminal violation existed. The condition was corrected without the need to issue a summons or effect an arrest. If the problem persists, please contact 311 to create another complaint. If possible, provide contact information so responding officers may reach out to you for more details. If necessary, your complaint may be referred to your local precinct's special operations units (Quality of Life, etc.). Thank you for your attention to this matter. We count on New Yorkers like yourself to maintain a safe City, so please let us know if you see other conditions that require our attention.	2026-09-15T19:42:13.000	2026-09-16T00:34:30.000
70421461	NYPD	Noise - Commercial	The New York City Police Department responded to the complaint and their investigation determined that police action was not necessary. If the problem persists, please contact 311 to create another complaint. If possible, provide contact information so responding officers may reach out to you for more details. We count on New Yorkers like yourself to maintain a safe City, so please let us know if you see other conditions that require our attention.	2026-09-15T23:34:17.000	2026-09-16T00:34:29.000
70425421	NYPD	Traffic	The New York City Police Department responded to the complaint and with the information available observed no evidence of a criminal violation at that time. If the problem persists, please contact 311 to create another complaint. If possible, provide contact information so responding officers may reach out to you for more details. If necessary, your complaint may be referred to your local precinct's special operations units (Quality of Life, etc.). We count on New Yorkers like yourself to maintain a safe City, so please let us know if you see other conditions that require our attention.	2026-09-15T22:04:23.000	2026-09-16T00:34:29.000
70419965	NYPD	Noise - Commercial	The New York City Police Department responded to the complaint and their investigation determined that police action was not necessary. If the problem persists, please contact 311 to create another complaint. If possible, provide contact information so responding officers may reach out to you for more details. We count on New Yorkers like yourself to maintain a safe City, so please let us know if you see other conditions that require our attention.	2026-09-15T23:21:55.000	2026-09-16T00:34:29.000
70424650	NYPD	Noise - Commercial	The New York City Police Department responded to the complaint and their investigation determined that no criminal violation existed. The condition was corrected without the need to issue a summons or effect an arrest. If the problem persists, please contact 311 to create another complaint. If possible, provide contact information so responding officers may reach out to you for more details. If necessary, your complaint may be referred to your local precinct's special operations units (Quality of Life, etc.). Thank you for your attention to this matter. We count on New Yorkers like yourself to maintain a safe City, so please let us know if you see other conditions that require our attention.	2026-09-15T23:27:28.000	2026-09-16T00:34:29.000
70426776	NYPD	Noise - Commercial	The New York City Police Department responded to the complaint and their investigation determined that no criminal violation existed. The condition was corrected without the need to issue a summons or effect an arrest. If the problem persists, please contact 311 to create another complaint. If possible, provide contact information so responding officers may reach out to you for more details. If necessary, your complaint may be referred to your local precinct's special operations units (Quality of Life, etc.). Thank you for your attention to this matter. We count on New Yorkers like yourself to maintain a safe City, so please let us know if you see other conditions that require our attention.	2026-09-15T21:08:43.000	2026-09-16T00:34:29.000
70429156	NYPD	Blocked Driveway	The New York City Police Department responded to the complaint and their investigation determined that a violation of law occurred. Police issued a summons in response to the complaint. Thank you for attention to this matter. We count on New Yorkers like yourself to maintain a safe City, so please let us know if you see other conditions that require our attention.	2026-09-16T00:03:34.000	2026-09-16T00:34:29.000
70420799	NYPD	Traffic	The New York City Police Department responded to the complaint and with the information available observed no evidence of a criminal violation at that time. If the problem persists, please contact 311 to create another complaint. If possible, provide contact information so responding officers may reach out to you for more details. If necessary, your complaint may be referred to your local precinct's special operations units (Quality of Life, etc.). We count on New Yorkers like yourself to maintain a safe City, so please let us know if you see other conditions that require our attention.	2026-09-15T22:20:19.000	2026-09-16T00:34:28.000
70421466	NYPD	Noise - Vehicle	The New York City Police Department responded to the complaint and their investigation determined that police action was not necessary. If the problem persists, please contact 311 to create another complaint. If possible, provide contact information so responding officers may reach out to you for more details. We count on New Yorkers like yourself to maintain a safe City, so please let us know if you see other conditions that require our attention.	2026-09-15T21:57:14.000	2026-09-16T00:34:28.000
70425938	NYPD	Noise - Street/Sidewalk	The New York City Police Department responded to the complaint and their investigation determined that a violation of law occurred. Police made an arrest in response to the complaint. Thank you for attention to this matter. We count on New Yorkers like yourself to maintain a safe City, so please let us know if you see other conditions that require our attention.	2026-09-15T23:54:18.000	2026-09-16T00:34:28.000
70427475	NYPD	Noise - Street/Sidewalk	The New York City Police Department responded to the complaint and with the information available observed no evidence of a criminal violation at that time. If the problem persists, please contact 311 to create another complaint. If possible, provide contact information so responding officers may reach out to you for more details. If necessary, your complaint may be referred to your local precinct's special operations units (Quality of Life, etc.). We count on New Yorkers like yourself to maintain a safe City, so please let us know if you see other conditions that require our attention.	2026-09-15T22:48:26.000	2026-09-16T00:34:28.000
70428217	NYPD	Illegal Parking	The New York City Police Department responded to the complaint and their investigation determined that a violation of law occurred. Police issued a summons in response to the complaint. Thank you for attention to this matter. We count on New Yorkers like yourself to maintain a safe City, so please let us know if you see other conditions that require our attention.	2026-09-15T19:52:47.000	2026-09-16T00:34:05.000
70428477	NYPD	Noise - Residential	The New York City Police Department responded to the complaint but officers were unable to gain entry into the premises. If the problem persists, please contact 311 to create another complaint and ensure that contact information (e.g., buzzer number, phone number, etc.) is available to assist the responding officers in gaining entry to properly investigate the complaint.  We count on New Yorkers like yourself to maintain a safe City, so please let us know if you see other conditions that require our attention.	2026-09-15T23:49:34.000	2026-09-16T00:33:02.000
70429200	NYPD	Bike/Roller/Skate	The New York City Police Department responded to the complaint and with the information available observed no evidence of a criminal violation at that time. If the problem persists, please contact 311 to create another complaint. If possible, provide contact information so responding officers may reach out to you for more details. If necessary, your complaint may be referred to your local precinct's special operations units (Quality of Life, etc.). We count on New Yorkers like yourself to maintain a safe City, so please let us know if you see other conditions that require our attention.	2026-09-15T17:25:47.000	2026-09-16T00:31:27.000
70428295	NYPD	Illegal Parking	The New York City Police Department responded to the complaint and observed no criminal violation upon their arrival. If the problem persists, please contact 311 to create another complaint. If possible, provide contact information so responding officers may reach out to you for more details. We count on New Yorkers like yourself to maintain a safe City, so please let us know if you see other conditions that require our attention.	2026-09-16T00:23:05.000	2026-09-16T00:31:12.000
70423029	NYPD	Blocked Driveway	The New York City Police Department responded to the complaint and observed no criminal violation upon their arrival. If the problem persists, please contact 311 to create another complaint. If possible, provide contact information so responding officers may reach out to you for more details. We count on New Yorkers like yourself to maintain a safe City, so please let us know if you see other conditions that require our attention.	2026-09-15T23:49:13.000	2026-09-16T00:31:04.000
70424717	NYPD	Illegal Parking	The New York City Police Department responded to the complaint and observed no criminal violation upon their arrival. If the problem persists, please contact 311 to create another complaint. If possible, provide contact information so responding officers may reach out to you for more details. We count on New Yorkers like yourself to maintain a safe City, so please let us know if you see other conditions that require our attention.	2026-09-15T22:03:15.000	2026-09-16T00:31:04.000
70419879	NYPD	Noise - Residential	The New York City Police Department responded to the complaint and their investigation determined that no criminal violation existed. The condition was corrected without the need to issue a summons or effect an arrest. If the problem persists, please contact 311 to create another complaint. If possible, provide contact information so responding officers may reach out to you for more details. If necessary, your complaint may be referred to your local precinct's special operations units (Quality of Life, etc.). Thank you for your attention to this matter. We count on New Yorkers like yourself to maintain a safe City, so please let us know if you see other conditions that require our attention.	2026-09-15T22:18:32.000	2026-09-16T00:31:03.000
70425493	NYPD	Illegal Parking	The New York City Police Department responded to the complaint and observed no criminal violation upon their arrival. If the problem persists, please contact 311 to create another complaint. If possible, provide contact information so responding officers may reach out to you for more details. We count on New Yorkers like yourself to maintain a safe City, so please let us know if you see other conditions that require our attention.	2026-09-15T23:39:43.000	2026-09-16T00:31:02.000
70424526	NYPD	Noise - Street/Sidewalk	The New York City Police Department responded to the complaint and their investigation determined that police action was not necessary. If the problem persists, please contact 311 to create another complaint. If possible, provide contact information so responding officers may reach out to you for more details. We count on New Yorkers like yourself to maintain a safe City, so please let us know if you see other conditions that require our attention.	2026-09-15T21:04:32.000	2026-09-16T00:31:02.000
70429026	NYPD	Noise - Residential	The New York City Police Department responded to the complaint and their investigation determined that police action was not necessary. If the problem persists, please contact 311 to create another complaint. If possible, provide contact information so responding officers may reach out to you for more details. We count on New Yorkers like yourself to maintain a safe City, so please let us know if you see other conditions that require our attention.	2026-09-15T18:35:40.000	2026-09-16T00:31:02.000
70429847	NYPD	Blocked Driveway	The New York City Police Department responded to the complaint and their investigation determined that a violation of law occurred. Police issued a summons in response to the complaint. Thank you for attention to this matter. We count on New Yorkers like yourself to maintain a safe City, so please let us know if you see other conditions that require our attention.	2026-09-15T20:39:59.000	2026-09-16T00:31:02.000
70425942	NYPD	Noise - Residential	The New York City Police Department responded to the complaint and their investigation determined that no criminal violation existed. The condition was corrected without the need to issue a summons or effect an arrest. If the problem persists, please contact 311 to create another complaint. If possible, provide contact information so responding officers may reach out to you for more details. If necessary, your complaint may be referred to your local precinct's special operations units (Quality of Life, etc.). Thank you for your attention to this matter. We count on New Yorkers like yourself to maintain a safe City, so please let us know if you see other conditions that require our attention.	2026-09-15T23:33:57.000	2026-09-16T00:31:01.000
70429030	NYPD	Illegal Parking	The New York City Police Department responded to the complaint and observed no criminal violation upon their arrival. If the problem persists, please contact 311 to create another complaint. If possible, provide contact information so responding officers may reach out to you for more details. We count on New Yorkers like yourself to maintain a safe City, so please let us know if you see other conditions that require our attention.	2026-09-15T17:20:54.000	2026-09-16T00:31:01.000
70429166	NYPD	Illegal Parking	The New York City Police Department responded to the complaint and observed no criminal violation upon their arrival. If the problem persists, please contact 311 to create another complaint. If possible, provide contact information so responding officers may reach out to you for more details. We count on New Yorkers like yourself to maintain a safe City, so please let us know if you see other conditions that require our attention.	2026-09-15T23:52:08.000	2026-09-16T00:31:01.000
70427380	NYPD	Noise - Residential	The New York City Police Department responded to the complaint and their investigation determined that no criminal violation existed. The condition was corrected without the need to issue a summons or effect an arrest. If the problem persists, please contact 311 to create another complaint. If possible, provide contact information so responding officers may reach out to you for more details. If necessary, your complaint may be referred to your local precinct's special operations units (Quality of Life, etc.). Thank you for your attention to this matter. We count on New Yorkers like yourself to maintain a safe City, so please let us know if you see other conditions that require our attention.	2026-09-15T22:10:23.000	2026-09-16T00:31:01.000
70430449	NYPD	Noise - Residential	The New York City Police Department responded to the complaint and their investigation determined that no criminal violation existed. The condition was corrected without the need to issue a summons or effect an arrest. If the problem persists, please contact 311 to create another complaint. If possible, provide contact information so responding officers may reach out to you for more details. If necessary, your complaint may be referred to your local precinct's special operations units (Quality of Life, etc.). Thank you for your attention to this matter. We count on New Yorkers like yourself to maintain a safe City, so please let us know if you see other conditions that require our attention.	2026-09-15T23:39:07.000	2026-09-16T00:31:01.000
70429982	NYPD	Noise - Street/Sidewalk	The New York City Police Department responded to the complaint and observed no criminal violation upon their arrival. If the problem persists, please contact 311 to create another complaint. If possible, provide contact information so responding officers may reach out to you for more details. We count on New Yorkers like yourself to maintain a safe City, so please let us know if you see other conditions that require our attention.	2026-09-15T23:50:07.000	2026-09-16T00:31:01.000
70425257	NYPD	Noise - Residential	The New York City Police Department responded to the complaint and their investigation determined that no criminal violation existed. The condition was corrected without the need to issue a summons or effect an arrest. If the problem persists, please contact 311 to create another complaint. If possible, provide contact information so responding officers may reach out to you for more details. If necessary, your complaint may be referred to your local precinct's special operations units (Quality of Life, etc.). Thank you for your attention to this matter. We count on New Yorkers like yourself to maintain a safe City, so please let us know if you see other conditions that require our attention.	2026-09-15T23:15:07.000	2026-09-16T00:29:00.000
70420904	NYPD	Noise - Street/Sidewalk	The New York City Police Department responded to the complaint and their investigation determined that no criminal violation existed. The condition was corrected without the need to issue a summons or effect an arrest. If the problem persists, please contact 311 to create another complaint. If possible, provide contact information so responding officers may reach out to you for more details. If necessary, your complaint may be referred to your local precinct's special operations units (Quality of Life, etc.). Thank you for your attention to this matter. We count on New Yorkers like yourself to maintain a safe City, so please let us know if you see other conditions that require our attention.	2026-09-15T23:30:35.000	2026-09-16T00:28:13.000
70430555	NYPD	Noise - Residential	The New York City Police Department responded to the complaint and their investigation determined that police action was not necessary. If the problem persists, please contact 311 to create another complaint. If possible, provide contact information so responding officers may reach out to you for more details. We count on New Yorkers like yourself to maintain a safe City, so please let us know if you see other conditions that require our attention.	2026-09-15T20:16:26.000	2026-09-16T00:27:58.000
70423107	NYPD	Noise - Street/Sidewalk	The New York City Police Department responded to the complaint and with the information available observed no evidence of a criminal violation at that time. If the problem persists, please contact 311 to create another complaint. If possible, provide contact information so responding officers may reach out to you for more details. If necessary, your complaint may be referred to your local precinct's special operations units (Quality of Life, etc.). We count on New Yorkers like yourself to maintain a safe City, so please let us know if you see other conditions that require our attention.	2026-09-15T21:25:21.000	2026-09-16T00:27:56.000
70425433	NYPD	Illegal Parking	The New York City Police Department responded to the complaint and their investigation determined that no criminal violation existed. The condition was corrected without the need to issue a summons or effect an arrest. If the problem persists, please contact 311 to create another complaint. If possible, provide contact information so responding officers may reach out to you for more details. If necessary, your complaint may be referred to your local precinct's special operations units (Quality of Life, etc.). Thank you for your attention to this matter. We count on New Yorkers like yourself to maintain a safe City, so please let us know if you see other conditions that require our attention.	2026-09-15T17:44:20.000	2026-09-16T00:27:45.000
70429872	NYPD	Noise - Residential	The New York City Police Department responded to the complaint and with the information available observed no evidence of a criminal violation at that time. If the problem persists, please contact 311 to create another complaint. If possible, provide contact information so responding officers may reach out to you for more details. If necessary, your complaint may be referred to your local precinct's special operations units (Quality of Life, etc.). We count on New Yorkers like yourself to maintain a safe City, so please let us know if you see other conditions that require our attention.	2026-09-15T22:41:10.000	2026-09-16T00:27:40.000
70423883	NYPD	Illegal Parking	The New York City Police Department responded to the complaint and their investigation determined that no criminal violation existed. The condition was corrected without the need to issue a summons or effect an arrest. If the problem persists, please contact 311 to create another complaint. If possible, provide contact information so responding officers may reach out to you for more details. If necessary, your complaint may be referred to your local precinct's special operations units (Quality of Life, etc.). Thank you for your attention to this matter. We count on New Yorkers like yourself to maintain a safe City, so please let us know if you see other conditions that require our attention.	2026-09-15T17:36:18.000	2026-09-16T00:27:39.000
70420837	NYPD	Graffiti	The New York City Police Department responded to the complaint and with the information available observed no evidence of a criminal violation at that time. If the problem persists, please contact 311 to create another complaint. If possible, provide contact information so responding officers may reach out to you for more details. If necessary, your complaint may be referred to your local precinct's special operations units (Quality of Life, etc.). We count on New Yorkers like yourself to maintain a safe City, so please let us know if you see other conditions that require our attention.	2026-09-15T21:51:56.000	2026-09-16T00:27:38.000
70425290	NYPD	Panhandling	The New York City Police Department responded to the complaint and their investigation determined that no criminal violation existed. The condition was corrected without the need to issue a summons or effect an arrest. If the problem persists, please contact 311 to create another complaint. If possible, provide contact information so responding officers may reach out to you for more details. If necessary, your complaint may be referred to your local precinct's special operations units (Quality of Life, etc.). Thank you for your attention to this matter. We count on New Yorkers like yourself to maintain a safe City, so please let us know if you see other conditions that require our attention.	2026-09-15T23:14:05.000	2026-09-16T00:27:38.000
70424531	NYPD	Blocked Driveway	The New York City Police Department responded to the complaint and their investigation determined that no criminal violation existed. The condition was corrected without the need to issue a summons or effect an arrest. If the problem persists, please contact 311 to create another complaint. If possible, provide contact information so responding officers may reach out to you for more details. If necessary, your complaint may be referred to your local precinct's special operations units (Quality of Life, etc.). Thank you for your attention to this matter. We count on New Yorkers like yourself to maintain a safe City, so please let us know if you see other conditions that require our attention.	2026-09-15T04:03:18.000	2026-09-16T00:27:38.000
70430562	NYPD	Illegal Parking	The New York City Police Department responded to the complaint and their investigation determined that no criminal violation existed. The condition was corrected without the need to issue a summons or effect an arrest. If the problem persists, please contact 311 to create another complaint. If possible, provide contact information so responding officers may reach out to you for more details. If necessary, your complaint may be referred to your local precinct's special operations units (Quality of Life, etc.). Thank you for your attention to this matter. We count on New Yorkers like yourself to maintain a safe City, so please let us know if you see other conditions that require our attention.	2026-09-15T10:15:37.000	2026-09-16T00:27:38.000
70429991	NYPD	Illegal Parking	The New York City Police Department responded to the complaint and their investigation determined that no criminal violation existed. The condition was corrected without the need to issue a summons or effect an arrest. If the problem persists, please contact 311 to create another complaint. If possible, provide contact information so responding officers may reach out to you for more details. If necessary, your complaint may be referred to your local precinct's special operations units (Quality of Life, etc.). Thank you for your attention to this matter. We count on New Yorkers like yourself to maintain a safe City, so please let us know if you see other conditions that require our attention.	2026-09-15T19:22:21.000	2026-09-16T00:27:38.000
70427490	NYPD	Illegal Parking	The New York City Police Department responded to the complaint and their investigation determined that no criminal violation existed. The condition was corrected without the need to issue a summons or effect an arrest. If the problem persists, please contact 311 to create another complaint. If possible, provide contact information so responding officers may reach out to you for more details. If necessary, your complaint may be referred to your local precinct's special operations units (Quality of Life, etc.). Thank you for your attention to this matter. We count on New Yorkers like yourself to maintain a safe City, so please let us know if you see other conditions that require our attention.	2026-09-15T10:58:52.000	2026-09-16T00:27:38.000
70427448	NYPD	Illegal Parking	The New York City Police Department responded to the complaint and observed no criminal violation upon their arrival. If the problem persists, please contact 311 to create another complaint. If possible, provide contact information so responding officers may reach out to you for more details. We count on New Yorkers like yourself to maintain a safe City, so please let us know if you see other conditions that require our attention.	2026-09-15T23:35:09.000	2026-09-16T00:27:38.000
70427512	NYPD	Noise - Residential	The New York City Police Department responded to the complaint and with the information available observed no evidence of a criminal violation at that time. If the problem persists, please contact 311 to create another complaint. If possible, provide contact information so responding officers may reach out to you for more details. If necessary, your complaint may be referred to your local precinct's special operations units (Quality of Life, etc.). We count on New Yorkers like yourself to maintain a safe City, so please let us know if you see other conditions that require our attention.	2026-09-15T22:24:57.000	2026-09-16T00:27:38.000
70429984	NYPD	Noise - Residential	The New York City Police Department responded to the complaint and with the information available observed no evidence of a criminal violation at that time. If the problem persists, please contact 311 to create another complaint. If possible, provide contact information so responding officers may reach out to you for more details. If necessary, your complaint may be referred to your local precinct's special operations units (Quality of Life, etc.). We count on New Yorkers like yourself to maintain a safe City, so please let us know if you see other conditions that require our attention.	2026-09-15T23:30:42.000	2026-09-16T00:27:38.000
70428936	NYPD	Illegal Parking	The New York City Police Department responded to the complaint and their investigation determined that no criminal violation existed. The condition was corrected without the need to issue a summons or effect an arrest. If the problem persists, please contact 311 to create another complaint. If possible, provide contact information so responding officers may reach out to you for more details. If necessary, your complaint may be referred to your local precinct's special operations units (Quality of Life, etc.). Thank you for your attention to this matter. We count on New Yorkers like yourself to maintain a safe City, so please let us know if you see other conditions that require our attention.	2026-09-15T22:56:39.000	2026-09-16T00:27:38.000
70431508	NYPD	Noise - Street/Sidewalk	The New York City Police Department responded to the complaint and with the information available observed no evidence of a criminal violation at that time. If the problem persists, please contact 311 to create another complaint. If possible, provide contact information so responding officers may reach out to you for more details. If necessary, your complaint may be referred to your local precinct's special operations units (Quality of Life, etc.). We count on New Yorkers like yourself to maintain a safe City, so please let us know if you see other conditions that require our attention.	2026-09-15T23:10:09.000	2026-09-16T00:27:19.000
70420731	NYPD	Noise - Vehicle	The New York City Police Department responded to the complaint and their investigation determined that police action was not necessary. If the problem persists, please contact 311 to create another complaint. If possible, provide contact information so responding officers may reach out to you for more details. We count on New Yorkers like yourself to maintain a safe City, so please let us know if you see other conditions that require our attention.	2026-09-16T00:25:06.000	2026-09-16T00:26:53.000
70425355	NYPD	Noise - Vehicle	The New York City Police Department responded to the complaint and their investigation determined that police action was not necessary. If the problem persists, please contact 311 to create another complaint. If possible, provide contact information so responding officers may reach out to you for more details. We count on New Yorkers like yourself to maintain a safe City, so please let us know if you see other conditions that require our attention.	2026-09-16T00:26:18.000	2026-09-16T00:26:41.000
70420732	NYPD	Noise - Vehicle	The New York City Police Department responded to the complaint and their investigation determined that police action was not necessary. If the problem persists, please contact 311 to create another complaint. If possible, provide contact information so responding officers may reach out to you for more details. We count on New Yorkers like yourself to maintain a safe City, so please let us know if you see other conditions that require our attention.	2026-09-15T23:27:40.000	2026-09-16T00:25:57.000
70423811	NYPD	Noise - Vehicle	The New York City Police Department responded to the complaint and their investigation determined that police action was not necessary. If the problem persists, please contact 311 to create another complaint. If possible, provide contact information so responding officers may reach out to you for more details. We count on New Yorkers like yourself to maintain a safe City, so please let us know if you see other conditions that require our attention.	2026-09-15T23:28:53.000	2026-09-16T00:25:37.000
70422285	NYPD	Noise - Vehicle	The New York City Police Department responded to the complaint and their investigation determined that police action was not necessary. If the problem persists, please contact 311 to create another complaint. If possible, provide contact information so responding officers may reach out to you for more details. We count on New Yorkers like yourself to maintain a safe City, so please let us know if you see other conditions that require our attention.	2026-09-15T23:36:50.000	2026-09-16T00:25:25.000
70422289	NYPD	Noise - Vehicle	The New York City Police Department responded to the complaint and their investigation determined that police action was not necessary. If the problem persists, please contact 311 to create another complaint. If possible, provide contact information so responding officers may reach out to you for more details. We count on New Yorkers like yourself to maintain a safe City, so please let us know if you see other conditions that require our attention.	2026-09-15T23:37:05.000	2026-09-16T00:25:08.000
70425339	NYPD	Drug Activity	The New York City Police Department responded to the complaint and their investigation determined that police action was not necessary. If the problem persists, please contact 311 to create another complaint. If possible, provide contact information so responding officers may reach out to you for more details. We count on New Yorkers like yourself to maintain a safe City, so please let us know if you see other conditions that require our attention.	2026-09-15T23:40:38.000	2026-09-16T00:24:56.000
70425491	NYPD	Noise - Commercial	The New York City Police Department responded to the complaint and observed no criminal violation upon their arrival. If the problem persists, please contact 311 to create another complaint. If possible, provide contact information so responding officers may reach out to you for more details. We count on New Yorkers like yourself to maintain a safe City, so please let us know if you see other conditions that require our attention.	2026-09-15T22:20:37.000	2026-09-16T00:24:47.000
70431372	NYPD	Noise - Residential	The New York City Police Department responded to the complaint and their investigation determined that police action was not necessary. If the problem persists, please contact 311 to create another complaint. If possible, provide contact information so responding officers may reach out to you for more details. We count on New Yorkers like yourself to maintain a safe City, so please let us know if you see other conditions that require our attention.	2026-09-15T23:40:57.000	2026-09-16T00:24:40.000
70424740	NYPD	Illegal Parking	The New York City Police Department responded to the complaint and observed no criminal violation upon their arrival. If the problem persists, please contact 311 to create another complaint. If possible, provide contact information so responding officers may reach out to you for more details. We count on New Yorkers like yourself to maintain a safe City, so please let us know if you see other conditions that require our attention.	2026-09-15T16:47:37.000	2026-09-16T00:24:35.000
70426937	NYPD	Noise - Street/Sidewalk	The New York City Police Department responded to the complaint and observed no criminal violation upon their arrival. If the problem persists, please contact 311 to create another complaint. If possible, provide contact information so responding officers may reach out to you for more details. We count on New Yorkers like yourself to maintain a safe City, so please let us know if you see other conditions that require our attention.	2026-09-15T21:39:47.000	2026-09-16T00:24:32.000
70422276	NYPD	Noise - House of Worship	The New York City Police Department responded to the complaint and their investigation determined that police action was not necessary. If the problem persists, please contact 311 to create another complaint. If possible, provide contact information so responding officers may reach out to you for more details. We count on New Yorkers like yourself to maintain a safe City, so please let us know if you see other conditions that require our attention.	2026-09-15T23:41:24.000	2026-09-16T00:24:28.000
70420740	NYPD	Traffic	The New York City Police Department responded to the complaint and their investigation determined that police action was not necessary. If the problem persists, please contact 311 to create another complaint. If possible, provide contact information so responding officers may reach out to you for more details. We count on New Yorkers like yourself to maintain a safe City, so please let us know if you see other conditions that require our attention.	2026-09-15T23:44:56.000	2026-09-16T00:24:17.000
70422366	NYPD	Illegal Parking	The New York City Police Department responded to the complaint and their investigation determined that no criminal violation existed. The condition was corrected without the need to issue a summons or effect an arrest. If the problem persists, please contact 311 to create another complaint. If possible, provide contact information so responding officers may reach out to you for more details. If necessary, your complaint may be referred to your local precinct's special operations units (Quality of Life, etc.). Thank you for your attention to this matter. We count on New Yorkers like yourself to maintain a safe City, so please let us know if you see other conditions that require our attention.	2026-09-15T17:58:16.000	2026-09-16T00:24:14.000
70416860	NYPD	Illegal Parking	The New York City Police Department responded to the complaint and observed no criminal violation upon their arrival. If the problem persists, please contact 311 to create another complaint. If possible, provide contact information so responding officers may reach out to you for more details. We count on New Yorkers like yourself to maintain a safe City, so please let us know if you see other conditions that require our attention.	2026-09-14T22:38:12.000	2026-09-16T00:24:07.000
70423816	NYPD	Noise - Vehicle	The New York City Police Department responded to the complaint and their investigation determined that police action was not necessary. If the problem persists, please contact 311 to create another complaint. If possible, provide contact information so responding officers may reach out to you for more details. We count on New Yorkers like yourself to maintain a safe City, so please let us know if you see other conditions that require our attention.	2026-09-15T23:45:10.000	2026-09-16T00:24:06.000
70420726	NYPD	Noise - Vehicle	The New York City Police Department responded to the complaint and their investigation determined that police action was not necessary. If the problem persists, please contact 311 to create another complaint. If possible, provide contact information so responding officers may reach out to you for more details. We count on New Yorkers like yourself to maintain a safe City, so please let us know if you see other conditions that require our attention.	2026-09-15T23:47:38.000	2026-09-16T00:23:51.000
70420908	NYPD	Noise - Street/Sidewalk	The New York City Police Department responded to the complaint and observed no criminal violation upon their arrival. If the problem persists, please contact 311 to create another complaint. If possible, provide contact information so responding officers may reach out to you for more details. We count on New Yorkers like yourself to maintain a safe City, so please let us know if you see other conditions that require our attention.	2026-09-15T21:13:17.000	2026-09-16T00:23:45.000
70425468	NYPD	Illegal Parking	The New York City Police Department responded to the complaint and their investigation determined that a violation of law occurred. Police issued a summons in response to the complaint. Thank you for attention to this matter. We count on New Yorkers like yourself to maintain a safe City, so please let us know if you see other conditions that require our attention.	2026-09-15T23:17:29.000	2026-09-16T00:23:41.000
70420717	NYPD	Drug Activity	The New York City Police Department responded to the complaint and their investigation determined that police action was not necessary. If the problem persists, please contact 311 to create another complaint. If possible, provide contact information so responding officers may reach out to you for more details. We count on New Yorkers like yourself to maintain a safe City, so please let us know if you see other conditions that require our attention.	2026-09-15T23:56:48.000	2026-09-16T00:23:40.000
70429910	NYPD	Illegal Parking	The New York City Police Department responded to the complaint and their investigation determined that a violation of law occurred. Police issued a summons in response to the complaint. Thank you for attention to this matter. We count on New Yorkers like yourself to maintain a safe City, so please let us know if you see other conditions that require our attention.	2026-09-15T23:13:15.000	2026-09-16T00:23:38.000
70427694	NYPD	Illegal Parking	The New York City Police Department responded to the complaint and observed no criminal violation upon their arrival. If the problem persists, please contact 311 to create another complaint. If possible, provide contact information so responding officers may reach out to you for more details. We count on New Yorkers like yourself to maintain a safe City, so please let us know if you see other conditions that require our attention.	2026-09-15T17:12:08.000	2026-09-16T00:23:32.000
70420721	NYPD	Noise - Residential	The New York City Police Department responded to the complaint and their investigation determined that police action was not necessary. If the problem persists, please contact 311 to create another complaint. If possible, provide contact information so responding officers may reach out to you for more details. We count on New Yorkers like yourself to maintain a safe City, so please let us know if you see other conditions that require our attention.	2026-09-15T23:57:01.000	2026-09-16T00:23:27.000
70424409	NYPD	Noise - Residential	The New York City Police Department responded to the complaint and with the information available observed no evidence of a criminal violation at that time. If the problem persists, please contact 311 to create another complaint. If possible, provide contact information so responding officers may reach out to you for more details. If necessary, your complaint may be referred to your local precinct's special operations units (Quality of Life, etc.). We count on New Yorkers like yourself to maintain a safe City, so please let us know if you see other conditions that require our attention.	2026-09-15T20:35:35.000	2026-09-16T00:23:25.000
70426222	NYPD	Illegal Parking	The New York City Police Department responded to the complaint and observed no criminal violation upon their arrival. If the problem persists, please contact 311 to create another complaint. If possible, provide contact information so responding officers may reach out to you for more details. We count on New Yorkers like yourself to maintain a safe City, so please let us know if you see other conditions that require our attention.	2026-09-15T17:04:12.000	2026-09-16T00:23:21.000
70426094	NYPD	Noise - Residential	The New York City Police Department responded to the complaint and their investigation determined that no criminal violation existed. The condition was corrected without the need to issue a summons or effect an arrest. If the problem persists, please contact 311 to create another complaint. If possible, provide contact information so responding officers may reach out to you for more details. If necessary, your complaint may be referred to your local precinct's special operations units (Quality of Life, etc.). Thank you for your attention to this matter. We count on New Yorkers like yourself to maintain a safe City, so please let us know if you see other conditions that require our attention.	2026-09-15T23:56:24.000	2026-09-16T00:23:17.000
70431375	NYPD	Noise - House of Worship	The New York City Police Department responded to the complaint and their investigation determined that police action was not necessary. If the problem persists, please contact 311 to create another complaint. If possible, provide contact information so responding officers may reach out to you for more details. We count on New Yorkers like yourself to maintain a safe City, so please let us know if you see other conditions that require our attention.	2026-09-15T23:57:15.000	2026-09-16T00:23:15.000
70415381	NYPD	Blocked Driveway	The New York City Police Department responded to the complaint and observed no criminal violation upon their arrival. If the problem persists, please contact 311 to create another complaint. If possible, provide contact information so responding officers may reach out to you for more details. We count on New Yorkers like yourself to maintain a safe City, so please let us know if you see other conditions that require our attention.	2026-09-14T21:28:58.000	2026-09-16T00:23:13.000
70429812	NYPD	Noise - Vehicle	The New York City Police Department responded to the complaint and their investigation determined that police action was not necessary. If the problem persists, please contact 311 to create another complaint. If possible, provide contact information so responding officers may reach out to you for more details. We count on New Yorkers like yourself to maintain a safe City, so please let us know if you see other conditions that require our attention.	2026-09-15T23:58:32.000	2026-09-16T00:23:04.000
70429873	NYPD	Blocked Driveway	The New York City Police Department responded to the complaint and with the information available observed no evidence of a criminal violation at that time. If the problem persists, please contact 311 to create another complaint. If possible, provide contact information so responding officers may reach out to you for more details. If necessary, your complaint may be referred to your local precinct's special operations units (Quality of Life, etc.). We count on New Yorkers like yourself to maintain a safe City, so please let us know if you see other conditions that require our attention.	2026-09-15T21:32:31.000	2026-09-16T00:22:57.000
70419974	NYPD	Illegal Parking	The New York City Police Department responded to the complaint and observed no criminal violation upon their arrival. If the problem persists, please contact 311 to create another complaint. If possible, provide contact information so responding officers may reach out to you for more details. We count on New Yorkers like yourself to maintain a safe City, so please let us know if you see other conditions that require our attention.	2026-09-16T00:06:54.000	2026-09-16T00:22:56.000
70421424	NYPD	Noise - Street/Sidewalk	The New York City Police Department responded to the complaint and observed no criminal violation upon their arrival. If the problem persists, please contact 311 to create another complaint. If possible, provide contact information so responding officers may reach out to you for more details. We count on New Yorkers like yourself to maintain a safe City, so please let us know if you see other conditions that require our attention.	2026-09-16T00:06:04.000	2026-09-16T00:22:55.000
70407663	NYPD	Illegal Parking	The New York City Police Department responded to the complaint and observed no criminal violation upon their arrival. If the problem persists, please contact 311 to create another complaint. If possible, provide contact information so responding officers may reach out to you for more details. We count on New Yorkers like yourself to maintain a safe City, so please let us know if you see other conditions that require our attention.	2026-09-15T00:11:21.000	2026-09-16T00:22:53.000
70428313	NYPD	Traffic	The New York City Police Department responded to the complaint and their investigation determined that police action was not necessary. If the problem persists, please contact 311 to create another complaint. If possible, provide contact information so responding officers may reach out to you for more details. We count on New Yorkers like yourself to maintain a safe City, so please let us know if you see other conditions that require our attention.	2026-09-15T23:59:44.000	2026-09-16T00:22:50.000
70424660	NYPD	Animal-Abuse	The New York City Police Department responded to the complaint and with the information available observed no evidence of a criminal violation at that time. If the problem persists, please contact 311 to create another complaint. If possible, provide contact information so responding officers may reach out to you for more details. If necessary, your complaint may be referred to your local precinct's special operations units (Quality of Life, etc.). We count on New Yorkers like yourself to maintain a safe City, so please let us know if you see other conditions that require our attention.	2026-09-15T23:49:57.000	2026-09-16T00:22:42.000
70423820	NYPD	Noise - Vehicle	The New York City Police Department responded to the complaint and their investigation determined that police action was not necessary. If the problem persists, please contact 311 to create another complaint. If possible, provide contact information so responding officers may reach out to you for more details. We count on New Yorkers like yourself to maintain a safe City, so please let us know if you see other conditions that require our attention.	2026-09-16T00:01:01.000	2026-09-16T00:22:27.000
70423039	NYPD	Illegal Parking	The New York City Police Department responded to the complaint and observed no criminal violation upon their arrival. If the problem persists, please contact 311 to create another complaint. If possible, provide contact information so responding officers may reach out to you for more details. We count on New Yorkers like yourself to maintain a safe City, so please let us know if you see other conditions that require our attention.	2026-09-15T21:38:09.000	2026-09-16T00:22:26.000
70428466	NYPD	Noise - Commercial	The New York City Police Department responded to the complaint and with the information available observed no evidence of a criminal violation at that time. If the problem persists, please contact 311 to create another complaint. If possible, provide contact information so responding officers may reach out to you for more details. If necessary, your complaint may be referred to your local precinct's special operations units (Quality of Life, etc.). We count on New Yorkers like yourself to maintain a safe City, so please let us know if you see other conditions that require our attention.	2026-09-15T22:45:43.000	2026-09-16T00:22:15.000
70423804	NYPD	Noise - Residential	The New York City Police Department responded to the complaint and their investigation determined that police action was not necessary. If the problem persists, please contact 311 to create another complaint. If possible, provide contact information so responding officers may reach out to you for more details. We count on New Yorkers like yourself to maintain a safe City, so please let us know if you see other conditions that require our attention.	2026-09-16T00:11:35.000	2026-09-16T00:22:07.000
70428361	NYPD	Abandoned Vehicle	Your complaint has been received but does not fall under the jurisdiction of the New York City Police Department.  Please contact your local precinct for more information, including which City agency your request was referred to. We count on New Yorkers like yourself to maintain a safe City, so please let us know if you see other conditions that require our attention.	2026-09-15T10:39:31.000	2026-09-16T00:21:59.000
70429807	NYPD	Drug Activity	The New York City Police Department responded to the complaint and their investigation determined that police action was not necessary. If the problem persists, please contact 311 to create another complaint. If possible, provide contact information so responding officers may reach out to you for more details. We count on New Yorkers like yourself to maintain a safe City, so please let us know if you see other conditions that require our attention.	2026-09-16T00:11:49.000	2026-09-16T00:21:55.000
70423981	NYPD	Noise - Commercial	The New York City Police Department responded to the complaint and with the information available observed no evidence of a criminal violation at that time. If the problem persists, please contact 311 to create another complaint. If possible, provide contact information so responding officers may reach out to you for more details. If necessary, your complaint may be referred to your local precinct's special operations units (Quality of Life, etc.). We count on New Yorkers like yourself to maintain a safe City, so please let us know if you see other conditions that require our attention.	2026-09-15T22:51:55.000	2026-09-16T00:21:52.000
70428472	NYPD	Non-Emergency Police Matter	The New York City Police Department responded to the complaint and their investigation determined that no criminal violation existed. The condition was corrected without the need to issue a summons or effect an arrest. If the problem persists, please contact 311 to create another complaint. If possible, provide contact information so responding officers may reach out to you for more details. If necessary, your complaint may be referred to your local precinct's special operations units (Quality of Life, etc.). Thank you for your attention to this matter. We count on New Yorkers like yourself to maintain a safe City, so please let us know if you see other conditions that require our attention.	2026-09-15T23:13:55.000	2026-09-16T00:21:52.000
70425479	NYPD	Noise - Street/Sidewalk	The New York City Police Department responded to the complaint and observed no criminal violation upon their arrival. If the problem persists, please contact 311 to create another complaint. If possible, provide contact information so responding officers may reach out to you for more details. We count on New Yorkers like yourself to maintain a safe City, so please let us know if you see other conditions that require our attention.	2026-09-15T19:44:27.000	2026-09-16T00:21:49.000
70426073	NYPD	Noise - Residential	The New York City Police Department responded to the complaint and their investigation determined that no criminal violation existed. The condition was corrected without the need to issue a summons or effect an arrest. If the problem persists, please contact 311 to create another complaint. If possible, provide contact information so responding officers may reach out to you for more details. If necessary, your complaint may be referred to your local precinct's special operations units (Quality of Life, etc.). Thank you for your attention to this matter. We count on New Yorkers like yourself to maintain a safe City, so please let us know if you see other conditions that require our attention.	2026-09-16T00:10:27.000	2026-09-16T00:21:37.000
70429810	NYPD	Noise - House of Worship	The New York City Police Department responded to the complaint and their investigation determined that police action was not necessary. If the problem persists, please contact 311 to create another complaint. If possible, provide contact information so responding officers may reach out to you for more details. We count on New Yorkers like yourself to maintain a safe City, so please let us know if you see other conditions that require our attention.	2026-09-16T00:13:00.000	2026-09-16T00:21:36.000
70426025	NYPD	Abandoned Vehicle	The New York City Police Department responded to the complaint and their investigation determined that no criminal violation existed. The condition was corrected without the need to issue a summons or effect an arrest. If the problem persists, please contact 311 to create another complaint. If possible, provide contact information so responding officers may reach out to you for more details. If necessary, your complaint may be referred to your local precinct's special operations units (Quality of Life, etc.). Thank you for your attention to this matter. We count on New Yorkers like yourself to maintain a safe City, so please let us know if you see other conditions that require our attention.	2026-09-15T23:34:37.000	2026-09-16T00:21:35.000
70422294	NYPD	Noise - Vehicle	The New York City Police Department responded to the complaint and their investigation determined that police action was not necessary. If the problem persists, please contact 311 to create another complaint. If possible, provide contact information so responding officers may reach out to you for more details. We count on New Yorkers like yourself to maintain a safe City, so please let us know if you see other conditions that require our attention.	2026-09-16T00:15:37.000	2026-09-16T00:21:26.000
70424461	NYPD	Illegal Parking	The New York City Police Department responded to the complaint and observed no criminal violation upon their arrival. If the problem persists, please contact 311 to create another complaint. If possible, provide contact information so responding officers may reach out to you for more details. We count on New Yorkers like yourself to maintain a safe City, so please let us know if you see other conditions that require our attention.	2026-09-15T23:24:29.000	2026-09-16T00:21:25.000
70421441	NYPD	Noise - Vehicle	The New York City Police Department responded to the complaint and with the information available observed no evidence of a criminal violation at that time. If the problem persists, please contact 311 to create another complaint. If possible, provide contact information so responding officers may reach out to you for more details. If necessary, your complaint may be referred to your local precinct's special operations units (Quality of Life, etc.). We count on New Yorkers like yourself to maintain a safe City, so please let us know if you see other conditions that require our attention.	2026-09-15T23:33:14.000	2026-09-16T00:21:22.000
70422290	NYPD	Noise - Vehicle	The New York City Police Department responded to the complaint and their investigation determined that police action was not necessary. If the problem persists, please contact 311 to create another complaint. If possible, provide contact information so responding officers may reach out to you for more details. We count on New Yorkers like yourself to maintain a safe City, so please let us know if you see other conditions that require our attention.	2026-09-16T00:20:38.000	2026-09-16T00:21:13.000
70430488	NYPD	Noise - Commercial	The New York City Police Department responded to the complaint and their investigation determined that no criminal violation existed. The condition was corrected without the need to issue a summons or effect an arrest. If the problem persists, please contact 311 to create another complaint. If possible, provide contact information so responding officers may reach out to you for more details. If necessary, your complaint may be referred to your local precinct's special operations units (Quality of Life, etc.). Thank you for your attention to this matter. We count on New Yorkers like yourself to maintain a safe City, so please let us know if you see other conditions that require our attention.	2026-09-15T21:09:49.000	2026-09-16T00:21:10.000
70424444	NYPD	Illegal Parking	The New York City Police Department responded to the complaint and observed no criminal violation upon their arrival. If the problem persists, please contact 311 to create another complaint. If possible, provide contact information so responding officers may reach out to you for more details. We count on New Yorkers like yourself to maintain a safe City, so please let us know if you see other conditions that require our attention.	2026-09-15T20:29:06.000	2026-09-16T00:21:00.000
70426827	NYPD	Noise - Vehicle	The New York City Police Department responded to the complaint and their investigation determined that police action was not necessary. If the problem persists, please contact 311 to create another complaint. If possible, provide contact information so responding officers may reach out to you for more details. We count on New Yorkers like yourself to maintain a safe City, so please let us know if you see other conditions that require our attention.	2026-09-16T00:20:26.000	2026-09-16T00:20:59.000
70425461	NYPD	Noise - Street/Sidewalk	The New York City Police Department responded to the complaint and with the information available observed no evidence of a criminal violation at that time. If the problem persists, please contact 311 to create another complaint. If possible, provide contact information so responding officers may reach out to you for more details. If necessary, your complaint may be referred to your local precinct's special operations units (Quality of Life, etc.). We count on New Yorkers like yourself to maintain a safe City, so please let us know if you see other conditions that require our attention.	2026-09-15T22:59:20.000	2026-09-16T00:20:44.000
70428314	NYPD	Traffic	The New York City Police Department responded to the complaint and their investigation determined that police action was not necessary. If the problem persists, please contact 311 to create another complaint. If possible, provide contact information so responding officers may reach out to you for more details. We count on New Yorkers like yourself to maintain a safe City, so please let us know if you see other conditions that require our attention.	2026-09-16T00:16:40.000	2026-09-16T00:20:43.000
70429025	NYPD	Noise - Vehicle	The New York City Police Department responded to the complaint and observed no criminal violation upon their arrival. If the problem persists, please contact 311 to create another complaint. If possible, provide contact information so responding officers may reach out to you for more details. We count on New Yorkers like yourself to maintain a safe City, so please let us know if you see other conditions that require our attention.	2026-09-15T23:50:05.000	2026-09-16T00:20:42.000
70423943	NYPD	Illegal Parking	The New York City Police Department responded to the complaint and their investigation determined that a violation of law occurred. Police issued a summons in response to the complaint. Thank you for attention to this matter. We count on New Yorkers like yourself to maintain a safe City, so please let us know if you see other conditions that require our attention.	2026-09-15T10:47:03.000	2026-09-16T00:20:41.000
70428489	NYPD	Noise - Street/Sidewalk	The New York City Police Department responded to the complaint and with the information available observed no evidence of a criminal violation at that time. If the problem persists, please contact 311 to create another complaint. If possible, provide contact information so responding officers may reach out to you for more details. If necessary, your complaint may be referred to your local precinct's special operations units (Quality of Life, etc.). We count on New Yorkers like yourself to maintain a safe City, so please let us know if you see other conditions that require our attention.	2026-09-15T18:19:26.000	2026-09-16T00:20:31.000
70420776	NYPD	Illegal Parking	The New York City Police Department responded to the complaint and their investigation determined that police action was not necessary. If the problem persists, please contact 311 to create another complaint. If possible, provide contact information so responding officers may reach out to you for more details. We count on New Yorkers like yourself to maintain a safe City, so please let us know if you see other conditions that require our attention.	2026-09-15T21:04:46.000	2026-09-16T00:20:30.000
70422917	NYPD	Noise - Residential	The New York City Police Department responded to the complaint and their investigation determined that no criminal violation existed. The condition was corrected without the need to issue a summons or effect an arrest. If the problem persists, please contact 311 to create another complaint. If possible, provide contact information so responding officers may reach out to you for more details. If necessary, your complaint may be referred to your local precinct's special operations units (Quality of Life, etc.). Thank you for your attention to this matter. We count on New Yorkers like yourself to maintain a safe City, so please let us know if you see other conditions that require our attention.	2026-09-15T22:38:25.000	2026-09-16T00:20:20.000
70425352	NYPD	Noise - Vehicle	The New York City Police Department responded to the complaint and their investigation determined that police action was not necessary. If the problem persists, please contact 311 to create another complaint. If possible, provide contact information so responding officers may reach out to you for more details. We count on New Yorkers like yourself to maintain a safe City, so please let us know if you see other conditions that require our attention.	2026-09-16T00:17:44.000	2026-09-16T00:20:19.000
70431290	NYPD	Noise - Residential	The New York City Police Department responded to the complaint and with the information available observed no evidence of a criminal violation at that time. If the problem persists, please contact 311 to create another complaint. If possible, provide contact information so responding officers may reach out to you for more details. If necessary, your complaint may be referred to your local precinct's special operations units (Quality of Life, etc.). We count on New Yorkers like yourself to maintain a safe City, so please let us know if you see other conditions that require our attention.	2026-09-15T20:15:55.000	2026-09-16T00:20:18.000
70419969	NYPD	Noise - Vehicle	The New York City Police Department responded to the complaint and observed no criminal violation upon their arrival. If the problem persists, please contact 311 to create another complaint. If possible, provide contact information so responding officers may reach out to you for more details. We count on New Yorkers like yourself to maintain a safe City, so please let us know if you see other conditions that require our attention.	2026-09-15T20:57:01.000	2026-09-16T00:20:15.000
70420769	NYPD	Blocked Driveway	The New York City Police Department responded to the complaint and their investigation determined that a violation of law occurred. Police issued a summons in response to the complaint. Thank you for attention to this matter. We count on New Yorkers like yourself to maintain a safe City, so please let us know if you see other conditions that require our attention.	2026-09-15T21:01:57.000	2026-09-16T00:20:14.000
70422877	NYPD	Noise - Residential	The New York City Police Department responded to the complaint but officers were unable to gain entry into the premises. If the problem persists, please contact 311 to create another complaint and ensure that contact information (e.g., buzzer number, phone number, etc.) is available to assist the responding officers in gaining entry to properly investigate the complaint.  We count on New Yorkers like yourself to maintain a safe City, so please let us know if you see other conditions that require our attention.	2026-09-15T21:52:45.000	2026-09-16T00:20:12.000
70429147	NYPD	Noise - Residential	The New York City Police Department responded to the complaint and their investigation determined that no criminal violation existed. The condition was corrected without the need to issue a summons or effect an arrest. If the problem persists, please contact 311 to create another complaint. If possible, provide contact information so responding officers may reach out to you for more details. If necessary, your complaint may be referred to your local precinct's special operations units (Quality of Life, etc.). Thank you for your attention to this matter. We count on New Yorkers like yourself to maintain a safe City, so please let us know if you see other conditions that require our attention.	2026-09-15T23:57:14.000	2026-09-16T00:20:12.000
70422959	NYPD	Animal-Abuse	The New York City Police Department responded to the complaint and their investigation determined that police action was not necessary. If the problem persists, please contact 311 to create another complaint. If possible, provide contact information so responding officers may reach out to you for more details. We count on New Yorkers like yourself to maintain a safe City, so please let us know if you see other conditions that require our attention.	2026-09-15T23:45:16.000	2026-09-16T00:20:11.000
70421460	NYPD	Abandoned Vehicle	The New York City Police Department responded to the complaint and their investigation determined that no criminal violation existed. The condition was corrected without the need to issue a summons or effect an arrest. If the problem persists, please contact 311 to create another complaint. If possible, provide contact information so responding officers may reach out to you for more details. If necessary, your complaint may be referred to your local precinct's special operations units (Quality of Life, etc.). Thank you for your attention to this matter. We count on New Yorkers like yourself to maintain a safe City, so please let us know if you see other conditions that require our attention.	2026-09-15T20:10:14.000	2026-09-16T00:20:11.000
70428968	NYPD	Noise - Street/Sidewalk	The New York City Police Department responded to the complaint and with the information available observed no evidence of a criminal violation at that time. If the problem persists, please contact 311 to create another complaint. If possible, provide contact information so responding officers may reach out to you for more details. If necessary, your complaint may be referred to your local precinct's special operations units (Quality of Life, etc.). We count on New Yorkers like yourself to maintain a safe City, so please let us know if you see other conditions that require our attention.	2026-09-15T22:49:36.000	2026-09-16T00:20:11.000
70420846	NYPD	Non-Emergency Police Matter	The New York City Police Department responded to the complaint and observed no criminal violation upon their arrival. If the problem persists, please contact 311 to create another complaint. If possible, provide contact information so responding officers may reach out to you for more details. We count on New Yorkers like yourself to maintain a safe City, so please let us know if you see other conditions that require our attention.	2026-09-15T19:35:01.000	2026-09-16T00:20:10.000
70424455	NYPD	Illegal Parking	The New York City Police Department responded to the complaint and their investigation determined that a violation of law occurred. Police issued a summons in response to the complaint. Thank you for attention to this matter. We count on New Yorkers like yourself to maintain a safe City, so please let us know if you see other conditions that require our attention.	2026-09-15T23:17:55.000	2026-09-16T00:20:10.000
70430529	NYPD	Illegal Parking	The New York City Police Department responded to the complaint and observed no criminal violation upon their arrival. If the problem persists, please contact 311 to create another complaint. If possible, provide contact information so responding officers may reach out to you for more details. We count on New Yorkers like yourself to maintain a safe City, so please let us know if you see other conditions that require our attention.	2026-09-15T23:38:34.000	2026-09-16T00:20:10.000
70430773	NYPD	Noise - Street/Sidewalk	The New York City Police Department responded to the complaint and with the information available observed no evidence of a criminal violation at that time. If the problem persists, please contact 311 to create another complaint. If possible, provide contact information so responding officers may reach out to you for more details. If necessary, your complaint may be referred to your local precinct's special operations units (Quality of Life, etc.). We count on New Yorkers like yourself to maintain a safe City, so please let us know if you see other conditions that require our attention.	2026-09-15T23:32:31.000	2026-09-16T00:20:10.000
70422910	NYPD	Illegal Parking	The New York City Police Department responded to the complaint and their investigation determined that no criminal violation existed. The condition was corrected without the need to issue a summons or effect an arrest. If the problem persists, please contact 311 to create another complaint. If possible, provide contact information so responding officers may reach out to you for more details. If necessary, your complaint may be referred to your local precinct's special operations units (Quality of Life, etc.). Thank you for your attention to this matter. We count on New Yorkers like yourself to maintain a safe City, so please let us know if you see other conditions that require our attention.	2026-09-15T20:27:17.000	2026-09-16T00:20:09.000
70427485	NYPD	Illegal Parking	The New York City Police Department responded to the complaint and observed no criminal violation upon their arrival. If the problem persists, please contact 311 to create another complaint. If possible, provide contact information so responding officers may reach out to you for more details. We count on New Yorkers like yourself to maintain a safe City, so please let us know if you see other conditions that require our attention.	2026-09-15T12:04:44.000	2026-09-16T00:20:09.000
70431512	NYPD	Noise - Street/Sidewalk	The New York City Police Department responded to the complaint and with the information available observed no evidence of a criminal violation at that time. If the problem persists, please contact 311 to create another complaint. If possible, provide contact information so responding officers may reach out to you for more details. If necessary, your complaint may be referred to your local precinct's special operations units (Quality of Life, etc.). We count on New Yorkers like yourself to maintain a safe City, so please let us know if you see other conditions that require our attention.	2026-09-15T22:57:58.000	2026-09-16T00:20:09.000
70430750	NYPD	Noise - Park	The New York City Police Department responded to the complaint and their investigation determined that no criminal violation existed. The condition was corrected without the need to issue a summons or effect an arrest. If the problem persists, please contact 311 to create another complaint. If possible, provide contact information so responding officers may reach out to you for more details. If necessary, your complaint may be referred to your local precinct's special operations units (Quality of Life, etc.). Thank you for your attention to this matter. We count on New Yorkers like yourself to maintain a safe City, so please let us know if you see other conditions that require our attention.	2026-09-15T22:42:27.000	2026-09-16T00:20:09.000
70428415	NYPD	Non-Emergency Police Matter	The New York City Police Department responded to the complaint and observed no criminal violation upon their arrival. If the problem persists, please contact 311 to create another complaint. If possible, provide contact information so responding officers may reach out to you for more details. We count on New Yorkers like yourself to maintain a safe City, so please let us know if you see other conditions that require our attention.	2026-09-15T20:37:39.000	2026-09-16T00:20:09.000
70428247	NYPD	Noise - Street/Sidewalk	The New York City Police Department responded to the complaint and observed no criminal violation upon their arrival. If the problem persists, please contact 311 to create another complaint. If possible, provide contact information so responding officers may reach out to you for more details. We count on New Yorkers like yourself to maintain a safe City, so please let us know if you see other conditions that require our attention.	2026-09-15T23:38:35.000	2026-09-16T00:20:09.000
70420124	NYPD	Illegal Parking	The New York City Police Department responded to the complaint and observed no criminal violation upon their arrival. If the problem persists, please contact 311 to create another complaint. If possible, provide contact information so responding officers may reach out to you for more details. We count on New Yorkers like yourself to maintain a safe City, so please let us know if you see other conditions that require our attention.	2026-09-15T09:26:01.000	2026-09-16T00:19:14.000
70420820	NYPD	Illegal Parking	The New York City Police Department responded to the complaint and observed no criminal violation upon their arrival. If the problem persists, please contact 311 to create another complaint. If possible, provide contact information so responding officers may reach out to you for more details. We count on New Yorkers like yourself to maintain a safe City, so please let us know if you see other conditions that require our attention.	2026-09-15T20:36:38.000	2026-09-16T00:18:50.000
70427648	NYPD	Noise - Commercial	The New York City Police Department responded to the complaint and observed no criminal violation upon their arrival. If the problem persists, please contact 311 to create another complaint. If possible, provide contact information so responding officers may reach out to you for more details. We count on New Yorkers like yourself to maintain a safe City, so please let us know if you see other conditions that require our attention.	2026-09-15T08:18:34.000	2026-09-16T00:18:32.000
70421625	NYPD	Encampment	The New York City Police Department responded to the complaint and observed no encampment at the noted location. If the problem persists, please contact 311 to create another complaint. If possible, provide contact information so responding officers may reach out to you for more details. We count on New Yorkers like yourself to maintain a safe City, so please let us know if you see other conditions that require our attention.	2026-09-15T08:16:16.000	2026-09-16T00:18:07.000
70420075	DOT	Street Condition	The Department of Transportation inspected the condition and issued a summons to the responsible party. A re-inspection will be done within 10 days. If the condition still exists, a second summons will be issued. In some cases, the Department of Transportation will make the repairs and charge the responsible party for the costs.	2026-09-15T21:17:27.000	2026-09-16T00:18:00.000
70420125	NYPD	Illegal Parking	The New York City Police Department responded to the complaint and observed no criminal violation upon their arrival. If the problem persists, please contact 311 to create another complaint. If possible, provide contact information so responding officers may reach out to you for more details. We count on New Yorkers like yourself to maintain a safe City, so please let us know if you see other conditions that require our attention.	2026-09-15T08:07:58.000	2026-09-16T00:17:51.000
70420123	NYPD	Blocked Driveway	The New York City Police Department responded to the complaint and observed no criminal violation upon their arrival. If the problem persists, please contact 311 to create another complaint. If possible, provide contact information so responding officers may reach out to you for more details. We count on New Yorkers like yourself to maintain a safe City, so please let us know if you see other conditions that require our attention.	2026-09-15T08:02:15.000	2026-09-16T00:17:22.000
70429206	NYPD	Illegal Parking	The New York City Police Department responded to the complaint and observed no criminal violation upon their arrival. If the problem persists, please contact 311 to create another complaint. If possible, provide contact information so responding officers may reach out to you for more details. We count on New Yorkers like yourself to maintain a safe City, so please let us know if you see other conditions that require our attention.	2026-09-15T15:43:56.000	2026-09-16T00:17:07.000
70426173	NYPD	Illegal Parking	The New York City Police Department responded to the complaint and observed no criminal violation upon their arrival. If the problem persists, please contact 311 to create another complaint. If possible, provide contact information so responding officers may reach out to you for more details. We count on New Yorkers like yourself to maintain a safe City, so please let us know if you see other conditions that require our attention.	2026-09-15T07:55:37.000	2026-09-16T00:17:02.000
70421520	NYPD	Noise - Street/Sidewalk	The New York City Police Department responded to the complaint and with the information available observed no evidence of a criminal violation at that time. If the problem persists, please contact 311 to create another complaint. If possible, provide contact information so responding officers may reach out to you for more details. If necessary, your complaint may be referred to your local precinct's special operations units (Quality of Life, etc.). We count on New Yorkers like yourself to maintain a safe City, so please let us know if you see other conditions that require our attention.	2026-09-15T23:03:34.000	2026-09-16T00:17:01.000
70426029	NYPD	Blocked Driveway	The New York City Police Department responded to the complaint and their investigation determined that no criminal violation existed. The condition was corrected without the need to issue a summons or effect an arrest. If the problem persists, please contact 311 to create another complaint. If possible, provide contact information so responding officers may reach out to you for more details. If necessary, your complaint may be referred to your local precinct's special operations units (Quality of Life, etc.). Thank you for your attention to this matter. We count on New Yorkers like yourself to maintain a safe City, so please let us know if you see other conditions that require our attention.	2026-09-15T09:51:59.000	2026-09-16T00:16:56.000
70429712	NYPD	Animal-Abuse	The New York City Police Department responded to the complaint and with the information available observed no evidence of a criminal violation at that time. If the problem persists, please contact 311 to create another complaint. If possible, provide contact information so responding officers may reach out to you for more details. If necessary, your complaint may be referred to your local precinct's special operations units (Quality of Life, etc.). We count on New Yorkers like yourself to maintain a safe City, so please let us know if you see other conditions that require our attention.	2026-09-15T22:19:54.000	2026-09-16T00:16:42.000
70429881	NYPD	Noise - Residential	The New York City Police Department responded to the complaint but officers were unable to gain entry into the premises. If the problem persists, please contact 311 to create another complaint and ensure that contact information (e.g., buzzer number, phone number, etc.) is available to assist the responding officers in gaining entry to properly investigate the complaint.  We count on New Yorkers like yourself to maintain a safe City, so please let us know if you see other conditions that require our attention.	2026-09-15T21:49:51.000	2026-09-16T00:16:41.000
70423129	NYPD	Illegal Parking	The New York City Police Department responded to the complaint and their investigation determined that no criminal violation existed. The condition was corrected without the need to issue a summons or effect an arrest. If the problem persists, please contact 311 to create another complaint. If possible, provide contact information so responding officers may reach out to you for more details. If necessary, your complaint may be referred to your local precinct's special operations units (Quality of Life, etc.). Thank you for your attention to this matter. We count on New Yorkers like yourself to maintain a safe City, so please let us know if you see other conditions that require our attention.	2026-09-15T07:39:06.000	2026-09-16T00:16:39.000
70420126	NYPD	Illegal Parking	The New York City Police Department responded to the complaint and their investigation determined that no criminal violation existed. The condition was corrected without the need to issue a summons or effect an arrest. If the problem persists, please contact 311 to create another complaint. If possible, provide contact information so responding officers may reach out to you for more details. If necessary, your complaint may be referred to your local precinct's special operations units (Quality of Life, etc.). Thank you for your attention to this matter. We count on New Yorkers like yourself to maintain a safe City, so please let us know if you see other conditions that require our attention.	2026-09-15T21:51:16.000	2026-09-16T00:16:38.000
70425243	NYPD	Noise - Street/Sidewalk	The New York City Police Department responded to the complaint and their investigation determined that no criminal violation existed. The condition was corrected without the need to issue a summons or effect an arrest. If the problem persists, please contact 311 to create another complaint. If possible, provide contact information so responding officers may reach out to you for more details. If necessary, your complaint may be referred to your local precinct's special operations units (Quality of Life, etc.). Thank you for your attention to this matter. We count on New Yorkers like yourself to maintain a safe City, so please let us know if you see other conditions that require our attention.	2026-09-15T23:09:35.000	2026-09-16T00:16:32.000
70422926	NYPD	Blocked Driveway	The New York City Police Department responded to the complaint and their investigation determined that no criminal violation existed. The condition was corrected without the need to issue a summons or effect an arrest. If the problem persists, please contact 311 to create another complaint. If possible, provide contact information so responding officers may reach out to you for more details. If necessary, your complaint may be referred to your local precinct's special operations units (Quality of Life, etc.). Thank you for your attention to this matter. We count on New Yorkers like yourself to maintain a safe City, so please let us know if you see other conditions that require our attention.	2026-09-15T23:27:06.000	2026-09-16T00:16:29.000
70429986	NYPD	Noise - Residential	The New York City Police Department responded to the complaint and with the information available observed no evidence of a criminal violation at that time. If the problem persists, please contact 311 to create another complaint. If possible, provide contact information so responding officers may reach out to you for more details. If necessary, your complaint may be referred to your local precinct's special operations units (Quality of Life, etc.). We count on New Yorkers like yourself to maintain a safe City, so please let us know if you see other conditions that require our attention.	2026-09-16T00:08:01.000	2026-09-16T00:16:21.000
70427425	NYPD	Blocked Driveway	The New York City Police Department responded to the complaint and their investigation determined that no criminal violation existed. The condition was corrected without the need to issue a summons or effect an arrest. If the problem persists, please contact 311 to create another complaint. If possible, provide contact information so responding officers may reach out to you for more details. If necessary, your complaint may be referred to your local precinct's special operations units (Quality of Life, etc.). Thank you for your attention to this matter. We count on New Yorkers like yourself to maintain a safe City, so please let us know if you see other conditions that require our attention.	2026-09-15T23:59:05.000	2026-09-16T00:16:20.000
70430552	NYPD	Illegal Parking	The New York City Police Department responded to the complaint and observed no criminal violation upon their arrival. If the problem persists, please contact 311 to create another complaint. If possible, provide contact information so responding officers may reach out to you for more details. We count on New Yorkers like yourself to maintain a safe City, so please let us know if you see other conditions that require our attention.	2026-09-15T10:34:26.000	2026-09-16T00:16:11.000
70419877	NYPD	Encampment	The New York City Police Department responded to the complaint and observed no criminal violation upon their arrival. If the problem persists, please contact 311 to create another complaint. If possible, provide contact information so responding officers may reach out to you for more details. We count on New Yorkers like yourself to maintain a safe City, so please let us know if you see other conditions that require our attention.	2026-09-15T21:50:01.000	2026-09-16T00:15:58.000
70419967	NYPD	Blocked Driveway	The New York City Police Department responded to the complaint and observed no criminal violation upon their arrival. If the problem persists, please contact 311 to create another complaint. If possible, provide contact information so responding officers may reach out to you for more details. We count on New Yorkers like yourself to maintain a safe City, so please let us know if you see other conditions that require our attention.	2026-09-15T09:55:06.000	2026-09-16T00:15:35.000
70426172	NYPD	Illegal Parking	The New York City Police Department responded to the complaint and their investigation determined that police action was not necessary. If the problem persists, please contact 311 to create another complaint. If possible, provide contact information so responding officers may reach out to you for more details. We count on New Yorkers like yourself to maintain a safe City, so please let us know if you see other conditions that require our attention.	2026-09-15T23:11:05.000	2026-09-16T00:15:33.000
70420675	NYPD	Noise - Residential	The New York City Police Department responded to the complaint and their investigation determined that police action was not necessary. If the problem persists, please contact 311 to create another complaint. If possible, provide contact information so responding officers may reach out to you for more details. We count on New Yorkers like yourself to maintain a safe City, so please let us know if you see other conditions that require our attention.	2026-09-15T23:27:21.000	2026-09-16T00:15:33.000
70417513	DHS	Homeless Person Assistance	The Department of Homeless Services has reviewed your Service Request and determined that the issue is not within its jurisdiction.	2026-09-14T21:13:50.000	2026-09-16T00:15:27.000
70431310	NYPD	Noise - Residential	The New York City Police Department responded to the complaint but officers were unable to gain entry into the premises. If the problem persists, please contact 311 to create another complaint and ensure that contact information (e.g., buzzer number, phone number, etc.) is available to assist the responding officers in gaining entry to properly investigate the complaint.  We count on New Yorkers like yourself to maintain a safe City, so please let us know if you see other conditions that require our attention.	2026-09-15T23:53:15.000	2026-09-16T00:15:17.000
70426868	NYPD	Noise - Street/Sidewalk	The New York City Police Department responded to the complaint and with the information available observed no evidence of a criminal violation at that time. If the problem persists, please contact 311 to create another complaint. If possible, provide contact information so responding officers may reach out to you for more details. If necessary, your complaint may be referred to your local precinct's special operations units (Quality of Life, etc.). We count on New Yorkers like yourself to maintain a safe City, so please let us know if you see other conditions that require our attention.	2026-09-15T23:53:32.000	2026-09-16T00:15:12.000
70419973	NYPD	Illegal Parking	The New York City Police Department responded to the complaint and their investigation determined that no criminal violation existed. The condition was corrected without the need to issue a summons or effect an arrest. If the problem persists, please contact 311 to create another complaint. If possible, provide contact information so responding officers may reach out to you for more details. If necessary, your complaint may be referred to your local precinct's special operations units (Quality of Life, etc.). Thank you for your attention to this matter. We count on New Yorkers like yourself to maintain a safe City, so please let us know if you see other conditions that require our attention.	2026-09-15T09:15:03.000	2026-09-16T00:15:09.000
70419939	NYPD	Illegal Parking	The New York City Police Department responded to the complaint and with the information available observed no evidence of a criminal violation at that time. If the problem persists, please contact 311 to create another complaint. If possible, provide contact information so responding officers may reach out to you for more details. If necessary, your complaint may be referred to your local precinct's special operations units (Quality of Life, etc.). We count on New Yorkers like yourself to maintain a safe City, so please let us know if you see other conditions that require our attention.	2026-09-15T23:54:44.000	2026-09-16T00:15:04.000
70423936	NYPD	Noise - Residential	The New York City Police Department responded to the complaint and their investigation determined that no criminal violation existed. The condition was corrected without the need to issue a summons or effect an arrest. If the problem persists, please contact 311 to create another complaint. If possible, provide contact information so responding officers may reach out to you for more details. If necessary, your complaint may be referred to your local precinct's special operations units (Quality of Life, etc.). Thank you for your attention to this matter. We count on New Yorkers like yourself to maintain a safe City, so please let us know if you see other conditions that require our attention.	2026-09-15T23:40:44.000	2026-09-16T00:14:56.000
70425502	NYPD	Noise - Residential	The New York City Police Department responded to the complaint and their investigation determined that no criminal violation existed. The condition was corrected without the need to issue a summons or effect an arrest. If the problem persists, please contact 311 to create another complaint. If possible, provide contact information so responding officers may reach out to you for more details. If necessary, your complaint may be referred to your local precinct's special operations units (Quality of Life, etc.). Thank you for your attention to this matter. We count on New Yorkers like yourself to maintain a safe City, so please let us know if you see other conditions that require our attention.	2026-09-15T23:45:03.000	2026-09-16T00:14:52.000
70428362	NYPD	Noise - Residential	The New York City Police Department responded to the complaint and with the information available observed no evidence of a criminal violation at that time. If the problem persists, please contact 311 to create another complaint. If possible, provide contact information so responding officers may reach out to you for more details. If necessary, your complaint may be referred to your local precinct's special operations units (Quality of Life, etc.). We count on New Yorkers like yourself to maintain a safe City, so please let us know if you see other conditions that require our attention.	2026-09-15T22:21:40.000	2026-09-16T00:14:52.000
70422874	NYPD	Encampment	The New York City Police Department responded to the complaint and observed no criminal violation upon their arrival. If the problem persists, please contact 311 to create another complaint. If possible, provide contact information so responding officers may reach out to you for more details. We count on New Yorkers like yourself to maintain a safe City, so please let us know if you see other conditions that require our attention.	2026-09-15T22:06:30.000	2026-09-16T00:14:51.000
70422987	NYPD	Illegal Parking	The New York City Police Department responded to the complaint and observed no criminal violation upon their arrival. If the problem persists, please contact 311 to create another complaint. If possible, provide contact information so responding officers may reach out to you for more details. We count on New Yorkers like yourself to maintain a safe City, so please let us know if you see other conditions that require our attention.	2026-09-15T08:37:00.000	2026-09-16T00:14:51.000
70430563	NYPD	Illegal Parking	The New York City Police Department responded to the complaint and observed no criminal violation upon their arrival. If the problem persists, please contact 311 to create another complaint. If possible, provide contact information so responding officers may reach out to you for more details. We count on New Yorkers like yourself to maintain a safe City, so please let us know if you see other conditions that require our attention.	2026-09-15T08:10:49.000	2026-09-16T00:14:51.000
70415378	NYPD	Illegal Parking	The New York City Police Department responded to the complaint and their investigation determined that no criminal violation existed. The condition was corrected without the need to issue a summons or effect an arrest. If the problem persists, please contact 311 to create another complaint. If possible, provide contact information so responding officers may reach out to you for more details. If necessary, your complaint may be referred to your local precinct's special operations units (Quality of Life, etc.). Thank you for your attention to this matter. We count on New Yorkers like yourself to maintain a safe City, so please let us know if you see other conditions that require our attention.	2026-09-14T23:48:13.000	2026-09-16T00:14:50.000
70416861	NYPD	Illegal Parking	The New York City Police Department responded to the complaint and observed no criminal violation upon their arrival. If the problem persists, please contact 311 to create another complaint. If possible, provide contact information so responding officers may reach out to you for more details. We count on New Yorkers like yourself to maintain a safe City, so please let us know if you see other conditions that require our attention.	2026-09-14T23:34:29.000	2026-09-16T00:14:50.000
70429079	NYPD	Noise - Vehicle	The New York City Police Department responded to the complaint and with the information available observed no evidence of a criminal violation at that time. If the problem persists, please contact 311 to create another complaint. If possible, provide contact information so responding officers may reach out to you for more details. If necessary, your complaint may be referred to your local precinct's special operations units (Quality of Life, etc.). We count on New Yorkers like yourself to maintain a safe City, so please let us know if you see other conditions that require our attention.	2026-09-15T23:58:23.000	2026-09-16T00:14:50.000
70420652	NYPD	Noise - Residential	The New York City Police Department responded to the complaint and with the information available observed no evidence of a criminal violation at that time. If the problem persists, please contact 311 to create another complaint. If possible, provide contact information so responding officers may reach out to you for more details. If necessary, your complaint may be referred to your local precinct's special operations units (Quality of Life, etc.). We count on New Yorkers like yourself to maintain a safe City, so please let us know if you see other conditions that require our attention.	2026-09-16T00:12:29.000	2026-09-16T00:14:49.000
70431469	NYPD	Noise - Residential	The New York City Police Department responded to the complaint and with the information available observed no evidence of a criminal violation at that time. If the problem persists, please contact 311 to create another complaint. If possible, provide contact information so responding officers may reach out to you for more details. If necessary, your complaint may be referred to your local precinct's special operations units (Quality of Life, etc.). We count on New Yorkers like yourself to maintain a safe City, so please let us know if you see other conditions that require our attention.	2026-09-15T19:04:13.000	2026-09-16T00:14:48.000
70428398	NYPD	Noise - Residential	The New York City Police Department responded to the complaint and with the information available observed no evidence of a criminal violation at that time. If the problem persists, please contact 311 to create another complaint. If possible, provide contact information so responding officers may reach out to you for more details. If necessary, your complaint may be referred to your local precinct's special operations units (Quality of Life, etc.). We count on New Yorkers like yourself to maintain a safe City, so please let us know if you see other conditions that require our attention.	2026-09-15T22:12:43.000	2026-09-16T00:14:46.000
70418397	NYPD	Illegal Parking	The New York City Police Department responded to the complaint and observed no criminal violation upon their arrival. If the problem persists, please contact 311 to create another complaint. If possible, provide contact information so responding officers may reach out to you for more details. We count on New Yorkers like yourself to maintain a safe City, so please let us know if you see other conditions that require our attention.	2026-09-14T23:28:02.000	2026-09-16T00:14:44.000
70420757	NYPD	Illegal Parking	The New York City Police Department responded to the complaint and observed no criminal violation upon their arrival. If the problem persists, please contact 311 to create another complaint. If possible, provide contact information so responding officers may reach out to you for more details. We count on New Yorkers like yourself to maintain a safe City, so please let us know if you see other conditions that require our attention.	2026-09-15T22:03:53.000	2026-09-16T00:14:44.000
70427543	NYPD	Illegal Parking	The New York City Police Department responded to the complaint and their investigation determined that no criminal violation existed. The condition was corrected without the need to issue a summons or effect an arrest. If the problem persists, please contact 311 to create another complaint. If possible, provide contact information so responding officers may reach out to you for more details. If necessary, your complaint may be referred to your local precinct's special operations units (Quality of Life, etc.). Thank you for your attention to this matter. We count on New Yorkers like yourself to maintain a safe City, so please let us know if you see other conditions that require our attention.	2026-09-15T21:44:04.000	2026-09-16T00:14:43.000
70431462	NYPD	Illegal Parking	The New York City Police Department responded to the complaint and their investigation determined that a violation of law occurred. Police issued a summons in response to the complaint. Thank you for attention to this matter. We count on New Yorkers like yourself to maintain a safe City, so please let us know if you see other conditions that require our attention.	2026-09-15T22:56:35.000	2026-09-16T00:14:43.000
70424501	NYPD	Noise - Residential	The New York City Police Department responded to the complaint and with the information available observed no evidence of a criminal violation at that time. If the problem persists, please contact 311 to create another complaint. If possible, provide contact information so responding officers may reach out to you for more details. If necessary, your complaint may be referred to your local precinct's special operations units (Quality of Life, etc.). We count on New Yorkers like yourself to maintain a safe City, so please let us know if you see other conditions that require our attention.	2026-09-15T23:06:35.000	2026-09-16T00:14:42.000
70422357	NYPD	Noise - Street/Sidewalk	The New York City Police Department responded to the complaint and with the information available observed no evidence of a criminal violation at that time. If the problem persists, please contact 311 to create another complaint. If possible, provide contact information so responding officers may reach out to you for more details. If necessary, your complaint may be referred to your local precinct's special operations units (Quality of Life, etc.). We count on New Yorkers like yourself to maintain a safe City, so please let us know if you see other conditions that require our attention.	2026-09-15T17:22:29.000	2026-09-16T00:14:42.000
70429703	NYPD	Noise - Street/Sidewalk	The New York City Police Department responded to the complaint and with the information available observed no evidence of a criminal violation at that time. If the problem persists, please contact 311 to create another complaint. If possible, provide contact information so responding officers may reach out to you for more details. If necessary, your complaint may be referred to your local precinct's special operations units (Quality of Life, etc.). We count on New Yorkers like yourself to maintain a safe City, so please let us know if you see other conditions that require our attention.	2026-09-15T23:16:43.000	2026-09-16T00:14:42.000
70429029	NYPD	Illegal Parking	The New York City Police Department responded to the complaint and their investigation determined that no criminal violation existed. The condition was corrected without the need to issue a summons or effect an arrest. If the problem persists, please contact 311 to create another complaint. If possible, provide contact information so responding officers may reach out to you for more details. If necessary, your complaint may be referred to your local precinct's special operations units (Quality of Life, etc.). Thank you for your attention to this matter. We count on New Yorkers like yourself to maintain a safe City, so please let us know if you see other conditions that require our attention.	2026-09-15T18:09:04.000	2026-09-16T00:14:42.000
70431507	NYPD	Noise - Residential	The New York City Police Department responded to the complaint but officers were unable to gain entry into the premises. If the problem persists, please contact 311 to create another complaint and ensure that contact information (e.g., buzzer number, phone number, etc.) is available to assist the responding officers in gaining entry to properly investigate the complaint.  We count on New Yorkers like yourself to maintain a safe City, so please let us know if you see other conditions that require our attention.	2026-09-15T23:33:50.000	2026-09-16T00:14:42.000
70430554	NYPD	Noise - Residential	The New York City Police Department responded to the complaint and their investigation determined that no criminal violation existed. The condition was corrected without the need to issue a summons or effect an arrest. If the problem persists, please contact 311 to create another complaint. If possible, provide contact information so responding officers may reach out to you for more details. If necessary, your complaint may be referred to your local precinct's special operations units (Quality of Life, etc.). Thank you for your attention to this matter. We count on New Yorkers like yourself to maintain a safe City, so please let us know if you see other conditions that require our attention.	2026-09-15T17:23:18.000	2026-09-16T00:14:41.000
70425520	NYPD	Noise - Street/Sidewalk	The New York City Police Department responded to the complaint and with the information available observed no evidence of a criminal violation at that time. If the problem persists, please contact 311 to create another complaint. If possible, provide contact information so responding officers may reach out to you for more details. If necessary, your complaint may be referred to your local precinct's special operations units (Quality of Life, etc.). We count on New Yorkers like yourself to maintain a safe City, so please let us know if you see other conditions that require our attention.	2026-09-15T23:28:28.000	2026-09-16T00:14:22.000
70423898	NYPD	Noise - Vehicle	The New York City Police Department responded to the complaint and their investigation determined that police action was not necessary. If the problem persists, please contact 311 to create another complaint. If possible, provide contact information so responding officers may reach out to you for more details. We count on New Yorkers like yourself to maintain a safe City, so please let us know if you see other conditions that require our attention.	2026-09-16T00:00:51.000	2026-09-16T00:12:51.000
70431449	NYPD	Noise - Vehicle	The New York City Police Department responded to the complaint and their investigation determined that police action was not necessary. If the problem persists, please contact 311 to create another complaint. If possible, provide contact information so responding officers may reach out to you for more details. We count on New Yorkers like yourself to maintain a safe City, so please let us know if you see other conditions that require our attention.	2026-09-16T00:06:53.000	2026-09-16T00:12:19.000
70422379	NYPD	Illegal Parking	The New York City Police Department responded to the complaint and their investigation determined that a violation of law occurred. Police issued a summons in response to the complaint. Thank you for attention to this matter. We count on New Yorkers like yourself to maintain a safe City, so please let us know if you see other conditions that require our attention.	2026-09-15T23:18:54.000	2026-09-16T00:11:50.000
70429022	NYPD	Abandoned Vehicle	The New York City Police Department responded to the complaint and their investigation determined that no criminal violation existed. The condition was corrected without the need to issue a summons or effect an arrest. If the problem persists, please contact 311 to create another complaint. If possible, provide contact information so responding officers may reach out to you for more details. If necessary, your complaint may be referred to your local precinct's special operations units (Quality of Life, etc.). Thank you for your attention to this matter. We count on New Yorkers like yourself to maintain a safe City, so please let us know if you see other conditions that require our attention.	2026-09-15T16:08:29.000	2026-09-16T00:11:41.000
70430447	NYPD	Drug Activity	The New York City Police Department responded to the complaint and observed no criminal violation upon their arrival. If the problem persists, please contact 311 to create another complaint. If possible, provide contact information so responding officers may reach out to you for more details. We count on New Yorkers like yourself to maintain a safe City, so please let us know if you see other conditions that require our attention.	2026-09-15T23:00:21.000	2026-09-16T00:11:28.000
70423905	NYPD	Illegal Parking	The New York City Police Department responded to the complaint and their investigation determined that a violation of law occurred. Police issued a summons in response to the complaint. Thank you for attention to this matter. We count on New Yorkers like yourself to maintain a safe City, so please let us know if you see other conditions that require our attention.	2026-09-15T23:16:32.000	2026-09-16T00:11:25.000
70424540	NYPD	Illegal Parking	The New York City Police Department responded to the complaint and observed no criminal violation upon their arrival. If the problem persists, please contact 311 to create another complaint. If possible, provide contact information so responding officers may reach out to you for more details. We count on New Yorkers like yourself to maintain a safe City, so please let us know if you see other conditions that require our attention.	2026-09-15T15:06:04.000	2026-09-16T00:11:24.000
70429993	NYPD	Illegal Parking	The New York City Police Department responded to the complaint and observed no criminal violation upon their arrival. If the problem persists, please contact 311 to create another complaint. If possible, provide contact information so responding officers may reach out to you for more details. We count on New Yorkers like yourself to maintain a safe City, so please let us know if you see other conditions that require our attention.	2026-09-15T20:12:27.000	2026-09-16T00:11:21.000
70429922	NYPD	Illegal Parking	The New York City Police Department responded to the complaint and with the information available observed no evidence of a criminal violation at that time. If the problem persists, please contact 311 to create another complaint. If possible, provide contact information so responding officers may reach out to you for more details. If necessary, your complaint may be referred to your local precinct's special operations units (Quality of Life, etc.). We count on New Yorkers like yourself to maintain a safe City, so please let us know if you see other conditions that require our attention.	2026-09-15T21:26:28.000	2026-09-16T00:11:17.000
70430559	NYPD	Illegal Parking	The New York City Police Department responded to the complaint and their investigation determined that no criminal violation existed. The condition was corrected without the need to issue a summons or effect an arrest. If the problem persists, please contact 311 to create another complaint. If possible, provide contact information so responding officers may reach out to you for more details. If necessary, your complaint may be referred to your local precinct's special operations units (Quality of Life, etc.). Thank you for your attention to this matter. We count on New Yorkers like yourself to maintain a safe City, so please let us know if you see other conditions that require our attention.	2026-09-15T12:37:23.000	2026-09-16T00:11:10.000
70423903	NYPD	Illegal Parking	The New York City Police Department responded to the complaint and their investigation determined that a violation of law occurred. Police issued a summons in response to the complaint. Thank you for attention to this matter. We count on New Yorkers like yourself to maintain a safe City, so please let us know if you see other conditions that require our attention.	2026-09-15T22:47:44.000	2026-09-16T00:11:05.000
70424714	NYPD	Noise - Commercial	The New York City Police Department responded to the complaint and with the information available observed no evidence of a criminal violation at that time. If the problem persists, please contact 311 to create another complaint. If possible, provide contact information so responding officers may reach out to you for more details. If necessary, your complaint may be referred to your local precinct's special operations units (Quality of Life, etc.). We count on New Yorkers like yourself to maintain a safe City, so please let us know if you see other conditions that require our attention.	2026-09-15T21:52:02.000	2026-09-16T00:11:00.000
70429975	NYPD	Noise - Street/Sidewalk	The New York City Police Department responded to the complaint and with the information available observed no evidence of a criminal violation at that time. If the problem persists, please contact 311 to create another complaint. If possible, provide contact information so responding officers may reach out to you for more details. If necessary, your complaint may be referred to your local precinct's special operations units (Quality of Life, etc.). We count on New Yorkers like yourself to maintain a safe City, so please let us know if you see other conditions that require our attention.	2026-09-15T23:48:10.000	2026-09-16T00:10:57.000
70409211	NYPD	Illegal Parking	The New York City Police Department responded to the complaint and observed no criminal violation upon their arrival. If the problem persists, please contact 311 to create another complaint. If possible, provide contact information so responding officers may reach out to you for more details. We count on New Yorkers like yourself to maintain a safe City, so please let us know if you see other conditions that require our attention.	2026-09-15T00:18:37.000	2026-09-16T00:10:52.000
70413834	NYPD	Illegal Parking	The New York City Police Department responded to the complaint and observed no criminal violation upon their arrival. If the problem persists, please contact 311 to create another complaint. If possible, provide contact information so responding officers may reach out to you for more details. We count on New Yorkers like yourself to maintain a safe City, so please let us know if you see other conditions that require our attention.	2026-09-15T00:16:30.000	2026-09-16T00:10:52.000
70420814	NYPD	Noise - Vehicle	The New York City Police Department responded to the complaint and observed no criminal violation upon their arrival. If the problem persists, please contact 311 to create another complaint. If possible, provide contact information so responding officers may reach out to you for more details. We count on New Yorkers like yourself to maintain a safe City, so please let us know if you see other conditions that require our attention.	2026-09-15T22:56:53.000	2026-09-16T00:10:49.000
70431269	NYPD	Noise - Street/Sidewalk	The New York City Police Department responded to the complaint and their investigation determined that a violation of law occurred. Police made an arrest in response to the complaint. Thank you for attention to this matter. We count on New Yorkers like yourself to maintain a safe City, so please let us know if you see other conditions that require our attention.	2026-09-15T22:46:28.000	2026-09-16T00:10:37.000
70425445	NYPD	Blocked Driveway	The New York City Police Department responded to the complaint and observed no criminal violation upon their arrival. If the problem persists, please contact 311 to create another complaint. If possible, provide contact information so responding officers may reach out to you for more details. We count on New Yorkers like yourself to maintain a safe City, so please let us know if you see other conditions that require our attention.	2026-09-15T22:43:59.000	2026-09-16T00:10:30.000
70420797	NYPD	Noise - Residential	The New York City Police Department responded to the complaint and with the information available observed no evidence of a criminal violation at that time. If the problem persists, please contact 311 to create another complaint. If possible, provide contact information so responding officers may reach out to you for more details. If necessary, your complaint may be referred to your local precinct's special operations units (Quality of Life, etc.). We count on New Yorkers like yourself to maintain a safe City, so please let us know if you see other conditions that require our attention.	2026-09-15T23:01:32.000	2026-09-16T00:10:30.000
70422985	NYPD	Illegal Parking	The New York City Police Department responded to the complaint and their investigation determined that no criminal violation existed. The condition was corrected without the need to issue a summons or effect an arrest. If the problem persists, please contact 311 to create another complaint. If possible, provide contact information so responding officers may reach out to you for more details. If necessary, your complaint may be referred to your local precinct's special operations units (Quality of Life, etc.). Thank you for your attention to this matter. We count on New Yorkers like yourself to maintain a safe City, so please let us know if you see other conditions that require our attention.	2026-09-15T17:37:42.000	2026-09-16T00:10:26.000
70422378	NYPD	Illegal Parking	The New York City Police Department responded to the complaint and their investigation determined that a violation of law occurred. Police issued a summons in response to the complaint. Thank you for attention to this matter. We count on New Yorkers like yourself to maintain a safe City, so please let us know if you see other conditions that require our attention.	2026-09-15T22:12:51.000	2026-09-16T00:10:10.000
70423794	NYPD	Illegal Parking	The New York City Police Department responded to the complaint and observed no criminal violation upon their arrival. If the problem persists, please contact 311 to create another complaint. If possible, provide contact information so responding officers may reach out to you for more details. We count on New Yorkers like yourself to maintain a safe City, so please let us know if you see other conditions that require our attention.	2026-09-15T21:26:48.000	2026-09-16T00:10:04.000
70419970	NYPD	Illegal Parking	The New York City Police Department responded to the complaint and observed no criminal violation upon their arrival. If the problem persists, please contact 311 to create another complaint. If possible, provide contact information so responding officers may reach out to you for more details. We count on New Yorkers like yourself to maintain a safe City, so please let us know if you see other conditions that require our attention.	2026-09-15T17:30:47.000	2026-09-16T00:10:03.000
70427688	NYPD	Illegal Parking	The New York City Police Department responded to the complaint and their investigation determined that police action was not necessary. If the problem persists, please contact 311 to create another complaint. If possible, provide contact information so responding officers may reach out to you for more details. We count on New Yorkers like yourself to maintain a safe City, so please let us know if you see other conditions that require our attention.	2026-09-15T14:49:36.000	2026-09-16T00:09:50.000
70426015	NYPD	Noise - Street/Sidewalk	The New York City Police Department responded to the complaint and observed no criminal violation upon their arrival. If the problem persists, please contact 311 to create another complaint. If possible, provide contact information so responding officers may reach out to you for more details. We count on New Yorkers like yourself to maintain a safe City, so please let us know if you see other conditions that require our attention.	2026-09-15T23:45:56.000	2026-09-16T00:09:38.000
70422449	NYPD	Noise - Residential	The New York City Police Department responded to the complaint but officers were unable to gain entry into the premises. If the problem persists, please contact 311 to create another complaint and ensure that contact information (e.g., buzzer number, phone number, etc.) is available to assist the responding officers in gaining entry to properly investigate the complaint.  We count on New Yorkers like yourself to maintain a safe City, so please let us know if you see other conditions that require our attention.	2026-09-15T16:40:23.000	2026-09-16T00:09:30.000
70423028	NYPD	Noise - Residential	The New York City Police Department responded to the complaint and with the information available observed no evidence of a criminal violation at that time. If the problem persists, please contact 311 to create another complaint. If possible, provide contact information so responding officers may reach out to you for more details. If necessary, your complaint may be referred to your local precinct's special operations units (Quality of Life, etc.). We count on New Yorkers like yourself to maintain a safe City, so please let us know if you see other conditions that require our attention.	2026-09-15T22:43:00.000	2026-09-16T00:09:27.000
70425518	NYPD	Illegal Parking	The New York City Police Department responded to the complaint and observed no criminal violation upon their arrival. If the problem persists, please contact 311 to create another complaint. If possible, provide contact information so responding officers may reach out to you for more details. We count on New Yorkers like yourself to maintain a safe City, so please let us know if you see other conditions that require our attention.	2026-09-15T22:33:21.000	2026-09-16T00:09:24.000
70430783	NYPD	Illegal Parking	The New York City Police Department responded to the complaint and their investigation determined that police action was not necessary. If the problem persists, please contact 311 to create another complaint. If possible, provide contact information so responding officers may reach out to you for more details. We count on New Yorkers like yourself to maintain a safe City, so please let us know if you see other conditions that require our attention.	2026-09-15T21:00:38.000	2026-09-16T00:09:22.000
70422446	NYPD	Noise - Street/Sidewalk	The New York City Police Department responded to the complaint and observed no criminal violation upon their arrival. If the problem persists, please contact 311 to create another complaint. If possible, provide contact information so responding officers may reach out to you for more details. We count on New Yorkers like yourself to maintain a safe City, so please let us know if you see other conditions that require our attention.	2026-09-15T19:18:01.000	2026-09-16T00:09:20.000
70423032	NYPD	Blocked Driveway	The New York City Police Department responded to the complaint and observed no criminal violation upon their arrival. If the problem persists, please contact 311 to create another complaint. If possible, provide contact information so responding officers may reach out to you for more details. We count on New Yorkers like yourself to maintain a safe City, so please let us know if you see other conditions that require our attention.	2026-09-15T18:16:01.000	2026-09-16T00:09:15.000
70430638	NYPD	Noise - Street/Sidewalk	The New York City Police Department responded to the complaint and their investigation determined that no criminal violation existed. The condition was corrected without the need to issue a summons or effect an arrest. If the problem persists, please contact 311 to create another complaint. If possible, provide contact information so responding officers may reach out to you for more details. If necessary, your complaint may be referred to your local precinct's special operations units (Quality of Life, etc.). Thank you for your attention to this matter. We count on New Yorkers like yourself to maintain a safe City, so please let us know if you see other conditions that require our attention.	2026-09-15T23:50:37.000	2026-09-16T00:09:05.000
70423769	NYPD	Noise - Street/Sidewalk	The New York City Police Department responded to the complaint and their investigation determined that no criminal violation existed. The condition was corrected without the need to issue a summons or effect an arrest. If the problem persists, please contact 311 to create another complaint. If possible, provide contact information so responding officers may reach out to you for more details. If necessary, your complaint may be referred to your local precinct's special operations units (Quality of Life, etc.). Thank you for your attention to this matter. We count on New Yorkers like yourself to maintain a safe City, so please let us know if you see other conditions that require our attention.	2026-09-15T21:08:50.000	2026-09-16T00:08:59.000
70430747	NYPD	Noise - Street/Sidewalk	The New York City Police Department responded to the complaint and with the information available observed no evidence of a criminal violation at that time. If the problem persists, please contact 311 to create another complaint. If possible, provide contact information so responding officers may reach out to you for more details. If necessary, your complaint may be referred to your local precinct's special operations units (Quality of Life, etc.). We count on New Yorkers like yourself to maintain a safe City, so please let us know if you see other conditions that require our attention.	2026-09-15T23:44:00.000	2026-09-16T00:08:55.000
70421543	NYPD	Noise - Residential	The New York City Police Department responded to the complaint and their investigation determined that no criminal violation existed. The condition was corrected without the need to issue a summons or effect an arrest. If the problem persists, please contact 311 to create another complaint. If possible, provide contact information so responding officers may reach out to you for more details. If necessary, your complaint may be referred to your local precinct's special operations units (Quality of Life, etc.). Thank you for your attention to this matter. We count on New Yorkers like yourself to maintain a safe City, so please let us know if you see other conditions that require our attention.	2026-09-15T23:53:32.000	2026-09-16T00:08:52.000
70431294	NYPD	Noise - Residential	The New York City Police Department responded to the complaint and with the information available observed no evidence of a criminal violation at that time. If the problem persists, please contact 311 to create another complaint. If possible, provide contact information so responding officers may reach out to you for more details. If necessary, your complaint may be referred to your local precinct's special operations units (Quality of Life, etc.). We count on New Yorkers like yourself to maintain a safe City, so please let us know if you see other conditions that require our attention.	2026-09-15T23:47:41.000	2026-09-16T00:08:49.000
70422189	NYPD	Noise - Residential	The New York City Police Department responded to the complaint and their investigation determined that police action was not necessary. If the problem persists, please contact 311 to create another complaint. If possible, provide contact information so responding officers may reach out to you for more details. We count on New Yorkers like yourself to maintain a safe City, so please let us know if you see other conditions that require our attention.	2026-09-15T21:04:59.000	2026-09-16T00:08:48.000
70431285	NYPD	Noise - Residential	The New York City Police Department responded to the complaint and their investigation determined that police action was not necessary. If the problem persists, please contact 311 to create another complaint. If possible, provide contact information so responding officers may reach out to you for more details. We count on New Yorkers like yourself to maintain a safe City, so please let us know if you see other conditions that require our attention.	2026-09-15T20:51:43.000	2026-09-16T00:08:48.000
70426730	NYPD	Noise - Residential	The New York City Police Department responded to the complaint and their investigation determined that police action was not necessary. If the problem persists, please contact 311 to create another complaint. If possible, provide contact information so responding officers may reach out to you for more details. We count on New Yorkers like yourself to maintain a safe City, so please let us know if you see other conditions that require our attention.	2026-09-15T20:48:33.000	2026-09-16T00:08:48.000
70423709	NYPD	Noise - Residential	The New York City Police Department responded to the complaint and their investigation determined that police action was not necessary. If the problem persists, please contact 311 to create another complaint. If possible, provide contact information so responding officers may reach out to you for more details. We count on New Yorkers like yourself to maintain a safe City, so please let us know if you see other conditions that require our attention.	2026-09-15T20:44:48.000	2026-09-16T00:08:47.000
70422188	NYPD	Noise - Residential	The New York City Police Department responded to the complaint and their investigation determined that police action was not necessary. If the problem persists, please contact 311 to create another complaint. If possible, provide contact information so responding officers may reach out to you for more details. We count on New Yorkers like yourself to maintain a safe City, so please let us know if you see other conditions that require our attention.	2026-09-15T20:30:19.000	2026-09-16T00:08:47.000
70425250	NYPD	Noise - Residential	The New York City Police Department responded to the complaint and their investigation determined that police action was not necessary. If the problem persists, please contact 311 to create another complaint. If possible, provide contact information so responding officers may reach out to you for more details. We count on New Yorkers like yourself to maintain a safe City, so please let us know if you see other conditions that require our attention.	2026-09-15T20:35:51.000	2026-09-16T00:08:47.000
70423708	NYPD	Noise - Residential	The New York City Police Department responded to the complaint and their investigation determined that police action was not necessary. If the problem persists, please contact 311 to create another complaint. If possible, provide contact information so responding officers may reach out to you for more details. We count on New Yorkers like yourself to maintain a safe City, so please let us know if you see other conditions that require our attention.	2026-09-15T20:46:32.000	2026-09-16T00:08:47.000
70420646	NYPD	Noise - Residential	The New York City Police Department responded to the complaint and their investigation determined that police action was not necessary. If the problem persists, please contact 311 to create another complaint. If possible, provide contact information so responding officers may reach out to you for more details. We count on New Yorkers like yourself to maintain a safe City, so please let us know if you see other conditions that require our attention.	2026-09-15T20:39:08.000	2026-09-16T00:08:47.000
70431282	NYPD	Noise - Residential	The New York City Police Department responded to the complaint and their investigation determined that police action was not necessary. If the problem persists, please contact 311 to create another complaint. If possible, provide contact information so responding officers may reach out to you for more details. We count on New Yorkers like yourself to maintain a safe City, so please let us know if you see other conditions that require our attention.	2026-09-15T20:37:30.000	2026-09-16T00:08:47.000
70423730	NYPD	Animal-Abuse	The New York City Police Department responded to the complaint and with the information available observed no evidence of a criminal violation at that time. If the problem persists, please contact 311 to create another complaint. If possible, provide contact information so responding officers may reach out to you for more details. If necessary, your complaint may be referred to your local precinct's special operations units (Quality of Life, etc.). We count on New Yorkers like yourself to maintain a safe City, so please let us know if you see other conditions that require our attention.	2026-09-15T23:51:42.000	2026-09-16T00:08:41.000
70429740	NYPD	Animal-Abuse	The New York City Police Department responded to the complaint and with the information available observed no evidence of a criminal violation at that time. If the problem persists, please contact 311 to create another complaint. If possible, provide contact information so responding officers may reach out to you for more details. If necessary, your complaint may be referred to your local precinct's special operations units (Quality of Life, etc.). We count on New Yorkers like yourself to maintain a safe City, so please let us know if you see other conditions that require our attention.	2026-09-15T23:32:02.000	2026-09-16T00:08:41.000
70428413	NYPD	Illegal Parking	The New York City Police Department responded to the complaint and their investigation determined that police action was not necessary. If the problem persists, please contact 311 to create another complaint. If possible, provide contact information so responding officers may reach out to you for more details. We count on New Yorkers like yourself to maintain a safe City, so please let us know if you see other conditions that require our attention.	2026-09-15T21:39:51.000	2026-09-16T00:08:33.000
70429716	NYPD	Noise - Residential	The New York City Police Department responded to the complaint and their investigation determined that police action was not necessary. If the problem persists, please contact 311 to create another complaint. If possible, provide contact information so responding officers may reach out to you for more details. We count on New Yorkers like yourself to maintain a safe City, so please let us know if you see other conditions that require our attention.	2026-09-15T20:41:06.000	2026-09-16T00:08:30.000
70421356	NYPD	Noise - Residential	The New York City Police Department responded to the complaint and their investigation determined that no criminal violation existed. The condition was corrected without the need to issue a summons or effect an arrest. If the problem persists, please contact 311 to create another complaint. If possible, provide contact information so responding officers may reach out to you for more details. If necessary, your complaint may be referred to your local precinct's special operations units (Quality of Life, etc.). Thank you for your attention to this matter. We count on New Yorkers like yourself to maintain a safe City, so please let us know if you see other conditions that require our attention.	2026-09-15T22:22:34.000	2026-09-16T00:08:15.000
70428961	NYPD	Noise - Vehicle	The New York City Police Department responded to the complaint and observed no criminal violation upon their arrival. If the problem persists, please contact 311 to create another complaint. If possible, provide contact information so responding officers may reach out to you for more details. We count on New Yorkers like yourself to maintain a safe City, so please let us know if you see other conditions that require our attention.	2026-09-15T23:56:32.000	2026-09-16T00:08:15.000
70424732	NYPD	Illegal Parking	The New York City Police Department responded to the complaint and their investigation determined that a violation of law occurred. Police issued a summons in response to the complaint. Thank you for attention to this matter. We count on New Yorkers like yourself to maintain a safe City, so please let us know if you see other conditions that require our attention.	2026-09-15T21:54:21.000	2026-09-16T00:08:06.000
70421658	NYPD	Illegal Parking	The New York City Police Department responded to the complaint and their investigation determined that police action was not necessary. If the problem persists, please contact 311 to create another complaint. If possible, provide contact information so responding officers may reach out to you for more details. We count on New Yorkers like yourself to maintain a safe City, so please let us know if you see other conditions that require our attention.	2026-09-15T20:57:10.000	2026-09-16T00:08:06.000
70424737	NYPD	Noise - Commercial	The New York City Police Department responded to the complaint and their investigation determined that no criminal violation existed. The condition was corrected without the need to issue a summons or effect an arrest. If the problem persists, please contact 311 to create another complaint. If possible, provide contact information so responding officers may reach out to you for more details. If necessary, your complaint may be referred to your local precinct's special operations units (Quality of Life, etc.). Thank you for your attention to this matter. We count on New Yorkers like yourself to maintain a safe City, so please let us know if you see other conditions that require our attention.	2026-09-15T23:23:29.000	2026-09-16T00:08:06.000
70425245	NYPD	Noise - Residential	The New York City Police Department responded to the complaint and their investigation determined that no criminal violation existed. The condition was corrected without the need to issue a summons or effect an arrest. If the problem persists, please contact 311 to create another complaint. If possible, provide contact information so responding officers may reach out to you for more details. If necessary, your complaint may be referred to your local precinct's special operations units (Quality of Life, etc.). Thank you for your attention to this matter. We count on New Yorkers like yourself to maintain a safe City, so please let us know if you see other conditions that require our attention.	2026-09-15T23:50:42.000	2026-09-16T00:08:06.000
70423172	NYPD	Illegal Parking	The New York City Police Department responded to the complaint and their investigation determined that a violation of law occurred. Police issued a summons in response to the complaint. Thank you for attention to this matter. We count on New Yorkers like yourself to maintain a safe City, so please let us know if you see other conditions that require our attention.	2026-09-15T21:47:14.000	2026-09-16T00:08:06.000
70426168	NYPD	Noise - Street/Sidewalk	The New York City Police Department responded to the complaint and their investigation determined that police action was not necessary. If the problem persists, please contact 311 to create another complaint. If possible, provide contact information so responding officers may reach out to you for more details. We count on New Yorkers like yourself to maintain a safe City, so please let us know if you see other conditions that require our attention.	2026-09-15T23:57:24.000	2026-09-16T00:08:06.000
70427687	NYPD	Illegal Parking	The New York City Police Department responded to the complaint and their investigation determined that police action was not necessary. If the problem persists, please contact 311 to create another complaint. If possible, provide contact information so responding officers may reach out to you for more details. We count on New Yorkers like yourself to maintain a safe City, so please let us know if you see other conditions that require our attention.	2026-09-15T21:03:35.000	2026-09-16T00:08:06.000
70426990	NYPD	Noise - Residential	The New York City Police Department responded to the complaint and their investigation determined that no criminal violation existed. The condition was corrected without the need to issue a summons or effect an arrest. If the problem persists, please contact 311 to create another complaint. If possible, provide contact information so responding officers may reach out to you for more details. If necessary, your complaint may be referred to your local precinct's special operations units (Quality of Life, etc.). Thank you for your attention to this matter. We count on New Yorkers like yourself to maintain a safe City, so please let us know if you see other conditions that require our attention.	2026-09-15T23:36:02.000	2026-09-16T00:08:05.000
70423099	NYPD	Noise - Residential	The New York City Police Department responded to the complaint and their investigation determined that police action was not necessary. If the problem persists, please contact 311 to create another complaint. If possible, provide contact information so responding officers may reach out to you for more details. We count on New Yorkers like yourself to maintain a safe City, so please let us know if you see other conditions that require our attention.	2026-09-15T23:41:22.000	2026-09-16T00:08:05.000
70423862	NYPD	Noise - Residential	The New York City Police Department responded to the complaint and with the information available observed no evidence of a criminal violation at that time. If the problem persists, please contact 311 to create another complaint. If possible, provide contact information so responding officers may reach out to you for more details. If necessary, your complaint may be referred to your local precinct's special operations units (Quality of Life, etc.). We count on New Yorkers like yourself to maintain a safe City, so please let us know if you see other conditions that require our attention.	2026-09-15T22:53:21.000	2026-09-16T00:05:33.000
69929500	DOHMH	Food Establishment	The NYC Health Department has responded to your service request.  Restaurant inspection information can be found online at www.nyc.gov/health/abceats. This service request has been closed.	2026-08-02T20:35:57.000	2026-09-16T00:05:14.000
69755020	DOHMH	Food Establishment	The NYC Health Department has responded to your service request.  Restaurant inspection information can be found online at www.nyc.gov/health/abceats. This service request has been closed.	2026-07-17T23:45:42.000	2026-09-16T00:05:10.000
70422754	DOHMH	Mosquitoes	Thank you for your report. The Department of Health and Mental Hygiene will use the information that you provided to help track and control mosquito populations throughout the City. No further information will be available from 311 on your report.	2026-09-15T23:55:56.000	2026-09-16T00:05:06.000
70424422	NYPD	Noise - Residential	The New York City Police Department responded to the complaint and their investigation determined that police action was not necessary. If the problem persists, please contact 311 to create another complaint. If possible, provide contact information so responding officers may reach out to you for more details. We count on New Yorkers like yourself to maintain a safe City, so please let us know if you see other conditions that require our attention.	2026-09-15T23:39:52.000	2026-09-16T00:05:04.000
70424425	NYPD	Illegal Parking	The New York City Police Department responded to the complaint and their investigation determined that police action was not necessary. If the problem persists, please contact 311 to create another complaint. If possible, provide contact information so responding officers may reach out to you for more details. We count on New Yorkers like yourself to maintain a safe City, so please let us know if you see other conditions that require our attention.	2026-09-15T21:56:01.000	2026-09-16T00:04:52.000
70426751	NYPD	Illegal Parking	The New York City Police Department responded to the complaint and observed no criminal violation upon their arrival. If the problem persists, please contact 311 to create another complaint. If possible, provide contact information so responding officers may reach out to you for more details. We count on New Yorkers like yourself to maintain a safe City, so please let us know if you see other conditions that require our attention.	2026-09-15T20:26:42.000	2026-09-16T00:04:50.000
70426207	NYPD	Noise - Park	The New York City Police Department responded to the complaint and observed no criminal violation upon their arrival. If the problem persists, please contact 311 to create another complaint. If possible, provide contact information so responding officers may reach out to you for more details. We count on New Yorkers like yourself to maintain a safe City, so please let us know if you see other conditions that require our attention.	2026-09-15T20:33:20.000	2026-09-16T00:04:33.000
70424733	NYPD	Encampment	The New York City Police Department responded to the complaint and with the information available observed no evidence of a criminal violation at that time. If the problem persists, please contact 311 to create another complaint. If possible, provide contact information so responding officers may reach out to you for more details. If necessary, your complaint may be referred to your local precinct's special operations units (Quality of Life, etc.). We count on New Yorkers like yourself to maintain a safe City, so please let us know if you see other conditions that require our attention.	2026-09-15T23:56:19.000	2026-09-16T00:04:10.000
70429732	NYPD	Noise - Street/Sidewalk	The New York City Police Department responded to the complaint and observed no criminal violation upon their arrival. If the problem persists, please contact 311 to create another complaint. If possible, provide contact information so responding officers may reach out to you for more details. We count on New Yorkers like yourself to maintain a safe City, so please let us know if you see other conditions that require our attention.	2026-09-15T20:45:00.000	2026-09-16T00:04:08.000
70426739	NYPD	Noise - Residential	The New York City Police Department responded to the complaint and their investigation determined that police action was not necessary. If the problem persists, please contact 311 to create another complaint. If possible, provide contact information so responding officers may reach out to you for more details. We count on New Yorkers like yourself to maintain a safe City, so please let us know if you see other conditions that require our attention.	2026-09-15T21:31:08.000	2026-09-16T00:03:52.000
70428222	NYPD	Noise - Commercial	The New York City Police Department responded to the complaint and their investigation determined that police action was not necessary. If the problem persists, please contact 311 to create another complaint. If possible, provide contact information so responding officers may reach out to you for more details. We count on New Yorkers like yourself to maintain a safe City, so please let us know if you see other conditions that require our attention.	2026-09-15T21:15:54.000	2026-09-16T00:03:34.000
70420780	NYPD	Noise - Residential	The New York City Police Department responded to the complaint and with the information available observed no evidence of a criminal violation at that time. If the problem persists, please contact 311 to create another complaint. If possible, provide contact information so responding officers may reach out to you for more details. If necessary, your complaint may be referred to your local precinct's special operations units (Quality of Life, etc.). We count on New Yorkers like yourself to maintain a safe City, so please let us know if you see other conditions that require our attention.	2026-09-15T22:54:10.000	2026-09-16T00:03:33.000
70427548	NYPD	Noise - Residential	The New York City Police Department responded to the complaint and with the information available observed no evidence of a criminal violation at that time. If the problem persists, please contact 311 to create another complaint. If possible, provide contact information so responding officers may reach out to you for more details. If necessary, your complaint may be referred to your local precinct's special operations units (Quality of Life, etc.). We count on New Yorkers like yourself to maintain a safe City, so please let us know if you see other conditions that require our attention.	2026-09-15T23:15:14.000	2026-09-16T00:03:26.000
70431301	NYPD	Noise - Street/Sidewalk	The New York City Police Department responded to the complaint and their investigation determined that police action was not necessary. If the problem persists, please contact 311 to create another complaint. If possible, provide contact information so responding officers may reach out to you for more details. We count on New Yorkers like yourself to maintain a safe City, so please let us know if you see other conditions that require our attention.	2026-09-15T21:44:25.000	2026-09-16T00:03:25.000
70420028	NYPD	Illegal Parking	The New York City Police Department responded to the complaint and their investigation determined that a violation of law occurred. Police issued a summons in response to the complaint. Thank you for attention to this matter. We count on New Yorkers like yourself to maintain a safe City, so please let us know if you see other conditions that require our attention.	2026-09-15T23:24:17.000	2026-09-16T00:03:24.000
70420909	NYPD	Noise - Residential	The New York City Police Department responded to the complaint and with the information available observed no evidence of a criminal violation at that time. If the problem persists, please contact 311 to create another complaint. If possible, provide contact information so responding officers may reach out to you for more details. If necessary, your complaint may be referred to your local precinct's special operations units (Quality of Life, etc.). We count on New Yorkers like yourself to maintain a safe City, so please let us know if you see other conditions that require our attention.	2026-09-15T19:16:13.000	2026-09-16T00:03:13.000
70423722	NYPD	Noise - Commercial	The New York City Police Department responded to the complaint and their investigation determined that police action was not necessary. If the problem persists, please contact 311 to create another complaint. If possible, provide contact information so responding officers may reach out to you for more details. We count on New Yorkers like yourself to maintain a safe City, so please let us know if you see other conditions that require our attention.	2026-09-15T19:56:29.000	2026-09-16T00:03:10.000
70426741	NYPD	Noise - Commercial	The New York City Police Department responded to the complaint and their investigation determined that police action was not necessary. If the problem persists, please contact 311 to create another complaint. If possible, provide contact information so responding officers may reach out to you for more details. We count on New Yorkers like yourself to maintain a safe City, so please let us know if you see other conditions that require our attention.	2026-09-15T19:24:30.000	2026-09-16T00:03:09.000
70428223	NYPD	Noise - Commercial	The New York City Police Department responded to the complaint and their investigation determined that police action was not necessary. If the problem persists, please contact 311 to create another complaint. If possible, provide contact information so responding officers may reach out to you for more details. We count on New Yorkers like yourself to maintain a safe City, so please let us know if you see other conditions that require our attention.	2026-09-15T20:45:30.000	2026-09-16T00:03:09.000
70426740	NYPD	Noise - Commercial	The New York City Police Department responded to the complaint and their investigation determined that police action was not necessary. If the problem persists, please contact 311 to create another complaint. If possible, provide contact information so responding officers may reach out to you for more details. We count on New Yorkers like yourself to maintain a safe City, so please let us know if you see other conditions that require our attention.	2026-09-15T21:36:23.000	2026-09-16T00:03:09.000
70423864	NYPD	Illegal Parking	The New York City Police Department responded to the complaint and with the information available observed no evidence of a criminal violation at that time. If the problem persists, please contact 311 to create another complaint. If possible, provide contact information so responding officers may reach out to you for more details. If necessary, your complaint may be referred to your local precinct's special operations units (Quality of Life, etc.). We count on New Yorkers like yourself to maintain a safe City, so please let us know if you see other conditions that require our attention.	2026-09-15T23:35:28.000	2026-09-16T00:03:05.000
70428414	NYPD	Non-Emergency Police Matter	The New York City Police Department responded to the complaint and with the information available observed no evidence of a criminal violation at that time. If the problem persists, please contact 311 to create another complaint. If possible, provide contact information so responding officers may reach out to you for more details. If necessary, your complaint may be referred to your local precinct's special operations units (Quality of Life, etc.). We count on New Yorkers like yourself to maintain a safe City, so please let us know if you see other conditions that require our attention.	2026-09-15T21:34:21.000	2026-09-16T00:02:44.000
70423723	NYPD	Noise - Vehicle	The New York City Police Department responded to the complaint and with the information available observed no evidence of a criminal violation at that time. If the problem persists, please contact 311 to create another complaint. If possible, provide contact information so responding officers may reach out to you for more details. If necessary, your complaint may be referred to your local precinct's special operations units (Quality of Life, etc.). We count on New Yorkers like yourself to maintain a safe City, so please let us know if you see other conditions that require our attention.	2026-09-15T22:23:01.000	2026-09-16T00:02:43.000
70425482	NYPD	Noise - Residential	The New York City Police Department responded to the complaint and their investigation determined that no criminal violation existed. The condition was corrected without the need to issue a summons or effect an arrest. If the problem persists, please contact 311 to create another complaint. If possible, provide contact information so responding officers may reach out to you for more details. If necessary, your complaint may be referred to your local precinct's special operations units (Quality of Life, etc.). Thank you for your attention to this matter. We count on New Yorkers like yourself to maintain a safe City, so please let us know if you see other conditions that require our attention.	2026-09-15T22:52:21.000	2026-09-16T00:02:42.000
70425484	NYPD	Noise - Residential	The New York City Police Department responded to the complaint and their investigation determined that no criminal violation existed. The condition was corrected without the need to issue a summons or effect an arrest. If the problem persists, please contact 311 to create another complaint. If possible, provide contact information so responding officers may reach out to you for more details. If necessary, your complaint may be referred to your local precinct's special operations units (Quality of Life, etc.). Thank you for your attention to this matter. We count on New Yorkers like yourself to maintain a safe City, so please let us know if you see other conditions that require our attention.	2026-09-15T22:58:14.000	2026-09-16T00:02:42.000
70422390	NYPD	Noise - Commercial	The New York City Police Department responded to the complaint and their investigation determined that no criminal violation existed. The condition was corrected without the need to issue a summons or effect an arrest. If the problem persists, please contact 311 to create another complaint. If possible, provide contact information so responding officers may reach out to you for more details. If necessary, your complaint may be referred to your local precinct's special operations units (Quality of Life, etc.). Thank you for your attention to this matter. We count on New Yorkers like yourself to maintain a safe City, so please let us know if you see other conditions that require our attention.	2026-09-15T23:59:58.000	2026-09-16T00:02:41.000
70425260	NYPD	Noise - Residential	The New York City Police Department responded to the complaint and with the information available observed no evidence of a criminal violation at that time. If the problem persists, please contact 311 to create another complaint. If possible, provide contact information so responding officers may reach out to you for more details. If necessary, your complaint may be referred to your local precinct's special operations units (Quality of Life, etc.). We count on New Yorkers like yourself to maintain a safe City, so please let us know if you see other conditions that require our attention.	2026-09-15T23:33:22.000	2026-09-16T00:02:41.000
70428420	NYPD	Panhandling	The New York City Police Department responded to the complaint and with the information available observed no evidence of a criminal violation at that time. If the problem persists, please contact 311 to create another complaint. If possible, provide contact information so responding officers may reach out to you for more details. If necessary, your complaint may be referred to your local precinct's special operations units (Quality of Life, etc.). We count on New Yorkers like yourself to maintain a safe City, so please let us know if you see other conditions that require our attention.	2026-09-15T21:09:31.000	2026-09-16T00:02:41.000
70419944	NYPD	Encampment	The New York City Police Department responded to the complaint and their investigation determined that no criminal violation existed. The condition was corrected without the need to issue a summons or effect an arrest. If the problem persists, please contact 311 to create another complaint. If possible, provide contact information so responding officers may reach out to you for more details. If necessary, your complaint may be referred to your local precinct's special operations units (Quality of Life, etc.). Thank you for your attention to this matter. We count on New Yorkers like yourself to maintain a safe City, so please let us know if you see other conditions that require our attention.	2026-09-15T23:24:29.000	2026-09-16T00:02:40.000
70423724	NYPD	Noise - Vehicle	The New York City Police Department responded to the complaint and observed no criminal violation upon their arrival. If the problem persists, please contact 311 to create another complaint. If possible, provide contact information so responding officers may reach out to you for more details. We count on New Yorkers like yourself to maintain a safe City, so please let us know if you see other conditions that require our attention.	2026-09-15T19:24:34.000	2026-09-16T00:02:40.000
70430640	NYPD	Noise - Residential	The New York City Police Department responded to the complaint but officers were unable to gain entry into the premises. If the problem persists, please contact 311 to create another complaint and ensure that contact information (e.g., buzzer number, phone number, etc.) is available to assist the responding officers in gaining entry to properly investigate the complaint.  We count on New Yorkers like yourself to maintain a safe City, so please let us know if you see other conditions that require our attention.	2026-09-15T23:36:59.000	2026-09-16T00:02:40.000
70431292	NYPD	Noise - Street/Sidewalk	The New York City Police Department responded to the complaint and their investigation determined that police action was not necessary. If the problem persists, please contact 311 to create another complaint. If possible, provide contact information so responding officers may reach out to you for more details. We count on New Yorkers like yourself to maintain a safe City, so please let us know if you see other conditions that require our attention.	2026-09-15T23:43:45.000	2026-09-16T00:02:40.000
70423133	NYPD	Illegal Parking	The New York City Police Department responded to the complaint and their investigation determined that police action was not necessary. If the problem persists, please contact 311 to create another complaint. If possible, provide contact information so responding officers may reach out to you for more details. We count on New Yorkers like yourself to maintain a safe City, so please let us know if you see other conditions that require our attention.	2026-09-15T22:37:20.000	2026-09-16T00:02:39.000
70420095	NYPD	Illegal Parking	The New York City Police Department responded to the complaint and their investigation determined that no criminal violation existed. The condition was corrected without the need to issue a summons or effect an arrest. If the problem persists, please contact 311 to create another complaint. If possible, provide contact information so responding officers may reach out to you for more details. If necessary, your complaint may be referred to your local precinct's special operations units (Quality of Life, etc.). Thank you for your attention to this matter. We count on New Yorkers like yourself to maintain a safe City, so please let us know if you see other conditions that require our attention.	2026-09-15T23:32:54.000	2026-09-15T23:59:39.000
70426994	NYPD	Illegal Parking	The New York City Police Department responded to the complaint and their investigation determined that a violation of law occurred. Police issued a summons in response to the complaint. Thank you for attention to this matter. We count on New Yorkers like yourself to maintain a safe City, so please let us know if you see other conditions that require our attention.	2026-09-15T23:38:21.000	2026-09-15T23:59:36.000
70426157	NYPD	Noise - Commercial	The New York City Police Department responded to the complaint and their investigation determined that no criminal violation existed. The condition was corrected without the need to issue a summons or effect an arrest. If the problem persists, please contact 311 to create another complaint. If possible, provide contact information so responding officers may reach out to you for more details. If necessary, your complaint may be referred to your local precinct's special operations units (Quality of Life, etc.). Thank you for your attention to this matter. We count on New Yorkers like yourself to maintain a safe City, so please let us know if you see other conditions that require our attention.	2026-09-15T22:56:58.000	2026-09-15T23:59:21.000
70426987	NYPD	Noise - Residential	Your complaint has been received but does not fall under the jurisdiction of the New York City Police Department.  Please contact your local precinct for more information, including which City agency your request was referred to. We count on New Yorkers like yourself to maintain a safe City, so please let us know if you see other conditions that require our attention.	2026-09-15T22:07:58.000	2026-09-15T23:59:20.000
70426221	NYPD	Noise - Commercial	The New York City Police Department responded to the complaint and their investigation determined that no criminal violation existed. The condition was corrected without the need to issue a summons or effect an arrest. If the problem persists, please contact 311 to create another complaint. If possible, provide contact information so responding officers may reach out to you for more details. If necessary, your complaint may be referred to your local precinct's special operations units (Quality of Life, etc.). Thank you for your attention to this matter. We count on New Yorkers like yourself to maintain a safe City, so please let us know if you see other conditions that require our attention.	2026-09-15T23:45:25.000	2026-09-15T23:59:20.000
70425395	NYPD	Illegal Parking	The New York City Police Department responded to the complaint and observed no criminal violation upon their arrival. If the problem persists, please contact 311 to create another complaint. If possible, provide contact information so responding officers may reach out to you for more details. We count on New Yorkers like yourself to maintain a safe City, so please let us know if you see other conditions that require our attention.	2026-09-15T19:24:07.000	2026-09-15T23:59:20.000
70426923	NYPD	Noise - Commercial	The New York City Police Department responded to the complaint and their investigation determined that no criminal violation existed. The condition was corrected without the need to issue a summons or effect an arrest. If the problem persists, please contact 311 to create another complaint. If possible, provide contact information so responding officers may reach out to you for more details. If necessary, your complaint may be referred to your local precinct's special operations units (Quality of Life, etc.). Thank you for your attention to this matter. We count on New Yorkers like yourself to maintain a safe City, so please let us know if you see other conditions that require our attention.	2026-09-15T22:38:06.000	2026-09-15T23:59:20.000
70425524	NYPD	Noise - Street/Sidewalk	The New York City Police Department responded to the complaint and with the information available observed no evidence of a criminal violation at that time. If the problem persists, please contact 311 to create another complaint. If possible, provide contact information so responding officers may reach out to you for more details. If necessary, your complaint may be referred to your local precinct's special operations units (Quality of Life, etc.). We count on New Yorkers like yourself to maintain a safe City, so please let us know if you see other conditions that require our attention.	2026-09-15T20:14:10.000	2026-09-15T23:56:19.000
70429037	NYPD	Noise - Residential	The New York City Police Department responded to the complaint and their investigation determined that police action was not necessary. If the problem persists, please contact 311 to create another complaint. If possible, provide contact information so responding officers may reach out to you for more details. We count on New Yorkers like yourself to maintain a safe City, so please let us know if you see other conditions that require our attention.	2026-09-15T23:00:42.000	2026-09-15T23:56:05.000
70419982	NYPD	Noise - Residential	The New York City Police Department responded to the complaint and their investigation determined that police action was not necessary. If the problem persists, please contact 311 to create another complaint. If possible, provide contact information so responding officers may reach out to you for more details. We count on New Yorkers like yourself to maintain a safe City, so please let us know if you see other conditions that require our attention.	2026-09-15T23:10:41.000	2026-09-15T23:55:53.000
70427496	NYPD	Noise - Residential	The New York City Police Department responded to the complaint and their investigation determined that police action was not necessary. If the problem persists, please contact 311 to create another complaint. If possible, provide contact information so responding officers may reach out to you for more details. We count on New Yorkers like yourself to maintain a safe City, so please let us know if you see other conditions that require our attention.	2026-09-15T23:17:50.000	2026-09-15T23:55:42.000
70428419	NYPD	Noise - Commercial	The New York City Police Department responded to the complaint and their investigation determined that no criminal violation existed. The condition was corrected without the need to issue a summons or effect an arrest. If the problem persists, please contact 311 to create another complaint. If possible, provide contact information so responding officers may reach out to you for more details. If necessary, your complaint may be referred to your local precinct's special operations units (Quality of Life, etc.). Thank you for your attention to this matter. We count on New Yorkers like yourself to maintain a safe City, so please let us know if you see other conditions that require our attention.	2026-09-15T20:36:31.000	2026-09-15T23:55:33.000
70420014	NYPD	Noise - Residential	The New York City Police Department responded to the complaint and their investigation determined that no criminal violation existed. The condition was corrected without the need to issue a summons or effect an arrest. If the problem persists, please contact 311 to create another complaint. If possible, provide contact information so responding officers may reach out to you for more details. If necessary, your complaint may be referred to your local precinct's special operations units (Quality of Life, etc.). Thank you for your attention to this matter. We count on New Yorkers like yourself to maintain a safe City, so please let us know if you see other conditions that require our attention.	2026-09-15T22:40:05.000	2026-09-15T23:55:30.000
70422947	NYPD	Illegal Parking	The New York City Police Department responded to the complaint and their investigation determined that a violation of law occurred. Police issued a summons in response to the complaint. Thank you for attention to this matter. We count on New Yorkers like yourself to maintain a safe City, so please let us know if you see other conditions that require our attention.	2026-09-15T22:53:05.000	2026-09-15T23:55:01.000
70422924	NYPD	Noise - Residential	The New York City Police Department responded to the complaint and observed no criminal violation upon their arrival. If the problem persists, please contact 311 to create another complaint. If possible, provide contact information so responding officers may reach out to you for more details. We count on New Yorkers like yourself to maintain a safe City, so please let us know if you see other conditions that require our attention.	2026-09-15T23:26:22.000	2026-09-15T23:54:38.000
70430493	NYPD	Noise - Residential	The New York City Police Department responded to the complaint and observed no criminal violation upon their arrival. If the problem persists, please contact 311 to create another complaint. If possible, provide contact information so responding officers may reach out to you for more details. We count on New Yorkers like yourself to maintain a safe City, so please let us know if you see other conditions that require our attention.	2026-09-15T23:23:12.000	2026-09-15T23:54:38.000
70421403	NYPD	Illegal Parking	The New York City Police Department responded to the complaint and observed no criminal violation upon their arrival. If the problem persists, please contact 311 to create another complaint. If possible, provide contact information so responding officers may reach out to you for more details. We count on New Yorkers like yourself to maintain a safe City, so please let us know if you see other conditions that require our attention.	2026-09-15T23:28:06.000	2026-09-15T23:54:30.000
70417517	DHS	Homeless Person Assistance	The mobile outreach response team offered services to the individual, but the individual did not accept assistance.	2026-09-14T20:53:04.000	2026-09-15T23:54:23.000
70422958	NYPD	Illegal Parking	The New York City Police Department responded to the complaint and their investigation determined that a violation of law occurred. Police issued a summons in response to the complaint. Thank you for attention to this matter. We count on New Yorkers like yourself to maintain a safe City, so please let us know if you see other conditions that require our attention.	2026-09-15T23:34:17.000	2026-09-15T23:54:15.000
70424693	NYPD	Noise - Street/Sidewalk	The New York City Police Department responded to the complaint and their investigation determined that no criminal violation existed. The condition was corrected without the need to issue a summons or effect an arrest. If the problem persists, please contact 311 to create another complaint. If possible, provide contact information so responding officers may reach out to you for more details. If necessary, your complaint may be referred to your local precinct's special operations units (Quality of Life, etc.). Thank you for your attention to this matter. We count on New Yorkers like yourself to maintain a safe City, so please let us know if you see other conditions that require our attention.	2026-09-15T23:32:15.000	2026-09-15T23:54:05.000
70426179	NYPD	Noise - Street/Sidewalk	The New York City Police Department responded to the complaint and their investigation determined that no criminal violation existed. The condition was corrected without the need to issue a summons or effect an arrest. If the problem persists, please contact 311 to create another complaint. If possible, provide contact information so responding officers may reach out to you for more details. If necessary, your complaint may be referred to your local precinct's special operations units (Quality of Life, etc.). Thank you for your attention to this matter. We count on New Yorkers like yourself to maintain a safe City, so please let us know if you see other conditions that require our attention.	2026-09-15T23:27:47.000	2026-09-15T23:53:58.000
70424583	NYPD	Blocked Driveway	The New York City Police Department responded to the complaint and observed no criminal violation upon their arrival. If the problem persists, please contact 311 to create another complaint. If possible, provide contact information so responding officers may reach out to you for more details. We count on New Yorkers like yourself to maintain a safe City, so please let us know if you see other conditions that require our attention.	2026-09-15T22:35:33.000	2026-09-15T23:53:58.000
70420783	NYPD	Blocked Driveway	The New York City Police Department responded to the complaint and their investigation determined that a violation of law occurred. Police issued a summons in response to the complaint. Thank you for attention to this matter. We count on New Yorkers like yourself to maintain a safe City, so please let us know if you see other conditions that require our attention.	2026-09-15T16:12:16.000	2026-09-15T23:53:57.000
70420132	NYPD	Illegal Parking	The New York City Police Department responded to the complaint and their investigation determined that a violation of law occurred. Police issued a summons in response to the complaint. Thank you for attention to this matter. We count on New Yorkers like yourself to maintain a safe City, so please let us know if you see other conditions that require our attention.	2026-09-15T22:53:50.000	2026-09-15T23:53:57.000
70426181	NYPD	Noise - Residential	The New York City Police Department responded to the complaint and their investigation determined that no criminal violation existed. The condition was corrected without the need to issue a summons or effect an arrest. If the problem persists, please contact 311 to create another complaint. If possible, provide contact information so responding officers may reach out to you for more details. If necessary, your complaint may be referred to your local precinct's special operations units (Quality of Life, etc.). Thank you for your attention to this matter. We count on New Yorkers like yourself to maintain a safe City, so please let us know if you see other conditions that require our attention.	2026-09-15T23:11:01.000	2026-09-15T23:53:57.000
70422267	NYPD	Illegal Parking	Your complaint has been received but does not fall under the jurisdiction of the New York City Police Department.  Please contact your local precinct for more information, including which City agency your request was referred to. We count on New Yorkers like yourself to maintain a safe City, so please let us know if you see other conditions that require our attention.	2026-09-15T22:05:55.000	2026-09-15T23:53:57.000
70431352	NYPD	Illegal Parking	Your complaint has been received but does not fall under the jurisdiction of the New York City Police Department.  Please contact your local precinct for more information, including which City agency your request was referred to. We count on New Yorkers like yourself to maintain a safe City, so please let us know if you see other conditions that require our attention.	2026-09-15T22:11:00.000	2026-09-15T23:53:57.000
70429913	NYPD	Noise - Residential	The New York City Police Department responded to the complaint and their investigation determined that no criminal violation existed. The condition was corrected without the need to issue a summons or effect an arrest. If the problem persists, please contact 311 to create another complaint. If possible, provide contact information so responding officers may reach out to you for more details. If necessary, your complaint may be referred to your local precinct's special operations units (Quality of Life, etc.). Thank you for your attention to this matter. We count on New Yorkers like yourself to maintain a safe City, so please let us know if you see other conditions that require our attention.	2026-09-15T23:42:38.000	2026-09-15T23:53:57.000
70420027	NYPD	Illegal Parking	The New York City Police Department responded to the complaint and their investigation determined that no criminal violation existed. The condition was corrected without the need to issue a summons or effect an arrest. If the problem persists, please contact 311 to create another complaint. If possible, provide contact information so responding officers may reach out to you for more details. If necessary, your complaint may be referred to your local precinct's special operations units (Quality of Life, etc.). Thank you for your attention to this matter. We count on New Yorkers like yourself to maintain a safe City, so please let us know if you see other conditions that require our attention.	2026-09-15T18:12:56.000	2026-09-15T23:53:56.000
70422942	NYPD	Noise - Commercial	The New York City Police Department responded to the complaint and their investigation determined that no criminal violation existed. The condition was corrected without the need to issue a summons or effect an arrest. If the problem persists, please contact 311 to create another complaint. If possible, provide contact information so responding officers may reach out to you for more details. If necessary, your complaint may be referred to your local precinct's special operations units (Quality of Life, etc.). Thank you for your attention to this matter. We count on New Yorkers like yourself to maintain a safe City, so please let us know if you see other conditions that require our attention.	2026-09-15T22:54:03.000	2026-09-15T23:53:56.000
70427549	NYPD	Noise - Residential	The New York City Police Department responded to the complaint but officers were unable to gain entry into the premises. If the problem persists, please contact 311 to create another complaint and ensure that contact information (e.g., buzzer number, phone number, etc.) is available to assist the responding officers in gaining entry to properly investigate the complaint.  We count on New Yorkers like yourself to maintain a safe City, so please let us know if you see other conditions that require our attention.	2026-09-15T22:49:43.000	2026-09-15T23:50:56.000
70429211	NYPD	Noise - Street/Sidewalk	The New York City Police Department responded to the complaint and their investigation determined that no criminal violation existed. The condition was corrected without the need to issue a summons or effect an arrest. If the problem persists, please contact 311 to create another complaint. If possible, provide contact information so responding officers may reach out to you for more details. If necessary, your complaint may be referred to your local precinct's special operations units (Quality of Life, etc.). Thank you for your attention to this matter. We count on New Yorkers like yourself to maintain a safe City, so please let us know if you see other conditions that require our attention.	2026-09-15T22:53:41.000	2026-09-15T23:50:51.000
70420848	NYPD	Noise - Residential	The New York City Police Department responded to the complaint and their investigation determined that police action was not necessary. If the problem persists, please contact 311 to create another complaint. If possible, provide contact information so responding officers may reach out to you for more details. We count on New Yorkers like yourself to maintain a safe City, so please let us know if you see other conditions that require our attention.	2026-09-15T23:45:18.000	2026-09-15T23:50:27.000
70423111	NYPD	Blocked Driveway	The New York City Police Department responded to the complaint and observed no criminal violation upon their arrival. If the problem persists, please contact 311 to create another complaint. If possible, provide contact information so responding officers may reach out to you for more details. We count on New Yorkers like yourself to maintain a safe City, so please let us know if you see other conditions that require our attention.	2026-09-15T21:33:51.000	2026-09-15T23:50:22.000
70423928	NYPD	Noise - Residential	The New York City Police Department responded to the complaint and their investigation determined that police action was not necessary. If the problem persists, please contact 311 to create another complaint. If possible, provide contact information so responding officers may reach out to you for more details. We count on New Yorkers like yourself to maintain a safe City, so please let us know if you see other conditions that require our attention.	2026-09-15T23:47:37.000	2026-09-15T23:50:15.000
70420911	NYPD	Noise - Residential	The New York City Police Department responded to the complaint and their investigation determined that police action was not necessary. If the problem persists, please contact 311 to create another complaint. If possible, provide contact information so responding officers may reach out to you for more details. We count on New Yorkers like yourself to maintain a safe City, so please let us know if you see other conditions that require our attention.	2026-09-15T18:54:01.000	2026-09-15T23:49:54.000
70419908	NYPD	Noise - Residential	The New York City Police Department responded to the complaint and with the information available observed no evidence of a criminal violation at that time. If the problem persists, please contact 311 to create another complaint. If possible, provide contact information so responding officers may reach out to you for more details. If necessary, your complaint may be referred to your local precinct's special operations units (Quality of Life, etc.). We count on New Yorkers like yourself to maintain a safe City, so please let us know if you see other conditions that require our attention.	2026-09-15T23:35:42.000	2026-09-15T23:49:54.000
70425390	NYPD	Illegal Parking	The New York City Police Department responded to the complaint and their investigation determined that a violation of law occurred. Police issued a summons in response to the complaint. Thank you for attention to this matter. We count on New Yorkers like yourself to maintain a safe City, so please let us know if you see other conditions that require our attention.	2026-09-15T20:59:21.000	2026-09-15T23:49:54.000
70424570	NYPD	Noise - Street/Sidewalk	The New York City Police Department responded to the complaint and with the information available observed no evidence of a criminal violation at that time. If the problem persists, please contact 311 to create another complaint. If possible, provide contact information so responding officers may reach out to you for more details. If necessary, your complaint may be referred to your local precinct's special operations units (Quality of Life, etc.). We count on New Yorkers like yourself to maintain a safe City, so please let us know if you see other conditions that require our attention.	2026-09-15T22:41:08.000	2026-09-15T23:49:53.000
70430515	NYPD	Noise - Residential	The New York City Police Department responded to the complaint and their investigation determined that no criminal violation existed. The condition was corrected without the need to issue a summons or effect an arrest. If the problem persists, please contact 311 to create another complaint. If possible, provide contact information so responding officers may reach out to you for more details. If necessary, your complaint may be referred to your local precinct's special operations units (Quality of Life, etc.). Thank you for your attention to this matter. We count on New Yorkers like yourself to maintain a safe City, so please let us know if you see other conditions that require our attention.	2026-09-15T22:25:57.000	2026-09-15T23:49:53.000
70429160	NYPD	Blocked Driveway	The New York City Police Department responded to the complaint and their investigation determined that a violation of law occurred. Police issued a summons in response to the complaint. Thank you for attention to this matter. We count on New Yorkers like yourself to maintain a safe City, so please let us know if you see other conditions that require our attention.	2026-09-15T22:38:05.000	2026-09-15T23:49:53.000
70430690	DOT	Street Condition	The Department of Transportation inspected the condition and issued a Corrective Action Repair (CAR) to the contractor or utility company. The responsible party has a maximum of 30 days to correct the condition. If the condition still exists, a summons will be issued. In some cases, the Department of Transportation will make the repairs and charge the responsible party for the costs.	2026-09-15T21:26:36.000	2026-09-15T23:49:34.000
70419764	DSNY	Derelict Vehicles	The Department of Sanitation does NOT have jurisdiction over vehicles (abandoned or otherwise) that have license plates affixed to them. Your request will be referred to the NYPD for further action.	2026-09-15T10:43:00.000	2026-09-15T23:49:00.000
70419767	DSNY	Derelict Vehicles	The Department of Sanitation does NOT have jurisdiction over vehicles (abandoned or otherwise) that have license plates affixed to them. Your request will be referred to the NYPD for further action.	2026-09-15T10:38:00.000	2026-09-15T23:49:00.000
70430324	DSNY	Derelict Vehicles	The Department of Sanitation does NOT have jurisdiction over vehicles (abandoned or otherwise) that have license plates affixed to them. Your request will be referred to the NYPD for further action.	2026-09-15T10:37:00.000	2026-09-15T23:49:00.000
70422774	DSNY	Derelict Vehicles	The Department of Sanitation (DSNY) couldn't find the condition. Please file a new Service Request with more details about the location.	2026-09-15T10:34:00.000	2026-09-15T23:48:00.000
70424307	DSNY	Derelict Vehicles	The Department of Sanitation does NOT have jurisdiction over vehicles (abandoned or otherwise) that have license plates affixed to them. Your request will be referred to the NYPD for further action.	2026-09-15T10:33:00.000	2026-09-15T23:48:00.000
70427285	DSNY	Derelict Vehicles	The vehicle you reported exceeds the monetary value eligible for collection as junk. The Department of Sanitation has forwarded the request to the NYPD for further action.	2026-09-15T09:33:00.000	2026-09-15T23:47:00.000
70426804	NYPD	Blocked Driveway	The New York City Police Department responded to the complaint and observed no criminal violation upon their arrival. If the problem persists, please contact 311 to create another complaint. If possible, provide contact information so responding officers may reach out to you for more details. We count on New Yorkers like yourself to maintain a safe City, so please let us know if you see other conditions that require our attention.	2026-09-15T21:21:28.000	2026-09-15T23:46:53.000
70425270	NYPD	Illegal Parking	The New York City Police Department responded to the complaint and with the information available observed no evidence of a criminal violation at that time. If the problem persists, please contact 311 to create another complaint. If possible, provide contact information so responding officers may reach out to you for more details. If necessary, your complaint may be referred to your local precinct's special operations units (Quality of Life, etc.). We count on New Yorkers like yourself to maintain a safe City, so please let us know if you see other conditions that require our attention.	2026-09-15T22:55:47.000	2026-09-15T23:46:52.000
70426799	NYPD	Noise - Street/Sidewalk	The New York City Police Department responded to the complaint and observed no criminal violation upon their arrival. If the problem persists, please contact 311 to create another complaint. If possible, provide contact information so responding officers may reach out to you for more details. We count on New Yorkers like yourself to maintain a safe City, so please let us know if you see other conditions that require our attention.	2026-09-15T22:53:17.000	2026-09-15T23:46:49.000
70419930	NYPD	Noise - Residential	The New York City Police Department responded to the complaint and with the information available observed no evidence of a criminal violation at that time. If the problem persists, please contact 311 to create another complaint. If possible, provide contact information so responding officers may reach out to you for more details. If necessary, your complaint may be referred to your local precinct's special operations units (Quality of Life, etc.). We count on New Yorkers like yourself to maintain a safe City, so please let us know if you see other conditions that require our attention.	2026-09-15T22:40:40.000	2026-09-15T23:46:24.000
70420759	NYPD	Noise - Street/Sidewalk	The New York City Police Department responded to the complaint and observed no criminal violation upon their arrival. If the problem persists, please contact 311 to create another complaint. If possible, provide contact information so responding officers may reach out to you for more details. We count on New Yorkers like yourself to maintain a safe City, so please let us know if you see other conditions that require our attention.	2026-09-15T22:51:14.000	2026-09-15T23:46:07.000
70424657	NYPD	Illegal Parking	The New York City Police Department responded to the complaint and their investigation determined that a violation of law occurred. Police issued a summons in response to the complaint. Thank you for attention to this matter. We count on New Yorkers like yourself to maintain a safe City, so please let us know if you see other conditions that require our attention.	2026-09-15T23:32:42.000	2026-09-15T23:46:03.000
70422317	NYPD	Noise - Residential	The New York City Police Department responded to the complaint and with the information available observed no evidence of a criminal violation at that time. If the problem persists, please contact 311 to create another complaint. If possible, provide contact information so responding officers may reach out to you for more details. If necessary, your complaint may be referred to your local precinct's special operations units (Quality of Life, etc.). We count on New Yorkers like yourself to maintain a safe City, so please let us know if you see other conditions that require our attention.	2026-09-15T22:06:58.000	2026-09-15T23:46:02.000
70422772	DSNY	Derelict Vehicles	The owner claimed the vehicle.Â Your request is now closed and no further action will be taken.	2026-09-15T14:19:00.000	2026-09-15T23:46:00.000
70430317	DSNY	Derelict Vehicles	DSNY already has a request to investigate this reportedly abandoned vehicle and cannot open multiple service requests for the same vehicle at once. Your request is being closed while we action the prior report.	2026-09-15T14:28:00.000	2026-09-15T23:46:00.000
70428277	NYPD	Illegal Parking	The New York City Police Department responded to the complaint and their investigation determined that police action was not necessary. If the problem persists, please contact 311 to create another complaint. If possible, provide contact information so responding officers may reach out to you for more details. We count on New Yorkers like yourself to maintain a safe City, so please let us know if you see other conditions that require our attention.	2026-09-15T22:54:26.000	2026-09-15T23:45:41.000
70423927	NYPD	Noise - Residential	The New York City Police Department responded to the complaint and with the information available observed no evidence of a criminal violation at that time. If the problem persists, please contact 311 to create another complaint. If possible, provide contact information so responding officers may reach out to you for more details. If necessary, your complaint may be referred to your local precinct's special operations units (Quality of Life, etc.). We count on New Yorkers like yourself to maintain a safe City, so please let us know if you see other conditions that require our attention.	2026-09-15T22:24:29.000	2026-09-15T23:45:40.000
70422944	NYPD	Blocked Driveway	The New York City Police Department responded to the complaint and their investigation determined that police action was not necessary. If the problem persists, please contact 311 to create another complaint. If possible, provide contact information so responding officers may reach out to you for more details. We count on New Yorkers like yourself to maintain a safe City, so please let us know if you see other conditions that require our attention.	2026-09-15T21:41:49.000	2026-09-15T23:45:40.000
70426005	NYPD	Noise - Street/Sidewalk	The New York City Police Department responded to the complaint and their investigation determined that a violation of law occurred. Police issued a summons in response to the complaint. Thank you for attention to this matter. We count on New Yorkers like yourself to maintain a safe City, so please let us know if you see other conditions that require our attention.	2026-09-15T21:09:36.000	2026-09-15T23:45:40.000
70421378	NYPD	Noise - Commercial	The New York City Police Department responded to the complaint and with the information available observed no evidence of a criminal violation at that time. If the problem persists, please contact 311 to create another complaint. If possible, provide contact information so responding officers may reach out to you for more details. If necessary, your complaint may be referred to your local precinct's special operations units (Quality of Life, etc.). We count on New Yorkers like yourself to maintain a safe City, so please let us know if you see other conditions that require our attention.	2026-09-15T22:45:42.000	2026-09-15T23:45:40.000
70421640	NYPD	Illegal Parking	The New York City Police Department responded to the complaint and their investigation determined that a violation of law occurred. Police issued a summons in response to the complaint. Thank you for attention to this matter. We count on New Yorkers like yourself to maintain a safe City, so please let us know if you see other conditions that require our attention.	2026-09-15T22:56:12.000	2026-09-15T23:45:40.000
70430711	NYPD	Illegal Parking	The New York City Police Department responded to the complaint and their investigation determined that a violation of law occurred. Police issued a summons in response to the complaint. Thank you for attention to this matter. We count on New Yorkers like yourself to maintain a safe City, so please let us know if you see other conditions that require our attention.	2026-09-15T22:20:01.000	2026-09-15T23:45:40.000
70420657	NYPD	Encampment	The New York City Police Department responded to the complaint and observed no encampment at the noted location. If the problem persists, please contact 311 to create another complaint. If possible, provide contact information so responding officers may reach out to you for more details. We count on New Yorkers like yourself to maintain a safe City, so please let us know if you see other conditions that require our attention.	2026-09-15T20:39:21.000	2026-09-15T23:45:39.000
70427286	DSNY	Derelict Vehicles	The Department of Sanitation (DSNY) couldn't find the condition. Please file a new Service Request with more details about the location.	2026-09-15T05:44:00.000	2026-09-15T23:45:00.000
70425672	DOT	Street Condition	The Department of Transportation inspected this complaint and did not find the reported problem.	2026-09-15T08:54:11.000	2026-09-15T23:44:00.000
70421575	DOT	Street Condition	The Department of Transportation inspected the condition and issued a Corrective Action Repair (CAR) to the contractor or utility company. The responsible party has a maximum of 30 days to correct the condition. If the condition still exists, a summons will be issued. In some cases, the Department of Transportation will make the repairs and charge the responsible party for the costs.	2026-09-15T18:01:08.000	2026-09-15T23:43:37.000
70425454	NYPD	Noise - Residential	The Police Department reviewed your complaint and provided additional information below.	2026-09-15T23:41:16.000	2026-09-15T23:42:36.000
70431272	NYPD	Noise - Street/Sidewalk	The New York City Police Department responded to the complaint and their investigation determined that no criminal violation existed. The condition was corrected without the need to issue a summons or effect an arrest. If the problem persists, please contact 311 to create another complaint. If possible, provide contact information so responding officers may reach out to you for more details. If necessary, your complaint may be referred to your local precinct's special operations units (Quality of Life, etc.). Thank you for your attention to this matter. We count on New Yorkers like yourself to maintain a safe City, so please let us know if you see other conditions that require our attention.	2026-09-15T22:51:03.000	2026-09-15T23:42:12.000
70423696	NYPD	Noise - Street/Sidewalk	The New York City Police Department responded to the complaint and their investigation determined that no criminal violation existed. The condition was corrected without the need to issue a summons or effect an arrest. If the problem persists, please contact 311 to create another complaint. If possible, provide contact information so responding officers may reach out to you for more details. If necessary, your complaint may be referred to your local precinct's special operations units (Quality of Life, etc.). Thank you for your attention to this matter. We count on New Yorkers like yourself to maintain a safe City, so please let us know if you see other conditions that require our attention.	2026-09-15T23:01:46.000	2026-09-15T23:42:08.000
70423183	NYPD	Noise - Commercial	The New York City Police Department responded to the complaint and their investigation determined that no criminal violation existed. The condition was corrected without the need to issue a summons or effect an arrest. If the problem persists, please contact 311 to create another complaint. If possible, provide contact information so responding officers may reach out to you for more details. If necessary, your complaint may be referred to your local precinct's special operations units (Quality of Life, etc.). Thank you for your attention to this matter. We count on New Yorkers like yourself to maintain a safe City, so please let us know if you see other conditions that require our attention.	2026-09-15T22:54:20.000	2026-09-15T23:42:08.000
70426225	NYPD	Noise - Street/Sidewalk	The New York City Police Department responded to the complaint and their investigation determined that no criminal violation existed. The condition was corrected without the need to issue a summons or effect an arrest. If the problem persists, please contact 311 to create another complaint. If possible, provide contact information so responding officers may reach out to you for more details. If necessary, your complaint may be referred to your local precinct's special operations units (Quality of Life, etc.). Thank you for your attention to this matter. We count on New Yorkers like yourself to maintain a safe City, so please let us know if you see other conditions that require our attention.	2026-09-15T22:52:11.000	2026-09-15T23:42:08.000
70428330	NYPD	Blocked Driveway	The New York City Police Department responded to the complaint and their investigation determined that a violation of law occurred. Police issued a summons in response to the complaint. Thank you for attention to this matter. We count on New Yorkers like yourself to maintain a safe City, so please let us know if you see other conditions that require our attention.	2026-09-15T19:51:52.000	2026-09-15T23:42:08.000
70431324	NYPD	Noise - Residential	The New York City Police Department responded to the complaint and with the information available observed no evidence of a criminal violation at that time. If the problem persists, please contact 311 to create another complaint. If possible, provide contact information so responding officers may reach out to you for more details. If necessary, your complaint may be referred to your local precinct's special operations units (Quality of Life, etc.). We count on New Yorkers like yourself to maintain a safe City, so please let us know if you see other conditions that require our attention.	2026-09-15T23:01:45.000	2026-09-15T23:42:08.000
70428289	NYPD	Noise - Street/Sidewalk	The New York City Police Department responded to the complaint and with the information available observed no evidence of a criminal violation at that time. If the problem persists, please contact 311 to create another complaint. If possible, provide contact information so responding officers may reach out to you for more details. If necessary, your complaint may be referred to your local precinct's special operations units (Quality of Life, etc.). We count on New Yorkers like yourself to maintain a safe City, so please let us know if you see other conditions that require our attention.	2026-09-15T22:24:10.000	2026-09-15T23:42:08.000
70427702	NYPD	Noise - Street/Sidewalk	The New York City Police Department responded to the complaint and their investigation determined that no criminal violation existed. The condition was corrected without the need to issue a summons or effect an arrest. If the problem persists, please contact 311 to create another complaint. If possible, provide contact information so responding officers may reach out to you for more details. If necessary, your complaint may be referred to your local precinct's special operations units (Quality of Life, etc.). Thank you for your attention to this matter. We count on New Yorkers like yourself to maintain a safe City, so please let us know if you see other conditions that require our attention.	2026-09-15T23:01:06.000	2026-09-15T23:42:08.000
70425983	NYPD	Noise - Street/Sidewalk	The New York City Police Department responded to the complaint and their investigation determined that no criminal violation existed. The condition was corrected without the need to issue a summons or effect an arrest. If the problem persists, please contact 311 to create another complaint. If possible, provide contact information so responding officers may reach out to you for more details. If necessary, your complaint may be referred to your local precinct's special operations units (Quality of Life, etc.). Thank you for your attention to this matter. We count on New Yorkers like yourself to maintain a safe City, so please let us know if you see other conditions that require our attention.	2026-09-15T23:13:02.000	2026-09-15T23:42:07.000
70422397	NYPD	Noise - Residential	The New York City Police Department responded to the complaint and their investigation determined that no criminal violation existed. The condition was corrected without the need to issue a summons or effect an arrest. If the problem persists, please contact 311 to create another complaint. If possible, provide contact information so responding officers may reach out to you for more details. If necessary, your complaint may be referred to your local precinct's special operations units (Quality of Life, etc.). Thank you for your attention to this matter. We count on New Yorkers like yourself to maintain a safe City, so please let us know if you see other conditions that require our attention.	2026-09-15T23:06:20.000	2026-09-15T23:42:07.000
70425335	NYPD	Illegal Parking	The New York City Police Department responded to the complaint and observed no criminal violation upon their arrival. If the problem persists, please contact 311 to create another complaint. If possible, provide contact information so responding officers may reach out to you for more details. We count on New Yorkers like yourself to maintain a safe City, so please let us know if you see other conditions that require our attention.	2026-09-15T22:26:47.000	2026-09-15T23:42:07.000
70426160	NYPD	Noise - Street/Sidewalk	The New York City Police Department responded to the complaint and observed no criminal violation upon their arrival. If the problem persists, please contact 311 to create another complaint. If possible, provide contact information so responding officers may reach out to you for more details. We count on New Yorkers like yourself to maintain a safe City, so please let us know if you see other conditions that require our attention.	2026-09-15T22:00:32.000	2026-09-15T23:42:07.000
70430524	NYPD	Encampment	The New York City Police Department responded to the complaint and with the information available observed no evidence of a criminal violation at that time. If the problem persists, please contact 311 to create another complaint. If possible, provide contact information so responding officers may reach out to you for more details. If necessary, your complaint may be referred to your local precinct's special operations units (Quality of Life, etc.). We count on New Yorkers like yourself to maintain a safe City, so please let us know if you see other conditions that require our attention.	2026-09-15T22:43:28.000	2026-09-15T23:42:07.000
70428227	NYPD	Non-Emergency Police Matter	The New York City Police Department responded to the complaint and observed no criminal violation upon their arrival. If the problem persists, please contact 311 to create another complaint. If possible, provide contact information so responding officers may reach out to you for more details. We count on New Yorkers like yourself to maintain a safe City, so please let us know if you see other conditions that require our attention.	2026-09-15T22:04:50.000	2026-09-15T23:42:07.000
70421076	DOT	Street Condition	The Department of Transportation inspected this complaint and repaired the problem.	2026-09-15T00:44:33.000	2026-09-15T23:40:00.000
70431356	NYPD	Abandoned Vehicle	Your complaint has been received but does not fall under the jurisdiction of the New York City Police Department.  Please contact your local precinct for more information, including which City agency your request was referred to. We count on New Yorkers like yourself to maintain a safe City, so please let us know if you see other conditions that require our attention.	2026-09-15T22:37:25.000	2026-09-15T23:39:07.000
70420114	NYPD	Noise - Residential	The New York City Police Department responded to the complaint and with the information available observed no evidence of a criminal violation at that time. If the problem persists, please contact 311 to create another complaint. If possible, provide contact information so responding officers may reach out to you for more details. If necessary, your complaint may be referred to your local precinct's special operations units (Quality of Life, etc.). We count on New Yorkers like yourself to maintain a safe City, so please let us know if you see other conditions that require our attention.	2026-09-15T22:18:28.000	2026-09-15T23:39:01.000
70421621	NYPD	Noise - Street/Sidewalk	The New York City Police Department responded to the complaint and their investigation determined that no criminal violation existed. The condition was corrected without the need to issue a summons or effect an arrest. If the problem persists, please contact 311 to create another complaint. If possible, provide contact information so responding officers may reach out to you for more details. If necessary, your complaint may be referred to your local precinct's special operations units (Quality of Life, etc.). Thank you for your attention to this matter. We count on New Yorkers like yourself to maintain a safe City, so please let us know if you see other conditions that require our attention.	2026-09-15T22:59:00.000	2026-09-15T23:38:51.000
70424684	NYPD	Noise - Commercial	The New York City Police Department responded to the complaint and their investigation determined that no criminal violation existed. The condition was corrected without the need to issue a summons or effect an arrest. If the problem persists, please contact 311 to create another complaint. If possible, provide contact information so responding officers may reach out to you for more details. If necessary, your complaint may be referred to your local precinct's special operations units (Quality of Life, etc.). Thank you for your attention to this matter. We count on New Yorkers like yourself to maintain a safe City, so please let us know if you see other conditions that require our attention.	2026-09-15T23:01:33.000	2026-09-15T23:38:43.000
70427639	NYPD	Noise - Street/Sidewalk	The New York City Police Department responded to the complaint and their investigation determined that no criminal violation existed. The condition was corrected without the need to issue a summons or effect an arrest. If the problem persists, please contact 311 to create another complaint. If possible, provide contact information so responding officers may reach out to you for more details. If necessary, your complaint may be referred to your local precinct's special operations units (Quality of Life, etc.). Thank you for your attention to this matter. We count on New Yorkers like yourself to maintain a safe City, so please let us know if you see other conditions that require our attention.	2026-09-15T23:10:02.000	2026-09-15T23:38:34.000
70422261	NYPD	Blocked Driveway	The New York City Police Department responded to the complaint and observed no criminal violation upon their arrival. If the problem persists, please contact 311 to create another complaint. If possible, provide contact information so responding officers may reach out to you for more details. We count on New Yorkers like yourself to maintain a safe City, so please let us know if you see other conditions that require our attention.	2026-09-15T20:15:47.000	2026-09-15T23:38:17.000
70426156	NYPD	Illegal Parking	The New York City Police Department responded to the complaint and observed no criminal violation upon their arrival. If the problem persists, please contact 311 to create another complaint. If possible, provide contact information so responding officers may reach out to you for more details. We count on New Yorkers like yourself to maintain a safe City, so please let us know if you see other conditions that require our attention.	2026-09-15T20:35:02.000	2026-09-15T23:38:04.000
70430476	NYPD	Noise - Residential	The New York City Police Department responded to the complaint but officers were unable to gain entry into the premises. If the problem persists, please contact 311 to create another complaint and ensure that contact information (e.g., buzzer number, phone number, etc.) is available to assist the responding officers in gaining entry to properly investigate the complaint.  We count on New Yorkers like yourself to maintain a safe City, so please let us know if you see other conditions that require our attention.	2026-09-15T22:43:49.000	2026-09-15T23:37:44.000
70420036	NYPD	Noise - Street/Sidewalk	The New York City Police Department responded to the complaint and with the information available observed no evidence of a criminal violation at that time. If the problem persists, please contact 311 to create another complaint. If possible, provide contact information so responding officers may reach out to you for more details. If necessary, your complaint may be referred to your local precinct's special operations units (Quality of Life, etc.). We count on New Yorkers like yourself to maintain a safe City, so please let us know if you see other conditions that require our attention.	2026-09-15T22:52:51.000	2026-09-15T23:37:22.000
70422263	NYPD	Illegal Parking	The New York City Police Department responded to the complaint and their investigation determined that no criminal violation existed. The condition was corrected without the need to issue a summons or effect an arrest. If the problem persists, please contact 311 to create another complaint. If possible, provide contact information so responding officers may reach out to you for more details. If necessary, your complaint may be referred to your local precinct's special operations units (Quality of Life, etc.). Thank you for your attention to this matter. We count on New Yorkers like yourself to maintain a safe City, so please let us know if you see other conditions that require our attention.	2026-09-15T21:12:18.000	2026-09-15T23:37:22.000
70420707	NYPD	Blocked Driveway	The New York City Police Department responded to the complaint and their investigation determined that a violation of law occurred. Police issued a summons in response to the complaint. Thank you for attention to this matter. We count on New Yorkers like yourself to maintain a safe City, so please let us know if you see other conditions that require our attention.	2026-09-15T22:59:34.000	2026-09-15T23:37:22.000
70422396	NYPD	Noise - Residential	The New York City Police Department responded to the complaint and their investigation determined that no criminal violation existed. The condition was corrected without the need to issue a summons or effect an arrest. If the problem persists, please contact 311 to create another complaint. If possible, provide contact information so responding officers may reach out to you for more details. If necessary, your complaint may be referred to your local precinct's special operations units (Quality of Life, etc.). Thank you for your attention to this matter. We count on New Yorkers like yourself to maintain a safe City, so please let us know if you see other conditions that require our attention.	2026-09-15T22:53:56.000	2026-09-15T23:37:22.000
70421415	NYPD	Blocked Driveway	The New York City Police Department responded to the complaint and observed no criminal violation upon their arrival. If the problem persists, please contact 311 to create another complaint. If possible, provide contact information so responding officers may reach out to you for more details. We count on New Yorkers like yourself to maintain a safe City, so please let us know if you see other conditions that require our attention.	2026-09-15T20:23:49.000	2026-09-15T23:37:22.000
70424480	NYPD	Blocked Driveway	The New York City Police Department responded to the complaint and observed no criminal violation upon their arrival. If the problem persists, please contact 311 to create another complaint. If possible, provide contact information so responding officers may reach out to you for more details. We count on New Yorkers like yourself to maintain a safe City, so please let us know if you see other conditions that require our attention.	2026-09-15T20:21:00.000	2026-09-15T23:37:21.000
70420660	NYPD	Noise - Residential	The New York City Police Department responded to the complaint and with the information available observed no evidence of a criminal violation at that time. If the problem persists, please contact 311 to create another complaint. If possible, provide contact information so responding officers may reach out to you for more details. If necessary, your complaint may be referred to your local precinct's special operations units (Quality of Life, etc.). We count on New Yorkers like yourself to maintain a safe City, so please let us know if you see other conditions that require our attention.	2026-09-15T20:22:11.000	2026-09-15T23:37:21.000
70430462	NYPD	Illegal Parking	The New York City Police Department responded to the complaint and their investigation determined that police action was not necessary. If the problem persists, please contact 311 to create another complaint. If possible, provide contact information so responding officers may reach out to you for more details. We count on New Yorkers like yourself to maintain a safe City, so please let us know if you see other conditions that require our attention.	2026-09-15T18:33:59.000	2026-09-15T23:37:21.000
70430130	DSNY	Vendor Enforcement	N/A	2026-09-15T23:22:11.000	2026-09-15T23:35:16.000
70428629	DSNY	Vendor Enforcement	N/A	2026-09-15T23:05:20.000	2026-09-15T23:35:12.000
70424433	NYPD	Noise - Street/Sidewalk	The New York City Police Department responded to the complaint and with the information available observed no evidence of a criminal violation at that time. If the problem persists, please contact 311 to create another complaint. If possible, provide contact information so responding officers may reach out to you for more details. If necessary, your complaint may be referred to your local precinct's special operations units (Quality of Life, etc.). We count on New Yorkers like yourself to maintain a safe City, so please let us know if you see other conditions that require our attention.	2026-09-15T23:05:28.000	2026-09-15T23:34:20.000
70424421	NYPD	Noise - Residential	The New York City Police Department responded to the complaint and their investigation determined that no criminal violation existed. The condition was corrected without the need to issue a summons or effect an arrest. If the problem persists, please contact 311 to create another complaint. If possible, provide contact information so responding officers may reach out to you for more details. If necessary, your complaint may be referred to your local precinct's special operations units (Quality of Life, etc.). Thank you for your attention to this matter. We count on New Yorkers like yourself to maintain a safe City, so please let us know if you see other conditions that require our attention.	2026-09-15T22:53:45.000	2026-09-15T23:33:59.000
70422318	NYPD	Noise - Residential	The New York City Police Department responded to the complaint and their investigation determined that no criminal violation existed. The condition was corrected without the need to issue a summons or effect an arrest. If the problem persists, please contact 311 to create another complaint. If possible, provide contact information so responding officers may reach out to you for more details. If necessary, your complaint may be referred to your local precinct's special operations units (Quality of Life, etc.). Thank you for your attention to this matter. We count on New Yorkers like yourself to maintain a safe City, so please let us know if you see other conditions that require our attention.	2026-09-15T20:48:21.000	2026-09-15T23:33:49.000
70422321	NYPD	Blocked Driveway	The New York City Police Department responded to the complaint and their investigation determined that no criminal violation existed. The condition was corrected without the need to issue a summons or effect an arrest. If the problem persists, please contact 311 to create another complaint. If possible, provide contact information so responding officers may reach out to you for more details. If necessary, your complaint may be referred to your local precinct's special operations units (Quality of Life, etc.). Thank you for your attention to this matter. We count on New Yorkers like yourself to maintain a safe City, so please let us know if you see other conditions that require our attention.	2026-09-15T23:19:38.000	2026-09-15T23:33:23.000
70426916	NYPD	Noise - Residential	The New York City Police Department responded to the complaint and their investigation determined that no criminal violation existed. The condition was corrected without the need to issue a summons or effect an arrest. If the problem persists, please contact 311 to create another complaint. If possible, provide contact information so responding officers may reach out to you for more details. If necessary, your complaint may be referred to your local precinct's special operations units (Quality of Life, etc.). Thank you for your attention to this matter. We count on New Yorkers like yourself to maintain a safe City, so please let us know if you see other conditions that require our attention.	2026-09-15T23:12:40.000	2026-09-15T23:33:16.000
70424434	NYPD	Noise - Residential	The New York City Police Department responded to the complaint but officers were unable to gain entry into the premises. If the problem persists, please contact 311 to create another complaint and ensure that contact information (e.g., buzzer number, phone number, etc.) is available to assist the responding officers in gaining entry to properly investigate the complaint.  We count on New Yorkers like yourself to maintain a safe City, so please let us know if you see other conditions that require our attention.	2026-09-15T22:16:11.000	2026-09-15T23:32:54.000
70424142	NYPD	Illegal Parking	The New York City Police Department responded to the complaint and their investigation determined that a violation of law occurred. Police issued a summons in response to the complaint. Thank you for attention to this matter. We count on New Yorkers like yourself to maintain a safe City, so please let us know if you see other conditions that require our attention.	2026-09-15T22:30:43.000	2026-09-15T23:32:38.000
70420760	NYPD	Noise - Street/Sidewalk	The New York City Police Department responded to the complaint and with the information available observed no evidence of a criminal violation at that time. If the problem persists, please contact 311 to create another complaint. If possible, provide contact information so responding officers may reach out to you for more details. If necessary, your complaint may be referred to your local precinct's special operations units (Quality of Life, etc.). We count on New Yorkers like yourself to maintain a safe City, so please let us know if you see other conditions that require our attention.	2026-09-15T22:19:12.000	2026-09-15T23:32:38.000
70430630	NYPD	Drug Activity	The New York City Police Department responded to the complaint and with the information available observed no evidence of a criminal violation at that time. If the problem persists, please contact 311 to create another complaint. If possible, provide contact information so responding officers may reach out to you for more details. If necessary, your complaint may be referred to your local precinct's special operations units (Quality of Life, etc.). We count on New Yorkers like yourself to maintain a safe City, so please let us know if you see other conditions that require our attention.	2026-09-15T22:37:45.000	2026-09-15T23:32:38.000
70429842	NYPD	Abandoned Vehicle	The New York City Police Department responded to the complaint and a report was prepared as part of their investigation. Thank you for attention to this matter. We count on New Yorkers like yourself to maintain a safe City, so please let us know if you see other conditions that require our attention.	2026-09-15T21:32:01.000	2026-09-15T23:32:38.000
70422611	NYPD	Illegal Parking	The New York City Police Department responded to the complaint and their investigation determined that a violation of law occurred. Police issued a summons in response to the complaint. Thank you for attention to this matter. We count on New Yorkers like yourself to maintain a safe City, so please let us know if you see other conditions that require our attention.	2026-09-15T22:48:53.000	2026-09-15T23:32:37.000
70421451	NYPD	Noise - Residential	The New York City Police Department responded to the complaint but officers were unable to gain entry into the premises. If the problem persists, please contact 311 to create another complaint and ensure that contact information (e.g., buzzer number, phone number, etc.) is available to assist the responding officers in gaining entry to properly investigate the complaint.  We count on New Yorkers like yourself to maintain a safe City, so please let us know if you see other conditions that require our attention.	2026-09-15T23:05:29.000	2026-09-15T23:32:37.000
70422946	NYPD	Illegal Parking	The New York City Police Department responded to the complaint and their investigation determined that a violation of law occurred. Police issued a summons in response to the complaint. Thank you for attention to this matter. We count on New Yorkers like yourself to maintain a safe City, so please let us know if you see other conditions that require our attention.	2026-09-15T22:57:00.000	2026-09-15T23:32:36.000
70422756	DPR	Violation of Park Rules	This request has been referred to Parks Enforcement Patrol and will be monitored in upcoming patrols.	2026-09-15T23:02:21.000	2026-09-15T23:31:29.000
70429739	NYPD	Noise - Commercial	The New York City Police Department responded to the complaint and with the information available observed no evidence of a criminal violation at that time. If the problem persists, please contact 311 to create another complaint. If possible, provide contact information so responding officers may reach out to you for more details. If necessary, your complaint may be referred to your local precinct's special operations units (Quality of Life, etc.). We count on New Yorkers like yourself to maintain a safe City, so please let us know if you see other conditions that require our attention.	2026-09-15T20:56:27.000	2026-09-15T23:29:36.000
70427404	NYPD	Illegal Parking	The New York City Police Department responded to the complaint and their investigation determined that a violation of law occurred. Police issued a summons in response to the complaint. Thank you for attention to this matter. We count on New Yorkers like yourself to maintain a safe City, so please let us know if you see other conditions that require our attention.	2026-09-15T23:12:14.000	2026-09-15T23:29:11.000
70425455	NYPD	Noise - Residential	The New York City Police Department responded to the complaint and their investigation determined that no criminal violation existed. The condition was corrected without the need to issue a summons or effect an arrest. If the problem persists, please contact 311 to create another complaint. If possible, provide contact information so responding officers may reach out to you for more details. If necessary, your complaint may be referred to your local precinct's special operations units (Quality of Life, etc.). Thank you for your attention to this matter. We count on New Yorkers like yourself to maintain a safe City, so please let us know if you see other conditions that require our attention.	2026-09-15T23:24:15.000	2026-09-15T23:29:04.000
70428919	DSNY	Derelict Vehicles	The Department of Sanitation (DSNY) couldn't find the condition. Please file a new Service Request with more details about the location.	2026-09-15T21:54:00.000	2026-09-15T23:29:00.000
70423140	NYPD	Noise - Commercial	The New York City Police Department responded to the complaint and with the information available observed no evidence of a criminal violation at that time. If the problem persists, please contact 311 to create another complaint. If possible, provide contact information so responding officers may reach out to you for more details. If necessary, your complaint may be referred to your local precinct's special operations units (Quality of Life, etc.). We count on New Yorkers like yourself to maintain a safe City, so please let us know if you see other conditions that require our attention.	2026-09-15T22:52:29.000	2026-09-15T23:28:48.000
70423113	NYPD	Illegal Parking	The New York City Police Department responded to the complaint and their investigation determined that a violation of law occurred. Police issued a summons in response to the complaint. Thank you for attention to this matter. We count on New Yorkers like yourself to maintain a safe City, so please let us know if you see other conditions that require our attention.	2026-09-15T22:56:14.000	2026-09-15T23:28:40.000
70428246	NYPD	Illegal Parking	The New York City Police Department responded to the complaint and observed no criminal violation upon their arrival. If the problem persists, please contact 311 to create another complaint. If possible, provide contact information so responding officers may reach out to you for more details. We count on New Yorkers like yourself to maintain a safe City, so please let us know if you see other conditions that require our attention.	2026-09-15T23:02:51.000	2026-09-15T23:28:13.000
70431365	NYPD	Illegal Parking	The New York City Police Department responded to the complaint and with the information available observed no evidence of a criminal violation at that time. If the problem persists, please contact 311 to create another complaint. If possible, provide contact information so responding officers may reach out to you for more details. If necessary, your complaint may be referred to your local precinct's special operations units (Quality of Life, etc.). We count on New Yorkers like yourself to maintain a safe City, so please let us know if you see other conditions that require our attention.	2026-09-15T19:54:14.000	2026-09-15T23:27:48.000
70429784	NYPD	Illegal Parking	The New York City Police Department responded to the complaint and observed no criminal violation upon their arrival. If the problem persists, please contact 311 to create another complaint. If possible, provide contact information so responding officers may reach out to you for more details. We count on New Yorkers like yourself to maintain a safe City, so please let us know if you see other conditions that require our attention.	2026-09-15T21:17:08.000	2026-09-15T23:27:47.000
70425997	NYPD	Noise - Residential	The New York City Police Department responded to the complaint and with the information available observed no evidence of a criminal violation at that time. If the problem persists, please contact 311 to create another complaint. If possible, provide contact information so responding officers may reach out to you for more details. If necessary, your complaint may be referred to your local precinct's special operations units (Quality of Life, etc.). We count on New Yorkers like yourself to maintain a safe City, so please let us know if you see other conditions that require our attention.	2026-09-15T20:12:59.000	2026-09-15T23:27:32.000
70420762	NYPD	Noise - Residential	The New York City Police Department responded to the complaint and with the information available observed no evidence of a criminal violation at that time. If the problem persists, please contact 311 to create another complaint. If possible, provide contact information so responding officers may reach out to you for more details. If necessary, your complaint may be referred to your local precinct's special operations units (Quality of Life, etc.). We count on New Yorkers like yourself to maintain a safe City, so please let us know if you see other conditions that require our attention.	2026-09-15T21:34:55.000	2026-09-15T23:27:20.000
70420540	DHS	Homeless Person Assistance	The mobile outreach response team went to the location provided but could not find the individual that you reported.	2026-09-15T19:30:16.000	2026-09-15T23:27:19.000
70424491	NYPD	Noise - Residential	The New York City Police Department responded to the complaint but officers were unable to gain entry into the premises. If the problem persists, please contact 311 to create another complaint and ensure that contact information (e.g., buzzer number, phone number, etc.) is available to assist the responding officers in gaining entry to properly investigate the complaint.  We count on New Yorkers like yourself to maintain a safe City, so please let us know if you see other conditions that require our attention.	2026-09-15T22:32:47.000	2026-09-15T23:27:09.000
70431406	NYPD	Noise - Street/Sidewalk	The New York City Police Department responded to the complaint and their investigation determined that no criminal violation existed. The condition was corrected without the need to issue a summons or effect an arrest. If the problem persists, please contact 311 to create another complaint. If possible, provide contact information so responding officers may reach out to you for more details. If necessary, your complaint may be referred to your local precinct's special operations units (Quality of Life, etc.). Thank you for your attention to this matter. We count on New Yorkers like yourself to maintain a safe City, so please let us know if you see other conditions that require our attention.	2026-09-15T22:59:49.000	2026-09-15T23:26:51.000
70426860	NYPD	Illegal Parking	The New York City Police Department responded to the complaint and with the information available observed no evidence of a criminal violation at that time. If the problem persists, please contact 311 to create another complaint. If possible, provide contact information so responding officers may reach out to you for more details. If necessary, your complaint may be referred to your local precinct's special operations units (Quality of Life, etc.). We count on New Yorkers like yourself to maintain a safe City, so please let us know if you see other conditions that require our attention.	2026-09-15T23:03:55.000	2026-09-15T23:26:24.000
70429875	NYPD	Illegal Parking	The Police Department reviewed your complaint and provided additional information below.	2026-09-15T21:37:18.000	2026-09-15T23:26:16.000
70421425	NYPD	Noise - Residential	The New York City Police Department responded to the complaint and with the information available observed no evidence of a criminal violation at that time. If the problem persists, please contact 311 to create another complaint. If possible, provide contact information so responding officers may reach out to you for more details. If necessary, your complaint may be referred to your local precinct's special operations units (Quality of Life, etc.). We count on New Yorkers like yourself to maintain a safe City, so please let us know if you see other conditions that require our attention.	2026-09-15T21:09:34.000	2026-09-15T23:26:06.000
70424478	NYPD	Noise - Residential	The New York City Police Department responded to the complaint and their investigation determined that no criminal violation existed. The condition was corrected without the need to issue a summons or effect an arrest. If the problem persists, please contact 311 to create another complaint. If possible, provide contact information so responding officers may reach out to you for more details. If necessary, your complaint may be referred to your local precinct's special operations units (Quality of Life, etc.). Thank you for your attention to this matter. We count on New Yorkers like yourself to maintain a safe City, so please let us know if you see other conditions that require our attention.	2026-09-15T22:21:29.000	2026-09-15T23:25:48.000
70427433	NYPD	Noise - Residential	The New York City Police Department responded to the complaint and their investigation determined that no criminal violation existed. The condition was corrected without the need to issue a summons or effect an arrest. If the problem persists, please contact 311 to create another complaint. If possible, provide contact information so responding officers may reach out to you for more details. If necessary, your complaint may be referred to your local precinct's special operations units (Quality of Life, etc.). Thank you for your attention to this matter. We count on New Yorkers like yourself to maintain a safe City, so please let us know if you see other conditions that require our attention.	2026-09-15T22:13:33.000	2026-09-15T23:25:47.000
70426180	NYPD	Noise - Street/Sidewalk	The New York City Police Department responded to the complaint and their investigation determined that police action was not necessary. If the problem persists, please contact 311 to create another complaint. If possible, provide contact information so responding officers may reach out to you for more details. We count on New Yorkers like yourself to maintain a safe City, so please let us know if you see other conditions that require our attention.	2026-09-15T22:26:42.000	2026-09-15T23:25:32.000
70429857	NYPD	Drinking	The New York City Police Department responded to the complaint and their investigation determined that no criminal violation existed. The condition was corrected without the need to issue a summons or effect an arrest. If the problem persists, please contact 311 to create another complaint. If possible, provide contact information so responding officers may reach out to you for more details. If necessary, your complaint may be referred to your local precinct's special operations units (Quality of Life, etc.). Thank you for your attention to this matter. We count on New Yorkers like yourself to maintain a safe City, so please let us know if you see other conditions that require our attention.	2026-09-15T23:10:09.000	2026-09-15T23:25:29.000
70186428	HPD	UNSANITARY CONDITION	HPD conducted an inspection of this complaint. The conditions observed by the inspector did not violate the housing laws enforced by HPD. The complaint has been closed.	2026-08-25T09:05:02.000	2026-09-15T23:25:25.000
70419923	NYPD	Noise - Vehicle	The New York City Police Department responded to the complaint and their investigation determined that no criminal violation existed. The condition was corrected without the need to issue a summons or effect an arrest. If the problem persists, please contact 311 to create another complaint. If possible, provide contact information so responding officers may reach out to you for more details. If necessary, your complaint may be referred to your local precinct's special operations units (Quality of Life, etc.). Thank you for your attention to this matter. We count on New Yorkers like yourself to maintain a safe City, so please let us know if you see other conditions that require our attention.	2026-09-15T22:26:14.000	2026-09-15T23:25:23.000
70427646	NYPD	Noise - Street/Sidewalk	The New York City Police Department responded to the complaint and their investigation determined that no criminal violation existed. The condition was corrected without the need to issue a summons or effect an arrest. If the problem persists, please contact 311 to create another complaint. If possible, provide contact information so responding officers may reach out to you for more details. If necessary, your complaint may be referred to your local precinct's special operations units (Quality of Life, etc.). Thank you for your attention to this matter. We count on New Yorkers like yourself to maintain a safe City, so please let us know if you see other conditions that require our attention.	2026-09-15T22:45:37.000	2026-09-15T23:25:15.000
70430749	NYPD	Noise - Street/Sidewalk	The New York City Police Department responded to the complaint and their investigation determined that no criminal violation existed. The condition was corrected without the need to issue a summons or effect an arrest. If the problem persists, please contact 311 to create another complaint. If possible, provide contact information so responding officers may reach out to you for more details. If necessary, your complaint may be referred to your local precinct's special operations units (Quality of Life, etc.). Thank you for your attention to this matter. We count on New Yorkers like yourself to maintain a safe City, so please let us know if you see other conditions that require our attention.	2026-09-15T23:13:50.000	2026-09-15T23:25:14.000
70422266	NYPD	Illegal Parking	The New York City Police Department responded to the complaint and with the information available observed no evidence of a criminal violation at that time. If the problem persists, please contact 311 to create another complaint. If possible, provide contact information so responding officers may reach out to you for more details. If necessary, your complaint may be referred to your local precinct's special operations units (Quality of Life, etc.). We count on New Yorkers like yourself to maintain a safe City, so please let us know if you see other conditions that require our attention.	2026-09-15T21:16:31.000	2026-09-15T23:25:10.000
70430790	NYPD	Noise - Commercial	The New York City Police Department responded to the complaint and their investigation determined that no criminal violation existed. The condition was corrected without the need to issue a summons or effect an arrest. If the problem persists, please contact 311 to create another complaint. If possible, provide contact information so responding officers may reach out to you for more details. If necessary, your complaint may be referred to your local precinct's special operations units (Quality of Life, etc.). Thank you for your attention to this matter. We count on New Yorkers like yourself to maintain a safe City, so please let us know if you see other conditions that require our attention.	2026-09-15T23:02:29.000	2026-09-15T23:25:09.000
70430748	NYPD	Noise - Street/Sidewalk	The New York City Police Department responded to the complaint and their investigation determined that no criminal violation existed. The condition was corrected without the need to issue a summons or effect an arrest. If the problem persists, please contact 311 to create another complaint. If possible, provide contact information so responding officers may reach out to you for more details. If necessary, your complaint may be referred to your local precinct's special operations units (Quality of Life, etc.). Thank you for your attention to this matter. We count on New Yorkers like yourself to maintain a safe City, so please let us know if you see other conditions that require our attention.	2026-09-15T22:56:53.000	2026-09-15T23:24:54.000
70430547	NYPD	Blocked Driveway	The New York City Police Department responded to the complaint and their investigation determined that no criminal violation existed. The condition was corrected without the need to issue a summons or effect an arrest. If the problem persists, please contact 311 to create another complaint. If possible, provide contact information so responding officers may reach out to you for more details. If necessary, your complaint may be referred to your local precinct's special operations units (Quality of Life, etc.). Thank you for your attention to this matter. We count on New Yorkers like yourself to maintain a safe City, so please let us know if you see other conditions that require our attention.	2026-09-15T23:16:48.000	2026-09-15T23:24:50.000
70420674	NYPD	Noise - Residential	The New York City Police Department responded to the complaint and with the information available observed no evidence of a criminal violation at that time. If the problem persists, please contact 311 to create another complaint. If possible, provide contact information so responding officers may reach out to you for more details. If necessary, your complaint may be referred to your local precinct's special operations units (Quality of Life, etc.). We count on New Yorkers like yourself to maintain a safe City, so please let us know if you see other conditions that require our attention.	2026-09-15T23:11:58.000	2026-09-15T23:24:42.000
70431407	NYPD	Noise - Residential	The New York City Police Department responded to the complaint and their investigation determined that no criminal violation existed. The condition was corrected without the need to issue a summons or effect an arrest. If the problem persists, please contact 311 to create another complaint. If possible, provide contact information so responding officers may reach out to you for more details. If necessary, your complaint may be referred to your local precinct's special operations units (Quality of Life, etc.). Thank you for your attention to this matter. We count on New Yorkers like yourself to maintain a safe City, so please let us know if you see other conditions that require our attention.	2026-09-15T23:09:15.000	2026-09-15T23:24:30.000
70421414	NYPD	Noise - Street/Sidewalk	The New York City Police Department responded to the complaint and with the information available observed no evidence of a criminal violation at that time. If the problem persists, please contact 311 to create another complaint. If possible, provide contact information so responding officers may reach out to you for more details. If necessary, your complaint may be referred to your local precinct's special operations units (Quality of Life, etc.). We count on New Yorkers like yourself to maintain a safe City, so please let us know if you see other conditions that require our attention.	2026-09-15T22:56:40.000	2026-09-15T23:24:14.000
70423776	NYPD	Illegal Parking	The New York City Police Department responded to the complaint and their investigation determined that no criminal violation existed. The condition was corrected without the need to issue a summons or effect an arrest. If the problem persists, please contact 311 to create another complaint. If possible, provide contact information so responding officers may reach out to you for more details. If necessary, your complaint may be referred to your local precinct's special operations units (Quality of Life, etc.). Thank you for your attention to this matter. We count on New Yorkers like yourself to maintain a safe City, so please let us know if you see other conditions that require our attention.	2026-09-15T19:49:01.000	2026-09-15T23:24:07.000
70430174	DOT	Street Condition	The Department of Transportation inspected this complaint and repaired the problem.	2026-09-15T00:43:08.000	2026-09-15T23:24:00.000
70420830	NYPD	Non-Emergency Police Matter	The New York City Police Department responded to the complaint and their investigation determined that no criminal violation existed. The condition was corrected without the need to issue a summons or effect an arrest. If the problem persists, please contact 311 to create another complaint. If possible, provide contact information so responding officers may reach out to you for more details. If necessary, your complaint may be referred to your local precinct's special operations units (Quality of Life, etc.). Thank you for your attention to this matter. We count on New Yorkers like yourself to maintain a safe City, so please let us know if you see other conditions that require our attention.	2026-09-15T21:46:14.000	2026-09-15T23:23:59.000
70425314	NYPD	Illegal Parking	The New York City Police Department responded to the complaint and observed no criminal violation upon their arrival. If the problem persists, please contact 311 to create another complaint. If possible, provide contact information so responding officers may reach out to you for more details. We count on New Yorkers like yourself to maintain a safe City, so please let us know if you see other conditions that require our attention.	2026-09-15T21:39:42.000	2026-09-15T23:23:55.000
70423904	NYPD	Illegal Parking	The New York City Police Department responded to the complaint and their investigation determined that a violation of law occurred. Police issued a summons in response to the complaint. Thank you for attention to this matter. We count on New Yorkers like yourself to maintain a safe City, so please let us know if you see other conditions that require our attention.	2026-09-15T22:21:26.000	2026-09-15T23:23:52.000
70422398	NYPD	Noise - Commercial	The New York City Police Department responded to the complaint and their investigation determined that no criminal violation existed. The condition was corrected without the need to issue a summons or effect an arrest. If the problem persists, please contact 311 to create another complaint. If possible, provide contact information so responding officers may reach out to you for more details. If necessary, your complaint may be referred to your local precinct's special operations units (Quality of Life, etc.). Thank you for your attention to this matter. We count on New Yorkers like yourself to maintain a safe City, so please let us know if you see other conditions that require our attention.	2026-09-15T23:14:18.000	2026-09-15T23:23:52.000
70428943	NYPD	Blocked Driveway	The New York City Police Department responded to the complaint and their investigation determined that police action was not necessary. If the problem persists, please contact 311 to create another complaint. If possible, provide contact information so responding officers may reach out to you for more details. We count on New Yorkers like yourself to maintain a safe City, so please let us know if you see other conditions that require our attention.	2026-09-15T23:14:00.000	2026-09-15T23:23:52.000
70428294	NYPD	Illegal Parking	The New York City Police Department responded to the complaint and with the information available observed no evidence of a criminal violation at that time. If the problem persists, please contact 311 to create another complaint. If possible, provide contact information so responding officers may reach out to you for more details. If necessary, your complaint may be referred to your local precinct's special operations units (Quality of Life, etc.). We count on New Yorkers like yourself to maintain a safe City, so please let us know if you see other conditions that require our attention.	2026-09-15T22:11:36.000	2026-09-15T23:23:52.000
70424515	NYPD	Blocked Driveway	The New York City Police Department responded to the complaint and their investigation determined that no criminal violation existed. The condition was corrected without the need to issue a summons or effect an arrest. If the problem persists, please contact 311 to create another complaint. If possible, provide contact information so responding officers may reach out to you for more details. If necessary, your complaint may be referred to your local precinct's special operations units (Quality of Life, etc.). Thank you for your attention to this matter. We count on New Yorkers like yourself to maintain a safe City, so please let us know if you see other conditions that require our attention.	2026-09-15T23:03:56.000	2026-09-15T23:23:51.000
70424305	DSNY	Derelict Vehicles	The owner claimed the vehicle.Â Your request is now closed and no further action will be taken.	2026-09-15T16:20:00.000	2026-09-15T23:22:00.000
70428815	DSNY	Derelict Vehicles	The Department of Sanitation (DSNY) couldn't find the condition. Please file a new Service Request with more details about the location.	2026-09-15T14:51:00.000	2026-09-15T23:21:00.000
70428808	DSNY	Derelict Vehicles	The Department of Sanitation (DSNY) will only remove abandoned motor vehicles (no boats) without license plates from private property.Â  If a motor vehicle is left abandoned on your property, you may ask the DSNY to remove it. Vehicles owned by the property owner are not eligible for this service. The property owner must complete a waiver and email it to customerservice@dsny.nyc.gov.Â  Access to the property is required and there will be a fee for removal.	2026-09-15T15:02:00.000	2026-09-15T23:21:00.000
70423117	NYPD	Illegal Parking	The New York City Police Department responded to the complaint and their investigation determined that no criminal violation existed. The condition was corrected without the need to issue a summons or effect an arrest. If the problem persists, please contact 311 to create another complaint. If possible, provide contact information so responding officers may reach out to you for more details. If necessary, your complaint may be referred to your local precinct's special operations units (Quality of Life, etc.). Thank you for your attention to this matter. We count on New Yorkers like yourself to maintain a safe City, so please let us know if you see other conditions that require our attention.	2026-09-15T23:03:40.000	2026-09-15T23:20:50.000
70426861	NYPD	Illegal Parking	The New York City Police Department responded to the complaint and their investigation determined that a violation of law occurred. Police issued a summons in response to the complaint. Thank you for attention to this matter. We count on New Yorkers like yourself to maintain a safe City, so please let us know if you see other conditions that require our attention.	2026-09-15T23:09:03.000	2026-09-15T23:20:49.000
70421648	NYPD	Noise - Residential	The New York City Police Department responded to the complaint and with the information available observed no evidence of a criminal violation at that time. If the problem persists, please contact 311 to create another complaint. If possible, provide contact information so responding officers may reach out to you for more details. If necessary, your complaint may be referred to your local precinct's special operations units (Quality of Life, etc.). We count on New Yorkers like yourself to maintain a safe City, so please let us know if you see other conditions that require our attention.	2026-09-15T21:47:16.000	2026-09-15T23:20:44.000
70430442	NYPD	Noise - Street/Sidewalk	The New York City Police Department responded to the complaint and with the information available observed no evidence of a criminal violation at that time. If the problem persists, please contact 311 to create another complaint. If possible, provide contact information so responding officers may reach out to you for more details. If necessary, your complaint may be referred to your local precinct's special operations units (Quality of Life, etc.). We count on New Yorkers like yourself to maintain a safe City, so please let us know if you see other conditions that require our attention.	2026-09-15T22:52:30.000	2026-09-15T23:20:44.000
70426805	NYPD	Blocked Driveway	The New York City Police Department responded to the complaint and observed no criminal violation upon their arrival. If the problem persists, please contact 311 to create another complaint. If possible, provide contact information so responding officers may reach out to you for more details. We count on New Yorkers like yourself to maintain a safe City, so please let us know if you see other conditions that require our attention.	2026-09-15T21:00:06.000	2026-09-15T23:20:44.000
70430453	NYPD	Noise - Vehicle	The New York City Police Department responded to the complaint and with the information available observed no evidence of a criminal violation at that time. If the problem persists, please contact 311 to create another complaint. If possible, provide contact information so responding officers may reach out to you for more details. If necessary, your complaint may be referred to your local precinct's special operations units (Quality of Life, etc.). We count on New Yorkers like yourself to maintain a safe City, so please let us know if you see other conditions that require our attention.	2026-09-15T22:37:58.000	2026-09-15T23:20:44.000
70419898	NYPD	Illegal Parking	The New York City Police Department responded to the complaint and their investigation determined that a violation of law occurred. Police issued a summons in response to the complaint. Thank you for attention to this matter. We count on New Yorkers like yourself to maintain a safe City, so please let us know if you see other conditions that require our attention.	2026-09-15T22:33:37.000	2026-09-15T23:20:43.000
70421397	NYPD	Noise - Residential	The New York City Police Department responded to the complaint and their investigation determined that police action was not necessary. If the problem persists, please contact 311 to create another complaint. If possible, provide contact information so responding officers may reach out to you for more details. We count on New Yorkers like yourself to maintain a safe City, so please let us know if you see other conditions that require our attention.	2026-09-15T23:08:25.000	2026-09-15T23:20:43.000
70427130	NYPD	Illegal Parking	The New York City Police Department responded to the complaint and observed no criminal violation upon their arrival. If the problem persists, please contact 311 to create another complaint. If possible, provide contact information so responding officers may reach out to you for more details. We count on New Yorkers like yourself to maintain a safe City, so please let us know if you see other conditions that require our attention.	2026-09-15T18:38:29.000	2026-09-15T23:20:43.000
70429925	NYPD	Noise - Residential	The New York City Police Department responded to the complaint and their investigation determined that no criminal violation existed. The condition was corrected without the need to issue a summons or effect an arrest. If the problem persists, please contact 311 to create another complaint. If possible, provide contact information so responding officers may reach out to you for more details. If necessary, your complaint may be referred to your local precinct's special operations units (Quality of Life, etc.). Thank you for your attention to this matter. We count on New Yorkers like yourself to maintain a safe City, so please let us know if you see other conditions that require our attention.	2026-09-15T22:20:16.000	2026-09-15T23:20:43.000
70428332	NYPD	Illegal Parking	The New York City Police Department responded to the complaint and their investigation determined that a violation of law occurred. Police issued a summons in response to the complaint. Thank you for attention to this matter. We count on New Yorkers like yourself to maintain a safe City, so please let us know if you see other conditions that require our attention.	2026-09-15T21:25:36.000	2026-09-15T23:20:43.000
70421239	DSNY	Derelict Vehicles	The Department of Sanitation (DSNY) couldn't find the condition. Please file a new Service Request with more details about the location.	2026-09-15T12:03:00.000	2026-09-15T23:20:00.000
70424299	DSNY	Derelict Vehicles	The Department of Sanitation does NOT have jurisdiction over vehicles (abandoned or otherwise) that have license plates affixed to them. Your request will be referred to the NYPD for further action.	2026-09-15T11:22:00.000	2026-09-15T23:20:00.000
70421662	NYPD	Noise - Street/Sidewalk	The New York City Police Department responded to the complaint and their investigation determined that no criminal violation existed. The condition was corrected without the need to issue a summons or effect an arrest. If the problem persists, please contact 311 to create another complaint. If possible, provide contact information so responding officers may reach out to you for more details. If necessary, your complaint may be referred to your local precinct's special operations units (Quality of Life, etc.). Thank you for your attention to this matter. We count on New Yorkers like yourself to maintain a safe City, so please let us know if you see other conditions that require our attention.	2026-09-15T23:04:10.000	2026-09-15T23:18:19.000
70425972	NYPD	Blocked Driveway	The New York City Police Department responded to the complaint and observed no criminal violation upon their arrival. If the problem persists, please contact 311 to create another complaint. If possible, provide contact information so responding officers may reach out to you for more details. We count on New Yorkers like yourself to maintain a safe City, so please let us know if you see other conditions that require our attention.	2026-09-15T21:49:01.000	2026-09-15T23:17:43.000
70420163	NYPD	Noise - Street/Sidewalk	The New York City Police Department responded to the complaint and their investigation determined that no criminal violation existed. The condition was corrected without the need to issue a summons or effect an arrest. If the problem persists, please contact 311 to create another complaint. If possible, provide contact information so responding officers may reach out to you for more details. If necessary, your complaint may be referred to your local precinct's special operations units (Quality of Life, etc.). Thank you for your attention to this matter. We count on New Yorkers like yourself to maintain a safe City, so please let us know if you see other conditions that require our attention.	2026-09-15T23:06:41.000	2026-09-15T23:17:40.000
70428278	NYPD	Illegal Parking	The New York City Police Department responded to the complaint and their investigation determined that a violation of law occurred. Police issued a summons in response to the complaint. Thank you for attention to this matter. We count on New Yorkers like yourself to maintain a safe City, so please let us know if you see other conditions that require our attention.	2026-09-15T22:19:39.000	2026-09-15T23:17:37.000
70422207	NYPD	Illegal Parking	The New York City Police Department responded to the complaint and their investigation determined that no criminal violation existed. The condition was corrected without the need to issue a summons or effect an arrest. If the problem persists, please contact 311 to create another complaint. If possible, provide contact information so responding officers may reach out to you for more details. If necessary, your complaint may be referred to your local precinct's special operations units (Quality of Life, etc.). Thank you for your attention to this matter. We count on New Yorkers like yourself to maintain a safe City, so please let us know if you see other conditions that require our attention.	2026-09-15T21:55:56.000	2026-09-15T23:17:25.000
70430523	NYPD	Illegal Parking	The New York City Police Department responded to the complaint and their investigation determined that no criminal violation existed. The condition was corrected without the need to issue a summons or effect an arrest. If the problem persists, please contact 311 to create another complaint. If possible, provide contact information so responding officers may reach out to you for more details. If necessary, your complaint may be referred to your local precinct's special operations units (Quality of Life, etc.). Thank you for your attention to this matter. We count on New Yorkers like yourself to maintain a safe City, so please let us know if you see other conditions that require our attention.	2026-09-15T17:34:36.000	2026-09-15T23:17:25.000
70429795	NYPD	Noise - Residential	The New York City Police Department responded to the complaint and their investigation determined that no criminal violation existed. The condition was corrected without the need to issue a summons or effect an arrest. If the problem persists, please contact 311 to create another complaint. If possible, provide contact information so responding officers may reach out to you for more details. If necessary, your complaint may be referred to your local precinct's special operations units (Quality of Life, etc.). Thank you for your attention to this matter. We count on New Yorkers like yourself to maintain a safe City, so please let us know if you see other conditions that require our attention.	2026-09-15T18:49:11.000	2026-09-15T23:17:20.000
70423784	NYPD	Noise - Residential	The New York City Police Department responded to the complaint and their investigation determined that no criminal violation existed. The condition was corrected without the need to issue a summons or effect an arrest. If the problem persists, please contact 311 to create another complaint. If possible, provide contact information so responding officers may reach out to you for more details. If necessary, your complaint may be referred to your local precinct's special operations units (Quality of Life, etc.). Thank you for your attention to this matter. We count on New Yorkers like yourself to maintain a safe City, so please let us know if you see other conditions that require our attention.	2026-09-15T18:14:20.000	2026-09-15T23:17:16.000
70422326	NYPD	Noise - Commercial	The New York City Police Department responded to the complaint and with the information available observed no evidence of a criminal violation at that time. If the problem persists, please contact 311 to create another complaint. If possible, provide contact information so responding officers may reach out to you for more details. If necessary, your complaint may be referred to your local precinct's special operations units (Quality of Life, etc.). We count on New Yorkers like yourself to maintain a safe City, so please let us know if you see other conditions that require our attention.	2026-09-15T23:01:56.000	2026-09-15T23:17:11.000
70423124	NYPD	Noise - Street/Sidewalk	The New York City Police Department responded to the complaint and with the information available observed no evidence of a criminal violation at that time. If the problem persists, please contact 311 to create another complaint. If possible, provide contact information so responding officers may reach out to you for more details. If necessary, your complaint may be referred to your local precinct's special operations units (Quality of Life, etc.). We count on New Yorkers like yourself to maintain a safe City, so please let us know if you see other conditions that require our attention.	2026-09-15T23:03:48.000	2026-09-15T23:17:06.000
70425358	NYPD	Illegal Parking	The New York City Police Department responded to the complaint and their investigation determined that a violation of law occurred. Police issued a summons in response to the complaint. Thank you for attention to this matter. We count on New Yorkers like yourself to maintain a safe City, so please let us know if you see other conditions that require our attention.	2026-09-15T21:04:05.000	2026-09-15T23:17:06.000
70425309	NYPD	Illegal Parking	The New York City Police Department responded to the complaint and their investigation determined that police action was not necessary. If the problem persists, please contact 311 to create another complaint. If possible, provide contact information so responding officers may reach out to you for more details. We count on New Yorkers like yourself to maintain a safe City, so please let us know if you see other conditions that require our attention.	2026-09-15T19:08:44.000	2026-09-15T23:17:06.000
70426169	NYPD	Noise - Residential	The New York City Police Department responded to the complaint and their investigation determined that police action was not necessary. If the problem persists, please contact 311 to create another complaint. If possible, provide contact information so responding officers may reach out to you for more details. We count on New Yorkers like yourself to maintain a safe City, so please let us know if you see other conditions that require our attention.	2026-09-15T23:00:27.000	2026-09-15T23:17:06.000
70425948	NYPD	Illegal Parking	The New York City Police Department responded to the complaint and with the information available observed no evidence of a criminal violation at that time. If the problem persists, please contact 311 to create another complaint. If possible, provide contact information so responding officers may reach out to you for more details. If necessary, your complaint may be referred to your local precinct's special operations units (Quality of Life, etc.). We count on New Yorkers like yourself to maintain a safe City, so please let us know if you see other conditions that require our attention.	2026-09-15T17:22:29.000	2026-09-15T23:17:06.000
70430791	NYPD	Noise - Residential	The New York City Police Department responded to the complaint but officers were unable to gain entry into the premises. If the problem persists, please contact 311 to create another complaint and ensure that contact information (e.g., buzzer number, phone number, etc.) is available to assist the responding officers in gaining entry to properly investigate the complaint.  We count on New Yorkers like yourself to maintain a safe City, so please let us know if you see other conditions that require our attention.	2026-09-15T22:44:05.000	2026-09-15T23:17:06.000
70428309	NYPD	Illegal Parking	The New York City Police Department responded to the complaint and their investigation determined that a violation of law occurred. Police issued a summons in response to the complaint. Thank you for attention to this matter. We count on New Yorkers like yourself to maintain a safe City, so please let us know if you see other conditions that require our attention.	2026-09-15T21:10:45.000	2026-09-15T23:17:06.000
70431390	NYPD	Illegal Parking	The New York City Police Department responded to the complaint and their investigation determined that a violation of law occurred. Police issued a summons in response to the complaint. Thank you for attention to this matter. We count on New Yorkers like yourself to maintain a safe City, so please let us know if you see other conditions that require our attention.	2026-09-15T21:53:13.000	2026-09-15T23:17:06.000
70420685	NYPD	Illegal Parking	The New York City Police Department responded to the complaint and their investigation determined that a violation of law occurred. Police issued a summons in response to the complaint. Thank you for attention to this matter. We count on New Yorkers like yourself to maintain a safe City, so please let us know if you see other conditions that require our attention.	2026-09-15T22:32:02.000	2026-09-15T23:17:05.000
70419875	NYPD	Noise - Residential	The New York City Police Department responded to the complaint and with the information available observed no evidence of a criminal violation at that time. If the problem persists, please contact 311 to create another complaint. If possible, provide contact information so responding officers may reach out to you for more details. If necessary, your complaint may be referred to your local precinct's special operations units (Quality of Life, etc.). We count on New Yorkers like yourself to maintain a safe City, so please let us know if you see other conditions that require our attention.	2026-09-15T21:49:18.000	2026-09-15T23:17:05.000
70426220	NYPD	Noise - Residential	The New York City Police Department responded to the complaint and their investigation determined that no criminal violation existed. The condition was corrected without the need to issue a summons or effect an arrest. If the problem persists, please contact 311 to create another complaint. If possible, provide contact information so responding officers may reach out to you for more details. If necessary, your complaint may be referred to your local precinct's special operations units (Quality of Life, etc.). Thank you for your attention to this matter. We count on New Yorkers like yourself to maintain a safe City, so please let us know if you see other conditions that require our attention.	2026-09-15T23:09:38.000	2026-09-15T23:17:05.000
70426795	NYPD	Noise - Vehicle	The New York City Police Department responded to the complaint and with the information available observed no evidence of a criminal violation at that time. If the problem persists, please contact 311 to create another complaint. If possible, provide contact information so responding officers may reach out to you for more details. If necessary, your complaint may be referred to your local precinct's special operations units (Quality of Life, etc.). We count on New Yorkers like yourself to maintain a safe City, so please let us know if you see other conditions that require our attention.	2026-09-15T22:19:43.000	2026-09-15T23:17:05.000
70421428	NYPD	Illegal Parking	The New York City Police Department responded to the complaint and their investigation determined that a violation of law occurred. Police issued a summons in response to the complaint. Thank you for attention to this matter. We count on New Yorkers like yourself to maintain a safe City, so please let us know if you see other conditions that require our attention.	2026-09-15T21:51:56.000	2026-09-15T23:17:03.000
70420682	NYPD	Illegal Parking	The New York City Police Department responded to the complaint and observed no criminal violation upon their arrival. If the problem persists, please contact 311 to create another complaint. If possible, provide contact information so responding officers may reach out to you for more details. We count on New Yorkers like yourself to maintain a safe City, so please let us know if you see other conditions that require our attention.	2026-09-15T22:32:16.000	2026-09-15T23:17:03.000
70426754	NYPD	Noise - Residential	The New York City Police Department responded to the complaint and with the information available observed no evidence of a criminal violation at that time. If the problem persists, please contact 311 to create another complaint. If possible, provide contact information so responding officers may reach out to you for more details. If necessary, your complaint may be referred to your local precinct's special operations units (Quality of Life, etc.). We count on New Yorkers like yourself to maintain a safe City, so please let us know if you see other conditions that require our attention.	2026-09-15T22:43:42.000	2026-09-15T23:17:03.000
70420710	NYPD	Noise - Vehicle	The New York City Police Department responded to the complaint and with the information available observed no evidence of a criminal violation at that time. If the problem persists, please contact 311 to create another complaint. If possible, provide contact information so responding officers may reach out to you for more details. If necessary, your complaint may be referred to your local precinct's special operations units (Quality of Life, etc.). We count on New Yorkers like yourself to maintain a safe City, so please let us know if you see other conditions that require our attention.	2026-09-15T22:24:30.000	2026-09-15T23:17:02.000
70426845	NYPD	Illegal Parking	The New York City Police Department responded to the complaint and observed no criminal violation upon their arrival. If the problem persists, please contact 311 to create another complaint. If possible, provide contact information so responding officers may reach out to you for more details. We count on New Yorkers like yourself to maintain a safe City, so please let us know if you see other conditions that require our attention.	2026-09-15T21:51:39.000	2026-09-15T23:14:02.000
70427282	DSNY	Derelict Vehicles	The vehicle you reported exceeds the monetary value eligible for collection as junk. The Department of Sanitation has forwarded the request to the NYPD for further action.	2026-09-15T11:31:00.000	2026-09-15T23:14:00.000
70429862	NYPD	Abandoned Vehicle	The Police Department reviewed your complaint and provided additional information below.	2026-09-15T18:45:33.000	2026-09-15T23:13:49.000
70425962	NYPD	Illegal Parking	The New York City Police Department responded to the complaint and their investigation determined that a violation of law occurred. Police issued a summons in response to the complaint. Thank you for attention to this matter. We count on New Yorkers like yourself to maintain a safe City, so please let us know if you see other conditions that require our attention.	2026-09-15T22:03:06.000	2026-09-15T23:13:42.000
70422904	NYPD	Illegal Parking	The New York City Police Department responded to the complaint and their investigation determined that a violation of law occurred. Police issued a summons in response to the complaint. Thank you for attention to this matter. We count on New Yorkers like yourself to maintain a safe City, so please let us know if you see other conditions that require our attention.	2026-09-15T22:04:36.000	2026-09-15T23:13:41.000
70430480	NYPD	Illegal Parking	The New York City Police Department responded to the complaint and their investigation determined that a violation of law occurred. Police issued a summons in response to the complaint. Thank you for attention to this matter. We count on New Yorkers like yourself to maintain a safe City, so please let us know if you see other conditions that require our attention.	2026-09-15T22:05:48.000	2026-09-15T23:13:40.000
70422882	NYPD	Illegal Parking	The New York City Police Department responded to the complaint and their investigation determined that a violation of law occurred. Police issued a summons in response to the complaint. Thank you for attention to this matter. We count on New Yorkers like yourself to maintain a safe City, so please let us know if you see other conditions that require our attention.	2026-09-15T22:10:00.000	2026-09-15T23:13:40.000
70427423	NYPD	Noise - Residential	The New York City Police Department responded to the complaint and their investigation determined that no criminal violation existed. The condition was corrected without the need to issue a summons or effect an arrest. If the problem persists, please contact 311 to create another complaint. If possible, provide contact information so responding officers may reach out to you for more details. If necessary, your complaint may be referred to your local precinct's special operations units (Quality of Life, etc.). Thank you for your attention to this matter. We count on New Yorkers like yourself to maintain a safe City, so please let us know if you see other conditions that require our attention.	2026-09-15T22:19:43.000	2026-09-15T23:13:40.000
70419893	NYPD	Abandoned Vehicle	The New York City Police Department responded to the complaint and their investigation determined that no criminal violation existed. The condition was corrected without the need to issue a summons or effect an arrest. If the problem persists, please contact 311 to create another complaint. If possible, provide contact information so responding officers may reach out to you for more details. If necessary, your complaint may be referred to your local precinct's special operations units (Quality of Life, etc.). Thank you for your attention to this matter. We count on New Yorkers like yourself to maintain a safe City, so please let us know if you see other conditions that require our attention.	2026-09-15T22:19:06.000	2026-09-15T23:13:39.000
70424440	NYPD	Illegal Parking	The New York City Police Department responded to the complaint and their investigation determined that a violation of law occurred. Police issued a summons in response to the complaint. Thank you for attention to this matter. We count on New Yorkers like yourself to maintain a safe City, so please let us know if you see other conditions that require our attention.	2026-09-15T22:07:53.000	2026-09-15T23:13:39.000
70426199	NYPD	Noise - Street/Sidewalk	The New York City Police Department responded to the complaint and their investigation determined that no criminal violation existed. The condition was corrected without the need to issue a summons or effect an arrest. If the problem persists, please contact 311 to create another complaint. If possible, provide contact information so responding officers may reach out to you for more details. If necessary, your complaint may be referred to your local precinct's special operations units (Quality of Life, etc.). Thank you for your attention to this matter. We count on New Yorkers like yourself to maintain a safe City, so please let us know if you see other conditions that require our attention.	2026-09-15T21:38:55.000	2026-09-15T23:13:38.000
70428329	NYPD	Noise - Commercial	The New York City Police Department responded to the complaint and with the information available observed no evidence of a criminal violation at that time. If the problem persists, please contact 311 to create another complaint. If possible, provide contact information so responding officers may reach out to you for more details. If necessary, your complaint may be referred to your local precinct's special operations units (Quality of Life, etc.). We count on New Yorkers like yourself to maintain a safe City, so please let us know if you see other conditions that require our attention.	2026-09-15T20:32:58.000	2026-09-15T23:13:38.000
70426808	NYPD	Illegal Parking	The New York City Police Department responded to the complaint and their investigation determined that no criminal violation existed. The condition was corrected without the need to issue a summons or effect an arrest. If the problem persists, please contact 311 to create another complaint. If possible, provide contact information so responding officers may reach out to you for more details. If necessary, your complaint may be referred to your local precinct's special operations units (Quality of Life, etc.). Thank you for your attention to this matter. We count on New Yorkers like yourself to maintain a safe City, so please let us know if you see other conditions that require our attention.	2026-09-15T17:58:10.000	2026-09-15T23:13:38.000
70429797	NYPD	Illegal Parking	The New York City Police Department responded to the complaint and their investigation determined that no criminal violation existed. The condition was corrected without the need to issue a summons or effect an arrest. If the problem persists, please contact 311 to create another complaint. If possible, provide contact information so responding officers may reach out to you for more details. If necessary, your complaint may be referred to your local precinct's special operations units (Quality of Life, etc.). Thank you for your attention to this matter. We count on New Yorkers like yourself to maintain a safe City, so please let us know if you see other conditions that require our attention.	2026-09-15T17:49:51.000	2026-09-15T23:13:38.000
70424439	NYPD	Illegal Parking	The New York City Police Department responded to the complaint and their investigation determined that a violation of law occurred. Police issued a summons in response to the complaint. Thank you for attention to this matter. We count on New Yorkers like yourself to maintain a safe City, so please let us know if you see other conditions that require our attention.	2026-09-15T22:09:17.000	2026-09-15T23:13:37.000
70427555	NYPD	Illegal Parking	The New York City Police Department responded to the complaint and their investigation determined that a violation of law occurred. Police issued a summons in response to the complaint. Thank you for attention to this matter. We count on New Yorkers like yourself to maintain a safe City, so please let us know if you see other conditions that require our attention.	2026-09-15T23:04:52.000	2026-09-15T23:13:37.000
70425960	NYPD	Abandoned Vehicle	The New York City Police Department responded to the complaint and their investigation determined that no criminal violation existed. The condition was corrected without the need to issue a summons or effect an arrest. If the problem persists, please contact 311 to create another complaint. If possible, provide contact information so responding officers may reach out to you for more details. If necessary, your complaint may be referred to your local precinct's special operations units (Quality of Life, etc.). Thank you for your attention to this matter. We count on New Yorkers like yourself to maintain a safe City, so please let us know if you see other conditions that require our attention.	2026-09-15T22:15:37.000	2026-09-15T23:13:36.000
70426017	NYPD	Noise - Commercial	The New York City Police Department responded to the complaint and their investigation determined that no criminal violation existed. The condition was corrected without the need to issue a summons or effect an arrest. If the problem persists, please contact 311 to create another complaint. If possible, provide contact information so responding officers may reach out to you for more details. If necessary, your complaint may be referred to your local precinct's special operations units (Quality of Life, etc.). Thank you for your attention to this matter. We count on New Yorkers like yourself to maintain a safe City, so please let us know if you see other conditions that require our attention.	2026-09-15T23:04:12.000	2026-09-15T23:13:36.000
70428215	NYPD	Noise - Street/Sidewalk	The New York City Police Department responded to the complaint and their investigation determined that no criminal violation existed. The condition was corrected without the need to issue a summons or effect an arrest. If the problem persists, please contact 311 to create another complaint. If possible, provide contact information so responding officers may reach out to you for more details. If necessary, your complaint may be referred to your local precinct's special operations units (Quality of Life, etc.). Thank you for your attention to this matter. We count on New Yorkers like yourself to maintain a safe City, so please let us know if you see other conditions that require our attention.	2026-09-15T22:46:08.000	2026-09-15T23:13:36.000
70422193	NYPD	Noise - Residential	The New York City Police Department responded to the complaint and their investigation determined that no criminal violation existed. The condition was corrected without the need to issue a summons or effect an arrest. If the problem persists, please contact 311 to create another complaint. If possible, provide contact information so responding officers may reach out to you for more details. If necessary, your complaint may be referred to your local precinct's special operations units (Quality of Life, etc.). Thank you for your attention to this matter. We count on New Yorkers like yourself to maintain a safe City, so please let us know if you see other conditions that require our attention.	2026-09-15T22:43:06.000	2026-09-15T23:13:35.000
70420651	NYPD	Noise - Street/Sidewalk	The New York City Police Department responded to the complaint and their investigation determined that no criminal violation existed. The condition was corrected without the need to issue a summons or effect an arrest. If the problem persists, please contact 311 to create another complaint. If possible, provide contact information so responding officers may reach out to you for more details. If necessary, your complaint may be referred to your local precinct's special operations units (Quality of Life, etc.). Thank you for your attention to this matter. We count on New Yorkers like yourself to maintain a safe City, so please let us know if you see other conditions that require our attention.	2026-09-15T22:35:48.000	2026-09-15T23:13:35.000
70429839	NYPD	Illegal Parking	The New York City Police Department responded to the complaint and observed no criminal violation upon their arrival. If the problem persists, please contact 311 to create another complaint. If possible, provide contact information so responding officers may reach out to you for more details. We count on New Yorkers like yourself to maintain a safe City, so please let us know if you see other conditions that require our attention.	2026-09-15T20:20:11.000	2026-09-15T23:13:35.000
70420785	NYPD	Illegal Parking	The New York City Police Department responded to the complaint and their investigation determined that no criminal violation existed. The condition was corrected without the need to issue a summons or effect an arrest. If the problem persists, please contact 311 to create another complaint. If possible, provide contact information so responding officers may reach out to you for more details. If necessary, your complaint may be referred to your local precinct's special operations units (Quality of Life, etc.). Thank you for your attention to this matter. We count on New Yorkers like yourself to maintain a safe City, so please let us know if you see other conditions that require our attention.	2026-09-15T21:57:49.000	2026-09-15T23:10:35.000
70423786	NYPD	Noise - Residential	The New York City Police Department responded to the complaint and their investigation determined that no criminal violation existed. The condition was corrected without the need to issue a summons or effect an arrest. If the problem persists, please contact 311 to create another complaint. If possible, provide contact information so responding officers may reach out to you for more details. If necessary, your complaint may be referred to your local precinct's special operations units (Quality of Life, etc.). Thank you for your attention to this matter. We count on New Yorkers like yourself to maintain a safe City, so please let us know if you see other conditions that require our attention.	2026-09-15T21:26:24.000	2026-09-15T23:10:32.000
70064698	HPD	GENERAL	HPD attempted to conduct an inspection in response to this complaint, but was unable to complete the inspection. Please submit a new service request with 311 if the condition still exists. For more information on the reason why HPD was unable to inspect, contact HPD at the Tenant Information Messaging Service at 212-863-4951.	2026-08-14T15:18:53.000	2026-09-15T23:10:30.000
70422329	NYPD	Illegal Parking	The New York City Police Department responded to the complaint and their investigation determined that no criminal violation existed. The condition was corrected without the need to issue a summons or effect an arrest. If the problem persists, please contact 311 to create another complaint. If possible, provide contact information so responding officers may reach out to you for more details. If necessary, your complaint may be referred to your local precinct's special operations units (Quality of Life, etc.). Thank you for your attention to this matter. We count on New Yorkers like yourself to maintain a safe City, so please let us know if you see other conditions that require our attention.	2026-09-15T21:56:22.000	2026-09-15T23:10:27.000
70422237	NYPD	Noise - Residential	The New York City Police Department responded to the complaint and their investigation determined that police action was not necessary. If the problem persists, please contact 311 to create another complaint. If possible, provide contact information so responding officers may reach out to you for more details. We count on New Yorkers like yourself to maintain a safe City, so please let us know if you see other conditions that require our attention.	2026-09-15T20:43:41.000	2026-09-15T23:10:27.000
70422256	NYPD	Noise - Residential	The New York City Police Department responded to the complaint and their investigation determined that no criminal violation existed. The condition was corrected without the need to issue a summons or effect an arrest. If the problem persists, please contact 311 to create another complaint. If possible, provide contact information so responding officers may reach out to you for more details. If necessary, your complaint may be referred to your local precinct's special operations units (Quality of Life, etc.). Thank you for your attention to this matter. We count on New Yorkers like yourself to maintain a safe City, so please let us know if you see other conditions that require our attention.	2026-09-15T21:15:53.000	2026-09-15T23:10:24.000
70423897	NYPD	Noise - Vehicle	The New York City Police Department responded to the complaint and their investigation determined that police action was not necessary. If the problem persists, please contact 311 to create another complaint. If possible, provide contact information so responding officers may reach out to you for more details. We count on New Yorkers like yourself to maintain a safe City, so please let us know if you see other conditions that require our attention.	2026-09-15T23:02:42.000	2026-09-15T23:10:18.000
70431493	NYPD	Noise - Residential	The New York City Police Department responded to the complaint and their investigation determined that police action was not necessary. If the problem persists, please contact 311 to create another complaint. If possible, provide contact information so responding officers may reach out to you for more details. We count on New Yorkers like yourself to maintain a safe City, so please let us know if you see other conditions that require our attention.	2026-09-15T22:20:35.000	2026-09-15T23:10:18.000
70430574	NYPD	Noise - Residential	The New York City Police Department responded to the complaint and their investigation determined that police action was not necessary. If the problem persists, please contact 311 to create another complaint. If possible, provide contact information so responding officers may reach out to you for more details. We count on New Yorkers like yourself to maintain a safe City, so please let us know if you see other conditions that require our attention.	2026-09-15T23:06:43.000	2026-09-15T23:10:18.000
70419639	DOT	Street Condition	The Department of Transportation inspected this complaint and repaired the problem.	2026-09-15T00:41:42.000	2026-09-15T23:10:00.000
70428664	DOT	Street Condition	The Department of Transportation inspected this complaint and repaired the problem.	2026-09-15T10:27:14.000	2026-09-15T23:10:00.000
70420774	NYPD	Illegal Parking	The New York City Police Department responded to the complaint and observed no criminal violation upon their arrival. If the problem persists, please contact 311 to create another complaint. If possible, provide contact information so responding officers may reach out to you for more details. We count on New Yorkers like yourself to maintain a safe City, so please let us know if you see other conditions that require our attention.	2026-09-15T17:25:25.000	2026-09-15T23:07:18.000
70425829	DSNY	Derelict Vehicles	The owner claimed the vehicle.Â Your request is now closed and no further action will be taken.	2026-09-12T10:04:00.000	2026-09-15T23:07:00.000
70423143	NYPD	Illegal Parking	The New York City Police Department responded to the complaint and observed no criminal violation upon their arrival. If the problem persists, please contact 311 to create another complaint. If possible, provide contact information so responding officers may reach out to you for more details. We count on New Yorkers like yourself to maintain a safe City, so please let us know if you see other conditions that require our attention.	2026-09-15T18:20:47.000	2026-09-15T23:06:57.000
70419878	NYPD	Noise - Residential	The New York City Police Department responded to the complaint and their investigation determined that a violation of law occurred. Police issued a summons in response to the complaint. Thank you for attention to this matter. We count on New Yorkers like yourself to maintain a safe City, so please let us know if you see other conditions that require our attention.	2026-09-15T20:54:10.000	2026-09-15T23:06:44.000
70429864	NYPD	Illegal Parking	The New York City Police Department responded to the complaint and their investigation determined that no criminal violation existed. The condition was corrected without the need to issue a summons or effect an arrest. If the problem persists, please contact 311 to create another complaint. If possible, provide contact information so responding officers may reach out to you for more details. If necessary, your complaint may be referred to your local precinct's special operations units (Quality of Life, etc.). Thank you for your attention to this matter. We count on New Yorkers like yourself to maintain a safe City, so please let us know if you see other conditions that require our attention.	2026-09-15T21:39:01.000	2026-09-15T23:06:29.000
70429745	NYPD	Urinating in Public	The New York City Police Department responded to the complaint and with the information available observed no evidence of a criminal violation at that time. If the problem persists, please contact 311 to create another complaint. If possible, provide contact information so responding officers may reach out to you for more details. If necessary, your complaint may be referred to your local precinct's special operations units (Quality of Life, etc.). We count on New Yorkers like yourself to maintain a safe City, so please let us know if you see other conditions that require our attention.	2026-09-15T22:53:38.000	2026-09-15T23:06:28.000
70423733	NYPD	Illegal Parking	The New York City Police Department responded to the complaint and their investigation determined that police action was not necessary. If the problem persists, please contact 311 to create another complaint. If possible, provide contact information so responding officers may reach out to you for more details. We count on New Yorkers like yourself to maintain a safe City, so please let us know if you see other conditions that require our attention.	2026-09-15T23:02:48.000	2026-09-15T23:06:12.000
70420088	NYPD	Noise - Residential	The New York City Police Department responded to the complaint and their investigation determined that no criminal violation existed. The condition was corrected without the need to issue a summons or effect an arrest. If the problem persists, please contact 311 to create another complaint. If possible, provide contact information so responding officers may reach out to you for more details. If necessary, your complaint may be referred to your local precinct's special operations units (Quality of Life, etc.). Thank you for your attention to this matter. We count on New Yorkers like yourself to maintain a safe City, so please let us know if you see other conditions that require our attention.	2026-09-15T22:53:03.000	2026-09-15T23:05:56.000
70422911	NYPD	Encampment	The New York City Police Department responded to the complaint and their investigation determined that no criminal violation existed. The condition was corrected without the need to issue a summons or effect an arrest. If the problem persists, please contact 311 to create another complaint. If possible, provide contact information so responding officers may reach out to you for more details. If necessary, your complaint may be referred to your local precinct's special operations units (Quality of Life, etc.). Thank you for your attention to this matter. We count on New Yorkers like yourself to maintain a safe City, so please let us know if you see other conditions that require our attention.	2026-09-15T22:46:45.000	2026-09-15T23:05:36.000
70429815	NYPD	Noise - Vehicle	The New York City Police Department responded to the complaint and their investigation determined that police action was not necessary. If the problem persists, please contact 311 to create another complaint. If possible, provide contact information so responding officers may reach out to you for more details. We count on New Yorkers like yourself to maintain a safe City, so please let us know if you see other conditions that require our attention.	2026-09-15T22:57:16.000	2026-09-15T23:05:22.000
70422591	DSNY	Vendor Enforcement	N/A	2026-09-15T22:49:28.000	2026-09-15T23:05:11.000
70430135	DSNY	Vendor Enforcement	N/A	2026-09-15T22:44:11.000	2026-09-15T23:05:11.000
70431368	NYPD	Illegal Parking	The New York City Police Department responded to the complaint and observed no criminal violation upon their arrival. If the problem persists, please contact 311 to create another complaint. If possible, provide contact information so responding officers may reach out to you for more details. We count on New Yorkers like yourself to maintain a safe City, so please let us know if you see other conditions that require our attention.	2026-09-15T20:44:32.000	2026-09-15T23:05:11.000
70429780	NYPD	Illegal Parking	The New York City Police Department responded to the complaint and their investigation determined that a violation of law occurred. Police issued a summons in response to the complaint. Thank you for attention to this matter. We count on New Yorkers like yourself to maintain a safe City, so please let us know if you see other conditions that require our attention.	2026-09-15T22:29:13.000	2026-09-15T23:05:08.000
70430701	NYPD	Noise - Street/Sidewalk	The New York City Police Department responded to the complaint and their investigation determined that no criminal violation existed. The condition was corrected without the need to issue a summons or effect an arrest. If the problem persists, please contact 311 to create another complaint. If possible, provide contact information so responding officers may reach out to you for more details. If necessary, your complaint may be referred to your local precinct's special operations units (Quality of Life, etc.). Thank you for your attention to this matter. We count on New Yorkers like yourself to maintain a safe City, so please let us know if you see other conditions that require our attention.	2026-09-15T22:54:43.000	2026-09-15T23:05:06.000
70420680	NYPD	Blocked Driveway	The New York City Police Department responded to the complaint and their investigation determined that a violation of law occurred. Police issued a summons in response to the complaint. Thank you for attention to this matter. We count on New Yorkers like yourself to maintain a safe City, so please let us know if you see other conditions that require our attention.	2026-09-15T22:32:26.000	2026-09-15T23:05:04.000
70422272	NYPD	Noise - Residential	The New York City Police Department responded to the complaint and with the information available observed no evidence of a criminal violation at that time. If the problem persists, please contact 311 to create another complaint. If possible, provide contact information so responding officers may reach out to you for more details. If necessary, your complaint may be referred to your local precinct's special operations units (Quality of Life, etc.). We count on New Yorkers like yourself to maintain a safe City, so please let us know if you see other conditions that require our attention.	2026-09-15T22:30:18.000	2026-09-15T23:05:02.000
70425354	NYPD	Noise - Vehicle	The New York City Police Department responded to the complaint and their investigation determined that police action was not necessary. If the problem persists, please contact 311 to create another complaint. If possible, provide contact information so responding officers may reach out to you for more details. We count on New Yorkers like yourself to maintain a safe City, so please let us know if you see other conditions that require our attention.	2026-09-15T22:55:44.000	2026-09-15T23:05:02.000
70429781	NYPD	Illegal Parking	The New York City Police Department responded to the complaint and their investigation determined that a violation of law occurred. Police issued a summons in response to the complaint. Thank you for attention to this matter. We count on New Yorkers like yourself to maintain a safe City, so please let us know if you see other conditions that require our attention.	2026-09-15T21:33:03.000	2026-09-15T23:05:02.000
70427647	NYPD	Noise - Residential	The New York City Police Department responded to the complaint and with the information available observed no evidence of a criminal violation at that time. If the problem persists, please contact 311 to create another complaint. If possible, provide contact information so responding officers may reach out to you for more details. If necessary, your complaint may be referred to your local precinct's special operations units (Quality of Life, etc.). We count on New Yorkers like yourself to maintain a safe City, so please let us know if you see other conditions that require our attention.	2026-09-15T22:26:33.000	2026-09-15T23:05:02.000
70429865	NYPD	Illegal Parking	The New York City Police Department responded to the complaint and their investigation determined that no criminal violation existed. The condition was corrected without the need to issue a summons or effect an arrest. If the problem persists, please contact 311 to create another complaint. If possible, provide contact information so responding officers may reach out to you for more details. If necessary, your complaint may be referred to your local precinct's special operations units (Quality of Life, etc.). Thank you for your attention to this matter. We count on New Yorkers like yourself to maintain a safe City, so please let us know if you see other conditions that require our attention.	2026-09-15T21:22:20.000	2026-09-15T23:05:02.000
70429808	NYPD	Noise - Residential	The New York City Police Department responded to the complaint and with the information available observed no evidence of a criminal violation at that time. If the problem persists, please contact 311 to create another complaint. If possible, provide contact information so responding officers may reach out to you for more details. If necessary, your complaint may be referred to your local precinct's special operations units (Quality of Life, etc.). We count on New Yorkers like yourself to maintain a safe City, so please let us know if you see other conditions that require our attention.	2026-09-15T18:58:02.000	2026-09-15T23:05:02.000
70429959	NYPD	Illegal Parking	The New York City Police Department responded to the complaint and observed no criminal violation upon their arrival. If the problem persists, please contact 311 to create another complaint. If possible, provide contact information so responding officers may reach out to you for more details. We count on New Yorkers like yourself to maintain a safe City, so please let us know if you see other conditions that require our attention.	2026-09-15T22:11:53.000	2026-09-15T23:05:01.000
70137394	HPD	UNSANITARY CONDITION	HPD conducted an inspection of this complaint. The conditions observed by the inspector did not violate the housing laws enforced by HPD. The complaint has been closed.	2026-08-20T00:39:12.000	2026-09-15T23:04:52.000
70137393	HPD	UNSANITARY CONDITION	HPD conducted an inspection of this complaint. The conditions observed by the inspector did not violate the housing laws enforced by HPD. The complaint has been closed.	2026-08-20T00:24:12.000	2026-09-15T23:04:28.000
70419866	DSNY	Derelict Vehicles	The owner claimed the vehicle.Â Your request is now closed and no further action will be taken.	2026-09-15T13:31:00.000	2026-09-15T23:04:00.000
70425927	DSNY	Derelict Vehicles	The Department of Sanitation does NOT have jurisdiction over vehicles (abandoned or otherwise) that have license plates affixed to them. Your request will be referred to the NYPD for further action.	2026-09-15T11:35:00.000	2026-09-15T23:04:00.000
69978083	HPD	UNSANITARY CONDITION	HPD conducted an inspection of this complaint. The conditions observed by the inspector did not violate the housing laws enforced by HPD. The complaint has been closed.	2026-08-06T01:13:33.000	2026-09-15T23:03:51.000
69968192	HPD	GENERAL	HPD attempted to conduct an inspection in response to this complaint, but was unable to complete the inspection. Please submit a new service request with 311 if the condition still exists. For more information on the reason why HPD was unable to inspect, contact HPD at the Tenant Information Messaging Service at 212-863-4951.	2026-08-05T13:31:22.000	2026-09-15T23:03:09.000
70422824	DEP	Water Maintenance	The Department of Environmental Protection determined that this complaint is a duplicate of a previously filed complaint. The original complaint is being addressed.	2026-09-15T22:52:45.000	2026-09-15T23:03:00.000
70406127	DSNY	Illegal Dumping	The Department of Sanitation investigated this complaint and issued a Notice of Violation.	2026-09-13T19:31:28.000	2026-09-15T23:02:48.000
70422883	NYPD	Illegal Parking	The New York City Police Department responded to the complaint and their investigation determined that a violation of law occurred. Police issued a summons in response to the complaint. Thank you for attention to this matter. We count on New Yorkers like yourself to maintain a safe City, so please let us know if you see other conditions that require our attention.	2026-09-15T21:09:19.000	2026-09-15T23:02:02.000
70424749	NYPD	Illegal Parking	The New York City Police Department responded to the complaint and their investigation determined that a violation of law occurred. Police issued a summons in response to the complaint. Thank you for attention to this matter. We count on New Yorkers like yourself to maintain a safe City, so please let us know if you see other conditions that require our attention.	2026-09-15T22:37:12.000	2026-09-15T23:01:43.000
70425299	NYPD	Abandoned Vehicle	The New York City Police Department responded to the complaint and with the information available observed no evidence of a criminal violation at that time. If the problem persists, please contact 311 to create another complaint. If possible, provide contact information so responding officers may reach out to you for more details. If necessary, your complaint may be referred to your local precinct's special operations units (Quality of Life, etc.). We count on New Yorkers like yourself to maintain a safe City, so please let us know if you see other conditions that require our attention.	2026-09-15T21:27:55.000	2026-09-15T23:01:38.000
70431318	NYPD	Illegal Parking	The New York City Police Department responded to the complaint and their investigation determined that a violation of law occurred. Police issued a summons in response to the complaint. Thank you for attention to this matter. We count on New Yorkers like yourself to maintain a safe City, so please let us know if you see other conditions that require our attention.	2026-09-15T21:54:11.000	2026-09-15T23:01:32.000
70424549	NYPD	Urinating in Public	The New York City Police Department responded to the complaint and observed no criminal violation upon their arrival. If the problem persists, please contact 311 to create another complaint. If possible, provide contact information so responding officers may reach out to you for more details. We count on New Yorkers like yourself to maintain a safe City, so please let us know if you see other conditions that require our attention.	2026-09-15T21:49:16.000	2026-09-15T23:01:20.000
70419794	DEP	Water Maintenance	The Department of Environmental Protection determined that this complaint is a duplicate of a previously filed complaint. The original complaint is being addressed.	2026-09-15T22:48:19.000	2026-09-15T23:01:00.000
70425994	NYPD	Animal-Abuse	The New York City Police Department responded to the complaint and their investigation determined that no criminal violation existed. The condition was corrected without the need to issue a summons or effect an arrest. If the problem persists, please contact 311 to create another complaint. If possible, provide contact information so responding officers may reach out to you for more details. If necessary, your complaint may be referred to your local precinct's special operations units (Quality of Life, etc.). Thank you for your attention to this matter. We count on New Yorkers like yourself to maintain a safe City, so please let us know if you see other conditions that require our attention.	2026-09-15T15:57:07.000	2026-09-15T23:00:52.000
70425389	NYPD	Illegal Parking	The New York City Police Department responded to the complaint and their investigation determined that a violation of law occurred. Police issued a summons in response to the complaint. Thank you for attention to this matter. We count on New Yorkers like yourself to maintain a safe City, so please let us know if you see other conditions that require our attention.	2026-09-15T19:42:42.000	2026-09-15T23:00:37.000
70425659	NYPD	Illegal Parking	The New York City Police Department responded to the complaint and their investigation determined that a violation of law occurred. Police issued a summons in response to the complaint. Thank you for attention to this matter. We count on New Yorkers like yourself to maintain a safe City, so please let us know if you see other conditions that require our attention.	2026-09-15T20:22:09.000	2026-09-15T23:00:28.000
70421591	NYPD	Noise - Street/Sidewalk	The New York City Police Department responded to the complaint and their investigation determined that no criminal violation existed. The condition was corrected without the need to issue a summons or effect an arrest. If the problem persists, please contact 311 to create another complaint. If possible, provide contact information so responding officers may reach out to you for more details. If necessary, your complaint may be referred to your local precinct's special operations units (Quality of Life, etc.). Thank you for your attention to this matter. We count on New Yorkers like yourself to maintain a safe City, so please let us know if you see other conditions that require our attention.	2026-09-15T22:53:16.000	2026-09-15T23:00:20.000
70426858	NYPD	Abandoned Vehicle	The New York City Police Department responded to the complaint and their investigation determined that no criminal violation existed. The condition was corrected without the need to issue a summons or effect an arrest. If the problem persists, please contact 311 to create another complaint. If possible, provide contact information so responding officers may reach out to you for more details. If necessary, your complaint may be referred to your local precinct's special operations units (Quality of Life, etc.). Thank you for your attention to this matter. We count on New Yorkers like yourself to maintain a safe City, so please let us know if you see other conditions that require our attention.	2026-09-15T19:44:17.000	2026-09-15T23:00:19.000
70431363	NYPD	Noise - Residential	The New York City Police Department responded to the complaint and observed no criminal violation upon their arrival. If the problem persists, please contact 311 to create another complaint. If possible, provide contact information so responding officers may reach out to you for more details. We count on New Yorkers like yourself to maintain a safe City, so please let us know if you see other conditions that require our attention.	2026-09-15T19:56:09.000	2026-09-15T23:00:19.000
70431339	NYPD	Abandoned Vehicle	The New York City Police Department responded to the complaint and with the information available observed no evidence of a criminal violation at that time. If the problem persists, please contact 311 to create another complaint. If possible, provide contact information so responding officers may reach out to you for more details. If necessary, your complaint may be referred to your local precinct's special operations units (Quality of Life, etc.). We count on New Yorkers like yourself to maintain a safe City, so please let us know if you see other conditions that require our attention.	2026-09-15T21:22:00.000	2026-09-15T23:00:19.000
70428349	NYPD	Noise - Residential	The New York City Police Department responded to the complaint and with the information available observed no evidence of a criminal violation at that time. If the problem persists, please contact 311 to create another complaint. If possible, provide contact information so responding officers may reach out to you for more details. If necessary, your complaint may be referred to your local precinct's special operations units (Quality of Life, etc.). We count on New Yorkers like yourself to maintain a safe City, so please let us know if you see other conditions that require our attention.	2026-09-15T22:26:13.000	2026-09-15T23:00:19.000
70426195	NYPD	Illegal Parking	The New York City Police Department responded to the complaint and their investigation determined that a violation of law occurred. Police issued a summons in response to the complaint. Thank you for attention to this matter. We count on New Yorkers like yourself to maintain a safe City, so please let us know if you see other conditions that require our attention.	2026-09-15T22:02:25.000	2026-09-15T23:00:19.000
70420697	NYPD	Abandoned Vehicle	The New York City Police Department responded to the complaint and with the information available observed no evidence of a criminal violation at that time. If the problem persists, please contact 311 to create another complaint. If possible, provide contact information so responding officers may reach out to you for more details. If necessary, your complaint may be referred to your local precinct's special operations units (Quality of Life, etc.). We count on New Yorkers like yourself to maintain a safe City, so please let us know if you see other conditions that require our attention.	2026-09-15T21:25:06.000	2026-09-15T23:00:19.000
70423785	NYPD	Noise - Residential	The New York City Police Department responded to the complaint and their investigation determined that a violation of law occurred. Police issued a summons in response to the complaint. Thank you for attention to this matter. We count on New Yorkers like yourself to maintain a safe City, so please let us know if you see other conditions that require our attention.	2026-09-15T22:30:48.000	2026-09-15T23:00:19.000
70411391	DHS	Homeless Person Assistance	The mobile outreach response team went to the location provided but could not find the individual that you reported.	2026-09-14T07:42:33.000	2026-09-15T23:00:15.000
70430373	DEP	Water Maintenance	The Department of Environmental Protection determined that this complaint is a duplicate of a previously filed complaint. The original complaint is being addressed.	2026-09-15T22:41:32.000	2026-09-15T23:00:00.000
70243618	DEP	Noise	The Department of Environmental Protection (DEP) didn't observe a violation of the NYC Air or Noise Code at the time of inspection and couldn't issue a summons.  If the problem still exists, please go to nyc.gov/311 or call 311 to file a new Service Request. If you're outside of New York City, please call (212) NEW-YORK (212-639-9675).	2026-08-30T07:52:38.000	2026-09-15T23:00:00.000
70420699	NYPD	Non-Emergency Police Matter	The New York City Police Department responded to the complaint and with the information available observed no evidence of a criminal violation at that time. If the problem persists, please contact 311 to create another complaint. If possible, provide contact information so responding officers may reach out to you for more details. If necessary, your complaint may be referred to your local precinct's special operations units (Quality of Life, etc.). We count on New Yorkers like yourself to maintain a safe City, so please let us know if you see other conditions that require our attention.	2026-09-15T19:57:19.000	2026-09-15T22:57:18.000
70431362	NYPD	Noise - Residential	The New York City Police Department responded to the complaint and with the information available observed no evidence of a criminal violation at that time. If the problem persists, please contact 311 to create another complaint. If possible, provide contact information so responding officers may reach out to you for more details. If necessary, your complaint may be referred to your local precinct's special operations units (Quality of Life, etc.). We count on New Yorkers like yourself to maintain a safe City, so please let us know if you see other conditions that require our attention.	2026-09-15T22:38:05.000	2026-09-15T22:57:06.000
70424489	NYPD	Drug Activity	The New York City Police Department responded to the complaint but officers were unable to gain entry into the premises. If the problem persists, please contact 311 to create another complaint and ensure that contact information (e.g., buzzer number, phone number, etc.) is available to assist the responding officers in gaining entry to properly investigate the complaint.  We count on New Yorkers like yourself to maintain a safe City, so please let us know if you see other conditions that require our attention.	2026-09-15T22:15:14.000	2026-09-15T22:57:00.000
70419766	DSNY	Derelict Vehicles	The Department of Sanitation does NOT have jurisdiction over vehicles (abandoned or otherwise) that have license plates affixed to them. Your request will be referred to the NYPD for further action.	2026-09-15T10:46:00.000	2026-09-15T22:57:00.000
70421449	NYPD	Noise - Commercial	The New York City Police Department responded to the complaint and their investigation determined that no criminal violation existed. The condition was corrected without the need to issue a summons or effect an arrest. If the problem persists, please contact 311 to create another complaint. If possible, provide contact information so responding officers may reach out to you for more details. If necessary, your complaint may be referred to your local precinct's special operations units (Quality of Life, etc.). Thank you for your attention to this matter. We count on New Yorkers like yourself to maintain a safe City, so please let us know if you see other conditions that require our attention.	2026-09-15T22:18:25.000	2026-09-15T22:56:36.000
70420836	NYPD	Noise - Residential	The New York City Police Department responded to the complaint and with the information available observed no evidence of a criminal violation at that time. If the problem persists, please contact 311 to create another complaint. If possible, provide contact information so responding officers may reach out to you for more details. If necessary, your complaint may be referred to your local precinct's special operations units (Quality of Life, etc.). We count on New Yorkers like yourself to maintain a safe City, so please let us know if you see other conditions that require our attention.	2026-09-15T17:23:08.000	2026-09-15T22:56:22.000
70427146	DOT	Street Condition	The Department of Transportation inspected this complaint and did not find the reported problem.	2026-09-15T13:49:59.000	2026-09-15T22:56:00.000
70425824	DSNY	Derelict Vehicles	The Department of Sanitation (DSNY) couldn't find the condition. Please file a new Service Request with more details about the location.	2026-09-15T08:26:00.000	2026-09-15T22:56:00.000
70422770	DSNY	Derelict Vehicles	The vehicle you reported exceeds the monetary value eligible for collection as junk. The Department of Sanitation has forwarded the request to the NYPD for further action.	2026-09-15T08:37:00.000	2026-09-15T22:56:00.000
70421240	DSNY	Derelict Vehicles	The Department of Sanitation (DSNY) couldn't find the condition. Please file a new Service Request with more details about the location.	2026-09-14T09:25:00.000	2026-09-15T22:56:00.000
70422394	NYPD	Illegal Parking	The New York City Police Department responded to the complaint and with the information available observed no evidence of a criminal violation at that time. If the problem persists, please contact 311 to create another complaint. If possible, provide contact information so responding officers may reach out to you for more details. If necessary, your complaint may be referred to your local precinct's special operations units (Quality of Life, etc.). We count on New Yorkers like yourself to maintain a safe City, so please let us know if you see other conditions that require our attention.	2026-09-15T20:48:25.000	2026-09-15T22:55:57.000
70429704	NYPD	Noise - Street/Sidewalk	The New York City Police Department responded to the complaint and with the information available observed no evidence of a criminal violation at that time. If the problem persists, please contact 311 to create another complaint. If possible, provide contact information so responding officers may reach out to you for more details. If necessary, your complaint may be referred to your local precinct's special operations units (Quality of Life, etc.). We count on New Yorkers like yourself to maintain a safe City, so please let us know if you see other conditions that require our attention.	2026-09-15T21:03:02.000	2026-09-15T22:55:49.000
70429793	NYPD	Noise - Street/Sidewalk	The New York City Police Department responded to the complaint and their investigation determined that a violation of law occurred. Police issued a summons in response to the complaint. Thank you for attention to this matter. We count on New Yorkers like yourself to maintain a safe City, so please let us know if you see other conditions that require our attention.	2026-09-15T22:22:06.000	2026-09-15T22:55:42.000
70420698	NYPD	Abandoned Vehicle	The New York City Police Department responded to the complaint and their investigation determined that no criminal violation existed. The condition was corrected without the need to issue a summons or effect an arrest. If the problem persists, please contact 311 to create another complaint. If possible, provide contact information so responding officers may reach out to you for more details. If necessary, your complaint may be referred to your local precinct's special operations units (Quality of Life, etc.). Thank you for your attention to this matter. We count on New Yorkers like yourself to maintain a safe City, so please let us know if you see other conditions that require our attention.	2026-09-15T22:08:28.000	2026-09-15T22:55:42.000
70423737	NYPD	Illegal Parking	The New York City Police Department responded to the complaint and their investigation determined that a violation of law occurred. Police issued a summons in response to the complaint. Thank you for attention to this matter. We count on New Yorkers like yourself to maintain a safe City, so please let us know if you see other conditions that require our attention.	2026-09-15T21:49:21.000	2026-09-15T22:55:42.000
70425957	NYPD	Non-Emergency Police Matter	The New York City Police Department responded to the complaint but officers were unable to gain entry into the premises. If the problem persists, please contact 311 to create another complaint and ensure that contact information (e.g., buzzer number, phone number, etc.) is available to assist the responding officers in gaining entry to properly investigate the complaint.  We count on New Yorkers like yourself to maintain a safe City, so please let us know if you see other conditions that require our attention.	2026-09-15T20:41:43.000	2026-09-15T22:55:41.000
70423783	NYPD	Noise - Street/Sidewalk	The New York City Police Department responded to the complaint and their investigation determined that a violation of law occurred. Police issued a summons in response to the complaint. Thank you for attention to this matter. We count on New Yorkers like yourself to maintain a safe City, so please let us know if you see other conditions that require our attention.	2026-09-15T21:23:08.000	2026-09-15T22:55:41.000
70423751	NYPD	Illegal Parking	The New York City Police Department responded to the complaint and observed no criminal violation upon their arrival. If the problem persists, please contact 311 to create another complaint. If possible, provide contact information so responding officers may reach out to you for more details. We count on New Yorkers like yourself to maintain a safe City, so please let us know if you see other conditions that require our attention.	2026-09-15T22:43:01.000	2026-09-15T22:55:41.000
70420885	NYPD	Noise - Vehicle	The New York City Police Department responded to the complaint and with the information available observed no evidence of a criminal violation at that time. If the problem persists, please contact 311 to create another complaint. If possible, provide contact information so responding officers may reach out to you for more details. If necessary, your complaint may be referred to your local precinct's special operations units (Quality of Life, etc.). We count on New Yorkers like yourself to maintain a safe City, so please let us know if you see other conditions that require our attention.	2026-09-15T21:50:23.000	2026-09-15T22:55:41.000
70430647	NYPD	Illegal Parking	The New York City Police Department responded to the complaint and their investigation determined that a violation of law occurred. Police issued a summons in response to the complaint. Thank you for attention to this matter. We count on New Yorkers like yourself to maintain a safe City, so please let us know if you see other conditions that require our attention.	2026-09-15T22:10:56.000	2026-09-15T22:55:40.000
70426797	NYPD	Noise - Street/Sidewalk	The New York City Police Department responded to the complaint and their investigation determined that a violation of law occurred. Police issued a summons in response to the complaint. Thank you for attention to this matter. We count on New Yorkers like yourself to maintain a safe City, so please let us know if you see other conditions that require our attention.	2026-09-15T21:29:36.000	2026-09-15T22:55:40.000
70430648	NYPD	Illegal Parking	The New York City Police Department responded to the complaint and their investigation determined that a violation of law occurred. Police issued a summons in response to the complaint. Thank you for attention to this matter. We count on New Yorkers like yourself to maintain a safe City, so please let us know if you see other conditions that require our attention.	2026-09-15T22:17:48.000	2026-09-15T22:55:40.000
70422177	NYPD	Noise - Residential	The New York City Police Department responded to the complaint and observed no criminal violation upon their arrival. If the problem persists, please contact 311 to create another complaint. If possible, provide contact information so responding officers may reach out to you for more details. We count on New Yorkers like yourself to maintain a safe City, so please let us know if you see other conditions that require our attention.	2026-09-15T22:30:01.000	2026-09-15T22:55:40.000
70429905	NYPD	Blocked Driveway	The New York City Police Department responded to the complaint and their investigation determined that a violation of law occurred. Police issued a summons in response to the complaint. Thank you for attention to this matter. We count on New Yorkers like yourself to maintain a safe City, so please let us know if you see other conditions that require our attention.	2026-09-15T22:27:26.000	2026-09-15T22:55:39.000
70431360	NYPD	Noise - Street/Sidewalk	The New York City Police Department responded to the complaint and their investigation determined that a violation of law occurred. Police issued a summons in response to the complaint. Thank you for attention to this matter. We count on New Yorkers like yourself to maintain a safe City, so please let us know if you see other conditions that require our attention.	2026-09-15T22:09:55.000	2026-09-15T22:55:39.000
70420711	NYPD	Noise - Street/Sidewalk	The New York City Police Department responded to the complaint and their investigation determined that a violation of law occurred. Police issued a summons in response to the complaint. Thank you for attention to this matter. We count on New Yorkers like yourself to maintain a safe City, so please let us know if you see other conditions that require our attention.	2026-09-15T22:07:34.000	2026-09-15T22:55:39.000
70425324	NYPD	Noise - Street/Sidewalk	The New York City Police Department responded to the complaint and their investigation determined that a violation of law occurred. Police issued a summons in response to the complaint. Thank you for attention to this matter. We count on New Yorkers like yourself to maintain a safe City, so please let us know if you see other conditions that require our attention.	2026-09-15T22:13:39.000	2026-09-15T22:55:39.000
70431359	NYPD	Noise - Street/Sidewalk	The New York City Police Department responded to the complaint and their investigation determined that a violation of law occurred. Police issued a summons in response to the complaint. Thank you for attention to this matter. We count on New Yorkers like yourself to maintain a safe City, so please let us know if you see other conditions that require our attention.	2026-09-15T22:23:56.000	2026-09-15T22:55:38.000
70426798	NYPD	Noise - Street/Sidewalk	The New York City Police Department responded to the complaint and their investigation determined that a violation of law occurred. Police issued a summons in response to the complaint. Thank you for attention to this matter. We count on New Yorkers like yourself to maintain a safe City, so please let us know if you see other conditions that require our attention.	2026-09-15T22:40:04.000	2026-09-15T22:55:37.000
70431387	NYPD	Illegal Parking	The New York City Police Department responded to the complaint and their investigation determined that a violation of law occurred. Police issued a summons in response to the complaint. Thank you for attention to this matter. We count on New Yorkers like yourself to maintain a safe City, so please let us know if you see other conditions that require our attention.	2026-09-15T21:25:48.000	2026-09-15T22:55:37.000
70426828	NYPD	Noise - Vehicle	The New York City Police Department responded to the complaint and their investigation determined that police action was not necessary. If the problem persists, please contact 311 to create another complaint. If possible, provide contact information so responding officers may reach out to you for more details. We count on New Yorkers like yourself to maintain a safe City, so please let us know if you see other conditions that require our attention.	2026-09-15T22:51:57.000	2026-09-15T22:55:37.000
70431361	NYPD	Noise - Street/Sidewalk	The New York City Police Department responded to the complaint and their investigation determined that a violation of law occurred. Police issued a summons in response to the complaint. Thank you for attention to this matter. We count on New Yorkers like yourself to maintain a safe City, so please let us know if you see other conditions that require our attention.	2026-09-15T22:29:38.000	2026-09-15T22:55:37.000
70368551	HPD	DOOR/WINDOW	HPD conducted an inspection of this complaint. The conditions observed by the inspector did not violate the housing laws enforced by HPD. The complaint has been closed.	2026-09-10T13:43:05.000	2026-09-15T22:54:50.000
70277653	HPD	PLUMBING	HPD attempted to conduct an inspection in response to this complaint, but was unable to complete the inspection. Please submit a new service request with 311 if the condition still exists. For more information on the reason why HPD was unable to inspect, contact HPD at the Tenant Information Messaging Service at 212-863-4951.	2026-09-02T11:04:37.000	2026-09-15T22:53:47.000
70427654	NYPD	Illegal Parking	The New York City Police Department responded to the complaint and their investigation determined that a violation of law occurred. Police issued a summons in response to the complaint. Thank you for attention to this matter. We count on New Yorkers like yourself to maintain a safe City, so please let us know if you see other conditions that require our attention.	2026-09-15T22:36:37.000	2026-09-15T22:52:36.000
70429000	NYPD	Blocked Driveway	The New York City Police Department responded to the complaint and their investigation determined that no criminal violation existed. The condition was corrected without the need to issue a summons or effect an arrest. If the problem persists, please contact 311 to create another complaint. If possible, provide contact information so responding officers may reach out to you for more details. If necessary, your complaint may be referred to your local precinct's special operations units (Quality of Life, etc.). Thank you for your attention to this matter. We count on New Yorkers like yourself to maintain a safe City, so please let us know if you see other conditions that require our attention.	2026-09-15T22:20:08.000	2026-09-15T22:52:31.000
70426777	NYPD	Blocked Driveway	The New York City Police Department responded to the complaint and their investigation determined that no criminal violation existed. The condition was corrected without the need to issue a summons or effect an arrest. If the problem persists, please contact 311 to create another complaint. If possible, provide contact information so responding officers may reach out to you for more details. If necessary, your complaint may be referred to your local precinct's special operations units (Quality of Life, etc.). Thank you for your attention to this matter. We count on New Yorkers like yourself to maintain a safe City, so please let us know if you see other conditions that require our attention.	2026-09-15T19:44:30.000	2026-09-15T22:52:14.000
70017964	HPD	UNSANITARY CONDITION	HPD attempted to conduct an inspection in response to this complaint, but was unable to complete the inspection. Please submit a new service request with 311 if the condition still exists. For more information on the reason why HPD was unable to inspect, contact HPD at the Tenant Information Messaging Service at 212-863-4951.	2026-08-10T11:09:37.000	2026-09-15T22:51:57.000
70428399	NYPD	Blocked Driveway	The New York City Police Department responded to the complaint and with the information available observed no evidence of a criminal violation at that time. If the problem persists, please contact 311 to create another complaint. If possible, provide contact information so responding officers may reach out to you for more details. If necessary, your complaint may be referred to your local precinct's special operations units (Quality of Life, etc.). We count on New Yorkers like yourself to maintain a safe City, so please let us know if you see other conditions that require our attention.	2026-09-15T21:29:41.000	2026-09-15T22:51:56.000
70423965	NYPD	Non-Emergency Police Matter	The New York City Police Department responded to the complaint and with the information available observed no evidence of a criminal violation at that time. If the problem persists, please contact 311 to create another complaint. If possible, provide contact information so responding officers may reach out to you for more details. If necessary, your complaint may be referred to your local precinct's special operations units (Quality of Life, etc.). We count on New Yorkers like yourself to maintain a safe City, so please let us know if you see other conditions that require our attention.	2026-09-15T22:17:22.000	2026-09-15T22:51:56.000
70431673	NYPD	Panhandling	The New York City Police Department responded to the complaint and their investigation determined that no criminal violation existed. The condition was corrected without the need to issue a summons or effect an arrest. If the problem persists, please contact 311 to create another complaint. If possible, provide contact information so responding officers may reach out to you for more details. If necessary, your complaint may be referred to your local precinct's special operations units (Quality of Life, etc.). Thank you for your attention to this matter. We count on New Yorkers like yourself to maintain a safe City, so please let us know if you see other conditions that require our attention.	2026-09-15T22:28:13.000	2026-09-15T22:51:55.000
70420733	NYPD	Noise - Vehicle	The New York City Police Department responded to the complaint and their investigation determined that police action was not necessary. If the problem persists, please contact 311 to create another complaint. If possible, provide contact information so responding officers may reach out to you for more details. We count on New Yorkers like yourself to maintain a safe City, so please let us know if you see other conditions that require our attention.	2026-09-15T22:50:37.000	2026-09-15T22:51:55.000
70419985	NYPD	Noise - Vehicle	The New York City Police Department responded to the complaint and observed no criminal violation upon their arrival. If the problem persists, please contact 311 to create another complaint. If possible, provide contact information so responding officers may reach out to you for more details. We count on New Yorkers like yourself to maintain a safe City, so please let us know if you see other conditions that require our attention.	2026-09-15T21:37:39.000	2026-09-15T22:51:55.000
70428491	NYPD	Illegal Parking	The New York City Police Department responded to the complaint and observed no criminal violation upon their arrival. If the problem persists, please contact 311 to create another complaint. If possible, provide contact information so responding officers may reach out to you for more details. We count on New Yorkers like yourself to maintain a safe City, so please let us know if you see other conditions that require our attention.	2026-09-15T22:28:57.000	2026-09-15T22:51:54.000
70429763	NYPD	Illegal Parking	The New York City Police Department responded to the complaint and observed no criminal violation upon their arrival. If the problem persists, please contact 311 to create another complaint. If possible, provide contact information so responding officers may reach out to you for more details. We count on New Yorkers like yourself to maintain a safe City, so please let us know if you see other conditions that require our attention.	2026-09-15T22:44:59.000	2026-09-15T22:51:54.000
70428418	NYPD	Noise - Park	The New York City Police Department responded to the complaint and their investigation determined that no criminal violation existed. The condition was corrected without the need to issue a summons or effect an arrest. If the problem persists, please contact 311 to create another complaint. If possible, provide contact information so responding officers may reach out to you for more details. If necessary, your complaint may be referred to your local precinct's special operations units (Quality of Life, etc.). Thank you for your attention to this matter. We count on New Yorkers like yourself to maintain a safe City, so please let us know if you see other conditions that require our attention.	2026-09-15T19:48:49.000	2026-09-15T22:51:54.000
70423736	NYPD	Illegal Parking	The New York City Police Department responded to the complaint and their investigation determined that a violation of law occurred. Police issued a summons in response to the complaint. Thank you for attention to this matter. We count on New Yorkers like yourself to maintain a safe City, so please let us know if you see other conditions that require our attention.	2026-09-15T16:27:44.000	2026-09-15T22:51:54.000
70428492	NYPD	Illegal Parking	The New York City Police Department responded to the complaint and observed no criminal violation upon their arrival. If the problem persists, please contact 311 to create another complaint. If possible, provide contact information so responding officers may reach out to you for more details. We count on New Yorkers like yourself to maintain a safe City, so please let us know if you see other conditions that require our attention.	2026-09-15T22:19:55.000	2026-09-15T22:51:53.000
70428203	NYPD	Noise - Residential	The New York City Police Department responded to the complaint and observed no criminal violation upon their arrival. If the problem persists, please contact 311 to create another complaint. If possible, provide contact information so responding officers may reach out to you for more details. We count on New Yorkers like yourself to maintain a safe City, so please let us know if you see other conditions that require our attention.	2026-09-15T22:32:00.000	2026-09-15T22:51:53.000
70420633	NYPD	Noise - Residential	The New York City Police Department responded to the complaint and observed no criminal violation upon their arrival. If the problem persists, please contact 311 to create another complaint. If possible, provide contact information so responding officers may reach out to you for more details. We count on New Yorkers like yourself to maintain a safe City, so please let us know if you see other conditions that require our attention.	2026-09-15T22:34:12.000	2026-09-15T22:51:53.000
70426039	NYPD	Noise - Street/Sidewalk	The New York City Police Department responded to the complaint and their investigation determined that no criminal violation existed. The condition was corrected without the need to issue a summons or effect an arrest. If the problem persists, please contact 311 to create another complaint. If possible, provide contact information so responding officers may reach out to you for more details. If necessary, your complaint may be referred to your local precinct's special operations units (Quality of Life, etc.). Thank you for your attention to this matter. We count on New Yorkers like yourself to maintain a safe City, so please let us know if you see other conditions that require our attention.	2026-09-15T20:49:57.000	2026-09-15T22:51:53.000
70427495	NYPD	Noise - Residential	The New York City Police Department responded to the complaint and their investigation determined that no criminal violation existed. The condition was corrected without the need to issue a summons or effect an arrest. If the problem persists, please contact 311 to create another complaint. If possible, provide contact information so responding officers may reach out to you for more details. If necessary, your complaint may be referred to your local precinct's special operations units (Quality of Life, etc.). Thank you for your attention to this matter. We count on New Yorkers like yourself to maintain a safe City, so please let us know if you see other conditions that require our attention.	2026-09-15T22:23:34.000	2026-09-15T22:51:52.000
70419978	NYPD	Noise - Residential	The New York City Police Department responded to the complaint and their investigation determined that no criminal violation existed. The condition was corrected without the need to issue a summons or effect an arrest. If the problem persists, please contact 311 to create another complaint. If possible, provide contact information so responding officers may reach out to you for more details. If necessary, your complaint may be referred to your local precinct's special operations units (Quality of Life, etc.). Thank you for your attention to this matter. We count on New Yorkers like yourself to maintain a safe City, so please let us know if you see other conditions that require our attention.	2026-09-15T20:46:56.000	2026-09-15T22:51:52.000
70431335	NYPD	Illegal Parking	The New York City Police Department responded to the complaint and their investigation determined that a violation of law occurred. Police issued a summons in response to the complaint. Thank you for attention to this matter. We count on New Yorkers like yourself to maintain a safe City, so please let us know if you see other conditions that require our attention.	2026-09-15T21:51:10.000	2026-09-15T22:50:39.000
70431348	NYPD	Illegal Parking	The New York City Police Department responded to the complaint and their investigation determined that a violation of law occurred. Police issued a summons in response to the complaint. Thank you for attention to this matter. We count on New Yorkers like yourself to maintain a safe City, so please let us know if you see other conditions that require our attention.	2026-09-15T20:12:02.000	2026-09-15T22:48:51.000
70425407	NYPD	Illegal Parking	The New York City Police Department responded to the complaint and observed no criminal violation upon their arrival. If the problem persists, please contact 311 to create another complaint. If possible, provide contact information so responding officers may reach out to you for more details. We count on New Yorkers like yourself to maintain a safe City, so please let us know if you see other conditions that require our attention.	2026-09-15T18:34:49.000	2026-09-15T22:48:50.000
70422377	NYPD	Noise - Vehicle	The New York City Police Department responded to the complaint and their investigation determined that police action was not necessary. If the problem persists, please contact 311 to create another complaint. If possible, provide contact information so responding officers may reach out to you for more details. We count on New Yorkers like yourself to maintain a safe City, so please let us know if you see other conditions that require our attention.	2026-09-15T22:44:25.000	2026-09-15T22:48:47.000
70022711	HPD	FLOORING/STAIRS	HPD attempted to conduct an inspection in response to this complaint, but was unable to complete the inspection. Please submit a new service request with 311 if the condition still exists. For more information on the reason why HPD was unable to inspect, contact HPD at the Tenant Information Messaging Service at 212-863-4951.	2026-08-10T11:09:37.000	2026-09-15T22:48:47.000
70424420	NYPD	Noise - Street/Sidewalk	The New York City Police Department responded to the complaint and with the information available observed no evidence of a criminal violation at that time. If the problem persists, please contact 311 to create another complaint. If possible, provide contact information so responding officers may reach out to you for more details. If necessary, your complaint may be referred to your local precinct's special operations units (Quality of Life, etc.). We count on New Yorkers like yourself to maintain a safe City, so please let us know if you see other conditions that require our attention.	2026-09-15T22:31:59.000	2026-09-15T22:48:34.000
70428375	NYPD	Noise - Street/Sidewalk	The New York City Police Department responded to the complaint and their investigation determined that no criminal violation existed. The condition was corrected without the need to issue a summons or effect an arrest. If the problem persists, please contact 311 to create another complaint. If possible, provide contact information so responding officers may reach out to you for more details. If necessary, your complaint may be referred to your local precinct's special operations units (Quality of Life, etc.). Thank you for your attention to this matter. We count on New Yorkers like yourself to maintain a safe City, so please let us know if you see other conditions that require our attention.	2026-09-15T22:17:43.000	2026-09-15T22:48:25.000
70423865	NYPD	Illegal Parking	The New York City Police Department responded to the complaint and their investigation determined that no criminal violation existed. The condition was corrected without the need to issue a summons or effect an arrest. If the problem persists, please contact 311 to create another complaint. If possible, provide contact information so responding officers may reach out to you for more details. If necessary, your complaint may be referred to your local precinct's special operations units (Quality of Life, etc.). Thank you for your attention to this matter. We count on New Yorkers like yourself to maintain a safe City, so please let us know if you see other conditions that require our attention.	2026-09-15T22:12:18.000	2026-09-15T22:48:22.000
70426846	NYPD	Illegal Parking	The New York City Police Department responded to the complaint and their investigation determined that no criminal violation existed. The condition was corrected without the need to issue a summons or effect an arrest. If the problem persists, please contact 311 to create another complaint. If possible, provide contact information so responding officers may reach out to you for more details. If necessary, your complaint may be referred to your local precinct's special operations units (Quality of Life, etc.). Thank you for your attention to this matter. We count on New Yorkers like yourself to maintain a safe City, so please let us know if you see other conditions that require our attention.	2026-09-15T19:53:34.000	2026-09-15T22:48:20.000
70424645	NYPD	Noise - Street/Sidewalk	The New York City Police Department responded to the complaint and with the information available observed no evidence of a criminal violation at that time. If the problem persists, please contact 311 to create another complaint. If possible, provide contact information so responding officers may reach out to you for more details. If necessary, your complaint may be referred to your local precinct's special operations units (Quality of Life, etc.). We count on New Yorkers like yourself to maintain a safe City, so please let us know if you see other conditions that require our attention.	2026-09-15T22:23:02.000	2026-09-15T22:48:18.000
70429095	NYPD	Illegal Parking	The New York City Police Department responded to the complaint and their investigation determined that a violation of law occurred. Police issued a summons in response to the complaint. Thank you for attention to this matter. We count on New Yorkers like yourself to maintain a safe City, so please let us know if you see other conditions that require our attention.	2026-09-15T22:20:00.000	2026-09-15T22:48:17.000
70429801	NYPD	Animal-Abuse	The New York City Police Department responded to the complaint and with the information available observed no evidence of a criminal violation at that time. If the problem persists, please contact 311 to create another complaint. If possible, provide contact information so responding officers may reach out to you for more details. If necessary, your complaint may be referred to your local precinct's special operations units (Quality of Life, etc.). We count on New Yorkers like yourself to maintain a safe City, so please let us know if you see other conditions that require our attention.	2026-09-15T18:40:58.000	2026-09-15T22:48:17.000
70428377	NYPD	Noise - Street/Sidewalk	The New York City Police Department responded to the complaint and their investigation determined that no criminal violation existed. The condition was corrected without the need to issue a summons or effect an arrest. If the problem persists, please contact 311 to create another complaint. If possible, provide contact information so responding officers may reach out to you for more details. If necessary, your complaint may be referred to your local precinct's special operations units (Quality of Life, etc.). Thank you for your attention to this matter. We count on New Yorkers like yourself to maintain a safe City, so please let us know if you see other conditions that require our attention.	2026-09-15T22:19:38.000	2026-09-15T22:48:17.000
70431408	NYPD	Noise - Residential	The New York City Police Department responded to the complaint and their investigation determined that police action was not necessary. If the problem persists, please contact 311 to create another complaint. If possible, provide contact information so responding officers may reach out to you for more details. We count on New Yorkers like yourself to maintain a safe City, so please let us know if you see other conditions that require our attention.	2026-09-15T22:44:16.000	2026-09-15T22:48:17.000
70422395	NYPD	Noise - Residential	The New York City Police Department responded to the complaint and their investigation determined that no criminal violation existed. The condition was corrected without the need to issue a summons or effect an arrest. If the problem persists, please contact 311 to create another complaint. If possible, provide contact information so responding officers may reach out to you for more details. If necessary, your complaint may be referred to your local precinct's special operations units (Quality of Life, etc.). Thank you for your attention to this matter. We count on New Yorkers like yourself to maintain a safe City, so please let us know if you see other conditions that require our attention.	2026-09-15T22:45:08.000	2026-09-15T22:48:17.000
70422373	NYPD	Noise - Street/Sidewalk	The New York City Police Department responded to the complaint and their investigation determined that no criminal violation existed. The condition was corrected without the need to issue a summons or effect an arrest. If the problem persists, please contact 311 to create another complaint. If possible, provide contact information so responding officers may reach out to you for more details. If necessary, your complaint may be referred to your local precinct's special operations units (Quality of Life, etc.). Thank you for your attention to this matter. We count on New Yorkers like yourself to maintain a safe City, so please let us know if you see other conditions that require our attention.	2026-09-15T22:10:28.000	2026-09-15T22:48:16.000
70422233	NYPD	Illegal Parking	The New York City Police Department responded to the complaint and their investigation determined that a violation of law occurred. Police issued a summons in response to the complaint. Thank you for attention to this matter. We count on New Yorkers like yourself to maintain a safe City, so please let us know if you see other conditions that require our attention.	2026-09-15T21:27:15.000	2026-09-15T22:48:16.000
70429841	NYPD	Abandoned Vehicle	Your complaint has been received but does not fall under the jurisdiction of the New York City Police Department.  Please contact your local precinct for more information, including which City agency your request was referred to. We count on New Yorkers like yourself to maintain a safe City, so please let us know if you see other conditions that require our attention.	2026-09-15T19:10:42.000	2026-09-15T22:48:15.000
70426840	NYPD	Abandoned Vehicle	Your complaint has been received but does not fall under the jurisdiction of the New York City Police Department.  Please contact your local precinct for more information, including which City agency your request was referred to. We count on New Yorkers like yourself to maintain a safe City, so please let us know if you see other conditions that require our attention.	2026-09-15T19:21:52.000	2026-09-15T22:48:14.000
70430443	NYPD	Noise - Street/Sidewalk	The New York City Police Department responded to the complaint and observed no criminal violation upon their arrival. If the problem persists, please contact 311 to create another complaint. If possible, provide contact information so responding officers may reach out to you for more details. We count on New Yorkers like yourself to maintain a safe City, so please let us know if you see other conditions that require our attention.	2026-09-15T21:47:51.000	2026-09-15T22:48:14.000
70428487	NYPD	Illegal Parking	The New York City Police Department responded to the complaint and their investigation determined that a violation of law occurred. Police issued a summons in response to the complaint. Thank you for attention to this matter. We count on New Yorkers like yourself to maintain a safe City, so please let us know if you see other conditions that require our attention.	2026-09-15T21:44:56.000	2026-09-15T22:48:14.000
70428346	NYPD	Illegal Parking	The New York City Police Department responded to the complaint and their investigation determined that a violation of law occurred. Police issued a summons in response to the complaint. Thank you for attention to this matter. We count on New Yorkers like yourself to maintain a safe City, so please let us know if you see other conditions that require our attention.	2026-09-15T22:15:30.000	2026-09-15T22:48:13.000
70431405	NYPD	Abandoned Vehicle	Your complaint has been received but does not fall under the jurisdiction of the New York City Police Department.  Please contact your local precinct for more information, including which City agency your request was referred to. We count on New Yorkers like yourself to maintain a safe City, so please let us know if you see other conditions that require our attention.	2026-09-15T19:18:39.000	2026-09-15T22:48:13.000
70420758	NYPD	Abandoned Vehicle	Your complaint has been received but does not fall under the jurisdiction of the New York City Police Department.  Please contact your local precinct for more information, including which City agency your request was referred to. We count on New Yorkers like yourself to maintain a safe City, so please let us know if you see other conditions that require our attention.	2026-09-15T18:39:35.000	2026-09-15T22:48:12.000
70422315	NYPD	Abandoned Vehicle	Your complaint has been received but does not fall under the jurisdiction of the New York City Police Department.  Please contact your local precinct for more information, including which City agency your request was referred to. We count on New Yorkers like yourself to maintain a safe City, so please let us know if you see other conditions that require our attention.	2026-09-15T17:44:18.000	2026-09-15T22:48:12.000
70429843	NYPD	Abandoned Vehicle	Your complaint has been received but does not fall under the jurisdiction of the New York City Police Department.  Please contact your local precinct for more information, including which City agency your request was referred to. We count on New Yorkers like yourself to maintain a safe City, so please let us know if you see other conditions that require our attention.	2026-09-15T17:30:28.000	2026-09-15T22:48:11.000
70426843	NYPD	Blocked Driveway	The New York City Police Department responded to the complaint and their investigation determined that a violation of law occurred. Police issued a summons in response to the complaint. Thank you for attention to this matter. We count on New Yorkers like yourself to maintain a safe City, so please let us know if you see other conditions that require our attention.	2026-09-15T22:16:10.000	2026-09-15T22:48:11.000
70431329	NYPD	Noise - Residential	The New York City Police Department responded to the complaint and with the information available observed no evidence of a criminal violation at that time. If the problem persists, please contact 311 to create another complaint. If possible, provide contact information so responding officers may reach out to you for more details. If necessary, your complaint may be referred to your local precinct's special operations units (Quality of Life, etc.). We count on New Yorkers like yourself to maintain a safe City, so please let us know if you see other conditions that require our attention.	2026-09-15T22:12:59.000	2026-09-15T22:48:10.000
70422940	NYPD	Noise - Residential	The New York City Police Department responded to the complaint and with the information available observed no evidence of a criminal violation at that time. If the problem persists, please contact 311 to create another complaint. If possible, provide contact information so responding officers may reach out to you for more details. If necessary, your complaint may be referred to your local precinct's special operations units (Quality of Life, etc.). We count on New Yorkers like yourself to maintain a safe City, so please let us know if you see other conditions that require our attention.	2026-09-15T22:31:04.000	2026-09-15T22:48:10.000
70421432	NYPD	Noise - Street/Sidewalk	The New York City Police Department responded to the complaint and their investigation determined that no criminal violation existed. The condition was corrected without the need to issue a summons or effect an arrest. If the problem persists, please contact 311 to create another complaint. If possible, provide contact information so responding officers may reach out to you for more details. If necessary, your complaint may be referred to your local precinct's special operations units (Quality of Life, etc.). Thank you for your attention to this matter. We count on New Yorkers like yourself to maintain a safe City, so please let us know if you see other conditions that require our attention.	2026-09-15T21:26:04.000	2026-09-15T22:48:10.000
70426278	NYPD	Panhandling	The New York City Police Department responded to the complaint and with the information available observed no evidence of a criminal violation at that time. If the problem persists, please contact 311 to create another complaint. If possible, provide contact information so responding officers may reach out to you for more details. If necessary, your complaint may be referred to your local precinct's special operations units (Quality of Life, etc.). We count on New Yorkers like yourself to maintain a safe City, so please let us know if you see other conditions that require our attention.	2026-09-15T22:00:47.000	2026-09-15T22:45:54.000
70427701	NYPD	Noise - Street/Sidewalk	The New York City Police Department responded to the complaint and their investigation determined that no criminal violation existed. The condition was corrected without the need to issue a summons or effect an arrest. If the problem persists, please contact 311 to create another complaint. If possible, provide contact information so responding officers may reach out to you for more details. If necessary, your complaint may be referred to your local precinct's special operations units (Quality of Life, etc.). Thank you for your attention to this matter. We count on New Yorkers like yourself to maintain a safe City, so please let us know if you see other conditions that require our attention.	2026-09-15T21:48:20.000	2026-09-15T22:45:22.000
70422941	NYPD	Noise - Residential	The New York City Police Department responded to the complaint and their investigation determined that no criminal violation existed. The condition was corrected without the need to issue a summons or effect an arrest. If the problem persists, please contact 311 to create another complaint. If possible, provide contact information so responding officers may reach out to you for more details. If necessary, your complaint may be referred to your local precinct's special operations units (Quality of Life, etc.). Thank you for your attention to this matter. We count on New Yorkers like yourself to maintain a safe City, so please let us know if you see other conditions that require our attention.	2026-09-15T22:06:15.000	2026-09-15T22:45:07.000
70424156	DOT	Street Condition	The Department of Transportation inspected this complaint and did not find the reported problem.	2026-09-15T13:12:59.000	2026-09-15T22:45:00.000
70383142	DEP	Noise	The Department of Environmental Protection (DEP) didn't observe a violation of the NYC Air or Noise Code at the time of inspection and couldn't issue a summons.  If the problem still exists, please go to nyc.gov/311 or call 311 to file a new Service Request. If you're outside of New York City, please call (212) NEW-YORK (212-639-9675).	2026-09-11T21:40:16.000	2026-09-15T22:45:00.000
70425662	DOT	Street Condition	The Department of Transportation inspected this complaint and repaired the problem.	2026-09-14T00:55:15.000	2026-09-15T22:45:00.000
70429769	NYPD	Abandoned Vehicle	The New York City Police Department responded to the complaint and their investigation determined that no criminal violation existed. The condition was corrected without the need to issue a summons or effect an arrest. If the problem persists, please contact 311 to create another complaint. If possible, provide contact information so responding officers may reach out to you for more details. If necessary, your complaint may be referred to your local precinct's special operations units (Quality of Life, etc.). Thank you for your attention to this matter. We count on New Yorkers like yourself to maintain a safe City, so please let us know if you see other conditions that require our attention.	2026-09-15T20:14:25.000	2026-09-15T22:44:58.000
70421412	NYPD	Illegal Parking	The New York City Police Department responded to the complaint and their investigation determined that a violation of law occurred. Police issued a summons in response to the complaint. Thank you for attention to this matter. We count on New Yorkers like yourself to maintain a safe City, so please let us know if you see other conditions that require our attention.	2026-09-15T21:26:42.000	2026-09-15T22:44:52.000
70426782	NYPD	Illegal Parking	The New York City Police Department responded to the complaint and their investigation determined that no criminal violation existed. The condition was corrected without the need to issue a summons or effect an arrest. If the problem persists, please contact 311 to create another complaint. If possible, provide contact information so responding officers may reach out to you for more details. If necessary, your complaint may be referred to your local precinct's special operations units (Quality of Life, etc.). Thank you for your attention to this matter. We count on New Yorkers like yourself to maintain a safe City, so please let us know if you see other conditions that require our attention.	2026-09-15T22:19:07.000	2026-09-15T22:44:42.000
70430528	NYPD	Illegal Parking	The New York City Police Department responded to the complaint and their investigation determined that a violation of law occurred. Police issued a summons in response to the complaint. Thank you for attention to this matter. We count on New Yorkers like yourself to maintain a safe City, so please let us know if you see other conditions that require our attention.	2026-09-15T21:44:51.000	2026-09-15T22:44:26.000
70422210	NYPD	Abandoned Vehicle	The New York City Police Department responded to the complaint and their investigation determined that a violation of law occurred. Police issued a summons in response to the complaint. Thank you for attention to this matter. We count on New Yorkers like yourself to maintain a safe City, so please let us know if you see other conditions that require our attention.	2026-09-15T22:22:26.000	2026-09-15T22:44:17.000
70422955	NYPD	Illegal Parking	The New York City Police Department responded to the complaint and their investigation determined that police action was not necessary. If the problem persists, please contact 311 to create another complaint. If possible, provide contact information so responding officers may reach out to you for more details. We count on New Yorkers like yourself to maintain a safe City, so please let us know if you see other conditions that require our attention.	2026-09-15T19:14:41.000	2026-09-15T22:44:12.000
70425382	NYPD	Noise - Residential	The New York City Police Department responded to the complaint and their investigation determined that police action was not necessary. If the problem persists, please contact 311 to create another complaint. If possible, provide contact information so responding officers may reach out to you for more details. We count on New Yorkers like yourself to maintain a safe City, so please let us know if you see other conditions that require our attention.	2026-09-15T21:25:58.000	2026-09-15T22:44:06.000
70426973	NYPD	Noise - Street/Sidewalk	The New York City Police Department responded to the complaint and their investigation determined that no criminal violation existed. The condition was corrected without the need to issue a summons or effect an arrest. If the problem persists, please contact 311 to create another complaint. If possible, provide contact information so responding officers may reach out to you for more details. If necessary, your complaint may be referred to your local precinct's special operations units (Quality of Life, etc.). Thank you for your attention to this matter. We count on New Yorkers like yourself to maintain a safe City, so please let us know if you see other conditions that require our attention.	2026-09-15T22:06:26.000	2026-09-15T22:44:02.000
70424610	NYPD	Illegal Parking	The New York City Police Department responded to the complaint and their investigation determined that a violation of law occurred. Police issued a summons in response to the complaint. Thank you for attention to this matter. We count on New Yorkers like yourself to maintain a safe City, so please let us know if you see other conditions that require our attention.	2026-09-15T22:22:52.000	2026-09-15T22:44:02.000
70425930	DSNY	Derelict Vehicles	The owner claimed the vehicle.Â Your request is now closed and no further action will be taken.	2026-09-15T10:54:00.000	2026-09-15T22:44:00.000
70428402	NYPD	Illegal Parking	The New York City Police Department responded to the complaint and their investigation determined that police action was not necessary. If the problem persists, please contact 311 to create another complaint. If possible, provide contact information so responding officers may reach out to you for more details. We count on New Yorkers like yourself to maintain a safe City, so please let us know if you see other conditions that require our attention.	2026-09-15T19:51:05.000	2026-09-15T22:43:54.000
70420855	NYPD	Noise - Commercial	The New York City Police Department responded to the complaint and their investigation determined that no criminal violation existed. The condition was corrected without the need to issue a summons or effect an arrest. If the problem persists, please contact 311 to create another complaint. If possible, provide contact information so responding officers may reach out to you for more details. If necessary, your complaint may be referred to your local precinct's special operations units (Quality of Life, etc.). Thank you for your attention to this matter. We count on New Yorkers like yourself to maintain a safe City, so please let us know if you see other conditions that require our attention.	2026-09-15T22:37:15.000	2026-09-15T22:43:46.000
70424560	NYPD	Illegal Parking	The New York City Police Department responded to the complaint and their investigation determined that no criminal violation existed. The condition was corrected without the need to issue a summons or effect an arrest. If the problem persists, please contact 311 to create another complaint. If possible, provide contact information so responding officers may reach out to you for more details. If necessary, your complaint may be referred to your local precinct's special operations units (Quality of Life, etc.). Thank you for your attention to this matter. We count on New Yorkers like yourself to maintain a safe City, so please let us know if you see other conditions that require our attention.	2026-09-15T20:51:09.000	2026-09-15T22:43:44.000
70424494	NYPD	Illegal Parking	The New York City Police Department responded to the complaint and with the information available observed no evidence of a criminal violation at that time. If the problem persists, please contact 311 to create another complaint. If possible, provide contact information so responding officers may reach out to you for more details. If necessary, your complaint may be referred to your local precinct's special operations units (Quality of Life, etc.). We count on New Yorkers like yourself to maintain a safe City, so please let us know if you see other conditions that require our attention.	2026-09-15T20:02:12.000	2026-09-15T22:43:42.000
70022564	HPD	UNSANITARY CONDITION	HPD attempted to conduct an inspection in response to this complaint, but was unable to complete the inspection. Please submit a new service request with 311 if the condition still exists. For more information on the reason why HPD was unable to inspect, contact HPD at the Tenant Information Messaging Service at 212-863-4951.	2026-08-10T11:09:37.000	2026-09-15T22:43:42.000
70428464	NYPD	Noise - Residential	The New York City Police Department responded to the complaint and with the information available observed no evidence of a criminal violation at that time. If the problem persists, please contact 311 to create another complaint. If possible, provide contact information so responding officers may reach out to you for more details. If necessary, your complaint may be referred to your local precinct's special operations units (Quality of Life, etc.). We count on New Yorkers like yourself to maintain a safe City, so please let us know if you see other conditions that require our attention.	2026-09-15T21:46:02.000	2026-09-15T22:43:40.000
70427669	NYPD	Blocked Driveway	The New York City Police Department responded to the complaint and their investigation determined that a violation of law occurred. Police issued a summons in response to the complaint. Thank you for attention to this matter. We count on New Yorkers like yourself to maintain a safe City, so please let us know if you see other conditions that require our attention.	2026-09-15T22:06:38.000	2026-09-15T22:43:40.000
70422297	NYPD	Illegal Parking	The New York City Police Department responded to the complaint and with the information available observed no evidence of a criminal violation at that time. If the problem persists, please contact 311 to create another complaint. If possible, provide contact information so responding officers may reach out to you for more details. If necessary, your complaint may be referred to your local precinct's special operations units (Quality of Life, etc.). We count on New Yorkers like yourself to maintain a safe City, so please let us know if you see other conditions that require our attention.	2026-09-15T17:31:37.000	2026-09-15T22:43:39.000
70430541	NYPD	Noise - Residential	The New York City Police Department responded to the complaint and their investigation determined that no criminal violation existed. The condition was corrected without the need to issue a summons or effect an arrest. If the problem persists, please contact 311 to create another complaint. If possible, provide contact information so responding officers may reach out to you for more details. If necessary, your complaint may be referred to your local precinct's special operations units (Quality of Life, etc.). Thank you for your attention to this matter. We count on New Yorkers like yourself to maintain a safe City, so please let us know if you see other conditions that require our attention.	2026-09-15T22:33:27.000	2026-09-15T22:43:38.000
70420671	NYPD	Abandoned Vehicle	The New York City Police Department responded to the complaint and with the information available observed no evidence of a criminal violation at that time. If the problem persists, please contact 311 to create another complaint. If possible, provide contact information so responding officers may reach out to you for more details. If necessary, your complaint may be referred to your local precinct's special operations units (Quality of Life, etc.). We count on New Yorkers like yourself to maintain a safe City, so please let us know if you see other conditions that require our attention.	2026-09-15T17:33:25.000	2026-09-15T22:43:38.000
70423182	NYPD	Noise - Park	The New York City Police Department responded to the complaint and their investigation determined that no criminal violation existed. The condition was corrected without the need to issue a summons or effect an arrest. If the problem persists, please contact 311 to create another complaint. If possible, provide contact information so responding officers may reach out to you for more details. If necessary, your complaint may be referred to your local precinct's special operations units (Quality of Life, etc.). Thank you for your attention to this matter. We count on New Yorkers like yourself to maintain a safe City, so please let us know if you see other conditions that require our attention.	2026-09-15T22:32:29.000	2026-09-15T22:43:37.000
70431417	NYPD	Blocked Driveway	The New York City Police Department responded to the complaint and observed no criminal violation upon their arrival. If the problem persists, please contact 311 to create another complaint. If possible, provide contact information so responding officers may reach out to you for more details. We count on New Yorkers like yourself to maintain a safe City, so please let us know if you see other conditions that require our attention.	2026-09-15T22:17:33.000	2026-09-15T22:43:36.000
70425406	NYPD	Illegal Parking	The New York City Police Department responded to the complaint and with the information available observed no evidence of a criminal violation at that time. If the problem persists, please contact 311 to create another complaint. If possible, provide contact information so responding officers may reach out to you for more details. If necessary, your complaint may be referred to your local precinct's special operations units (Quality of Life, etc.). We count on New Yorkers like yourself to maintain a safe City, so please let us know if you see other conditions that require our attention.	2026-09-15T20:56:40.000	2026-09-15T22:43:36.000
70423758	NYPD	Noise - Commercial	The New York City Police Department responded to the complaint and their investigation determined that no criminal violation existed. The condition was corrected without the need to issue a summons or effect an arrest. If the problem persists, please contact 311 to create another complaint. If possible, provide contact information so responding officers may reach out to you for more details. If necessary, your complaint may be referred to your local precinct's special operations units (Quality of Life, etc.). Thank you for your attention to this matter. We count on New Yorkers like yourself to maintain a safe City, so please let us know if you see other conditions that require our attention.	2026-09-15T22:13:41.000	2026-09-15T22:43:36.000
70423699	NYPD	Noise - Street/Sidewalk	The New York City Police Department responded to the complaint and with the information available observed no evidence of a criminal violation at that time. If the problem persists, please contact 311 to create another complaint. If possible, provide contact information so responding officers may reach out to you for more details. If necessary, your complaint may be referred to your local precinct's special operations units (Quality of Life, etc.). We count on New Yorkers like yourself to maintain a safe City, so please let us know if you see other conditions that require our attention.	2026-09-15T19:26:12.000	2026-09-15T22:43:36.000
70431463	NYPD	Illegal Parking	The New York City Police Department responded to the complaint and with the information available observed no evidence of a criminal violation at that time. If the problem persists, please contact 311 to create another complaint. If possible, provide contact information so responding officers may reach out to you for more details. If necessary, your complaint may be referred to your local precinct's special operations units (Quality of Life, etc.). We count on New Yorkers like yourself to maintain a safe City, so please let us know if you see other conditions that require our attention.	2026-09-15T22:08:30.000	2026-09-15T22:43:34.000
70420636	NYPD	Noise - Street/Sidewalk	The New York City Police Department responded to the complaint and with the information available observed no evidence of a criminal violation at that time. If the problem persists, please contact 311 to create another complaint. If possible, provide contact information so responding officers may reach out to you for more details. If necessary, your complaint may be referred to your local precinct's special operations units (Quality of Life, etc.). We count on New Yorkers like yourself to maintain a safe City, so please let us know if you see other conditions that require our attention.	2026-09-15T20:16:34.000	2026-09-15T22:43:34.000
70430797	NYPD	Noise - Park	The New York City Police Department responded to the complaint and their investigation determined that no criminal violation existed. The condition was corrected without the need to issue a summons or effect an arrest. If the problem persists, please contact 311 to create another complaint. If possible, provide contact information so responding officers may reach out to you for more details. If necessary, your complaint may be referred to your local precinct's special operations units (Quality of Life, etc.). Thank you for your attention to this matter. We count on New Yorkers like yourself to maintain a safe City, so please let us know if you see other conditions that require our attention.	2026-09-15T22:25:07.000	2026-09-15T22:43:30.000
70420550	DHS	Homeless Person Assistance	The mobile outreach response team went to the location provided but could not find the individual that you reported.	2026-09-15T11:07:25.000	2026-09-15T22:41:31.000
70430518	NYPD	Illegal Parking	The New York City Police Department responded to the complaint and observed no criminal violation upon their arrival. If the problem persists, please contact 311 to create another complaint. If possible, provide contact information so responding officers may reach out to you for more details. We count on New Yorkers like yourself to maintain a safe City, so please let us know if you see other conditions that require our attention.	2026-09-15T15:47:36.000	2026-09-15T22:40:20.000
70425238	NYPD	Noise - Street/Sidewalk	The New York City Police Department responded to the complaint and with the information available observed no evidence of a criminal violation at that time. If the problem persists, please contact 311 to create another complaint. If possible, provide contact information so responding officers may reach out to you for more details. If necessary, your complaint may be referred to your local precinct's special operations units (Quality of Life, etc.). We count on New Yorkers like yourself to maintain a safe City, so please let us know if you see other conditions that require our attention.	2026-09-15T20:21:00.000	2026-09-15T22:40:17.000
70423698	NYPD	Noise - Street/Sidewalk	The New York City Police Department responded to the complaint and with the information available observed no evidence of a criminal violation at that time. If the problem persists, please contact 311 to create another complaint. If possible, provide contact information so responding officers may reach out to you for more details. If necessary, your complaint may be referred to your local precinct's special operations units (Quality of Life, etc.). We count on New Yorkers like yourself to maintain a safe City, so please let us know if you see other conditions that require our attention.	2026-09-15T20:38:17.000	2026-09-15T22:40:17.000
70430702	NYPD	Noise - Street/Sidewalk	The New York City Police Department responded to the complaint and with the information available observed no evidence of a criminal violation at that time. If the problem persists, please contact 311 to create another complaint. If possible, provide contact information so responding officers may reach out to you for more details. If necessary, your complaint may be referred to your local precinct's special operations units (Quality of Life, etc.). We count on New Yorkers like yourself to maintain a safe City, so please let us know if you see other conditions that require our attention.	2026-09-15T22:13:37.000	2026-09-15T22:40:13.000
70426123	NYPD	Noise - Street/Sidewalk	The New York City Police Department responded to the complaint and with the information available observed no evidence of a criminal violation at that time. If the problem persists, please contact 311 to create another complaint. If possible, provide contact information so responding officers may reach out to you for more details. If necessary, your complaint may be referred to your local precinct's special operations units (Quality of Life, etc.). We count on New Yorkers like yourself to maintain a safe City, so please let us know if you see other conditions that require our attention.	2026-09-15T22:21:50.000	2026-09-15T22:40:06.000
70426191	NYPD	Blocked Driveway	The New York City Police Department responded to the complaint and observed no criminal violation upon their arrival. If the problem persists, please contact 311 to create another complaint. If possible, provide contact information so responding officers may reach out to you for more details. We count on New Yorkers like yourself to maintain a safe City, so please let us know if you see other conditions that require our attention.	2026-09-15T20:42:57.000	2026-09-15T22:40:06.000
69558336	HPD	UNSANITARY CONDITION	HPD conducted an inspection of this complaint. The conditions observed by the inspector did not violate the housing laws enforced by HPD. The complaint has been closed.	2026-07-01T13:26:48.000	2026-09-15T22:39:55.000
70420828	NYPD	Noise - Vehicle	The New York City Police Department responded to the complaint and their investigation determined that police action was not necessary. If the problem persists, please contact 311 to create another complaint. If possible, provide contact information so responding officers may reach out to you for more details. We count on New Yorkers like yourself to maintain a safe City, so please let us know if you see other conditions that require our attention.	2026-09-15T22:38:49.000	2026-09-15T22:39:54.000
70423697	NYPD	Noise - Vehicle	The New York City Police Department responded to the complaint and with the information available observed no evidence of a criminal violation at that time. If the problem persists, please contact 311 to create another complaint. If possible, provide contact information so responding officers may reach out to you for more details. If necessary, your complaint may be referred to your local precinct's special operations units (Quality of Life, etc.). We count on New Yorkers like yourself to maintain a safe City, so please let us know if you see other conditions that require our attention.	2026-09-15T21:28:07.000	2026-09-15T22:39:52.000
70425527	NYPD	Noise - Park	The New York City Police Department responded to the complaint and with the information available observed no evidence of a criminal violation at that time. If the problem persists, please contact 311 to create another complaint. If possible, provide contact information so responding officers may reach out to you for more details. If necessary, your complaint may be referred to your local precinct's special operations units (Quality of Life, etc.). We count on New Yorkers like yourself to maintain a safe City, so please let us know if you see other conditions that require our attention.	2026-09-15T21:52:45.000	2026-09-15T22:39:45.000
70431536	DHS	Encampment	The Department of Homeless Services (DHS) outreach team attempted to engage the individuals at the reported location. DHS is coordinating with their agency partners. They will determine the best course of action. Your service request has been closed.	2026-09-15T11:38:09.000	2026-09-15T22:39:33.000
70428204	NYPD	Noise - Street/Sidewalk	The New York City Police Department responded to the complaint and with the information available observed no evidence of a criminal violation at that time. If the problem persists, please contact 311 to create another complaint. If possible, provide contact information so responding officers may reach out to you for more details. If necessary, your complaint may be referred to your local precinct's special operations units (Quality of Life, etc.). We count on New Yorkers like yourself to maintain a safe City, so please let us know if you see other conditions that require our attention.	2026-09-15T21:29:22.000	2026-09-15T22:39:31.000
70431380	NYPD	Noise - Vehicle	The New York City Police Department responded to the complaint and with the information available observed no evidence of a criminal violation at that time. If the problem persists, please contact 311 to create another complaint. If possible, provide contact information so responding officers may reach out to you for more details. If necessary, your complaint may be referred to your local precinct's special operations units (Quality of Life, etc.). We count on New Yorkers like yourself to maintain a safe City, so please let us know if you see other conditions that require our attention.	2026-09-15T18:23:38.000	2026-09-15T22:39:24.000
70425241	NYPD	Noise - Residential	The New York City Police Department responded to the complaint and with the information available observed no evidence of a criminal violation at that time. If the problem persists, please contact 311 to create another complaint. If possible, provide contact information so responding officers may reach out to you for more details. If necessary, your complaint may be referred to your local precinct's special operations units (Quality of Life, etc.). We count on New Yorkers like yourself to maintain a safe City, so please let us know if you see other conditions that require our attention.	2026-09-15T21:41:50.000	2026-09-15T22:39:10.000
70425405	NYPD	Illegal Parking	The New York City Police Department responded to the complaint and their investigation determined that a violation of law occurred. Police issued a summons in response to the complaint. Thank you for attention to this matter. We count on New Yorkers like yourself to maintain a safe City, so please let us know if you see other conditions that require our attention.	2026-09-15T21:54:25.000	2026-09-15T22:39:09.000
70420175	NYPD	Noise - Commercial	The New York City Police Department responded to the complaint and their investigation determined that police action was not necessary. If the problem persists, please contact 311 to create another complaint. If possible, provide contact information so responding officers may reach out to you for more details. We count on New Yorkers like yourself to maintain a safe City, so please let us know if you see other conditions that require our attention.	2026-09-15T22:24:07.000	2026-09-15T22:39:09.000
70429016	NYPD	Noise - Street/Sidewalk	The New York City Police Department responded to the complaint and their investigation determined that police action was not necessary. If the problem persists, please contact 311 to create another complaint. If possible, provide contact information so responding officers may reach out to you for more details. We count on New Yorkers like yourself to maintain a safe City, so please let us know if you see other conditions that require our attention.	2026-09-15T21:59:12.000	2026-09-15T22:39:08.000
70427712	NYPD	Noise - Commercial	The New York City Police Department responded to the complaint and their investigation determined that police action was not necessary. If the problem persists, please contact 311 to create another complaint. If possible, provide contact information so responding officers may reach out to you for more details. We count on New Yorkers like yourself to maintain a safe City, so please let us know if you see other conditions that require our attention.	2026-09-15T21:54:11.000	2026-09-15T22:39:08.000
70430807	NYPD	Noise - Street/Sidewalk	The New York City Police Department responded to the complaint and with the information available observed no evidence of a criminal violation at that time. If the problem persists, please contact 311 to create another complaint. If possible, provide contact information so responding officers may reach out to you for more details. If necessary, your complaint may be referred to your local precinct's special operations units (Quality of Life, etc.). We count on New Yorkers like yourself to maintain a safe City, so please let us know if you see other conditions that require our attention.	2026-09-15T22:16:18.000	2026-09-15T22:39:08.000
70424752	NYPD	Noise - Street/Sidewalk	The New York City Police Department responded to the complaint and with the information available observed no evidence of a criminal violation at that time. If the problem persists, please contact 311 to create another complaint. If possible, provide contact information so responding officers may reach out to you for more details. If necessary, your complaint may be referred to your local precinct's special operations units (Quality of Life, etc.). We count on New Yorkers like yourself to maintain a safe City, so please let us know if you see other conditions that require our attention.	2026-09-15T22:17:00.000	2026-09-15T22:39:08.000
70429707	NYPD	Noise - Residential	The New York City Police Department responded to the complaint and with the information available observed no evidence of a criminal violation at that time. If the problem persists, please contact 311 to create another complaint. If possible, provide contact information so responding officers may reach out to you for more details. If necessary, your complaint may be referred to your local precinct's special operations units (Quality of Life, etc.). We count on New Yorkers like yourself to maintain a safe City, so please let us know if you see other conditions that require our attention.	2026-09-15T20:16:32.000	2026-09-15T22:39:07.000
70429011	NYPD	Blocked Driveway	The New York City Police Department responded to the complaint and their investigation determined that a violation of law occurred. Police issued a summons in response to the complaint. Thank you for attention to this matter. We count on New Yorkers like yourself to maintain a safe City, so please let us know if you see other conditions that require our attention.	2026-09-15T21:16:50.000	2026-09-15T22:39:07.000
70425278	NYPD	Blocked Driveway	The New York City Police Department responded to the complaint and observed no criminal violation upon their arrival. If the problem persists, please contact 311 to create another complaint. If possible, provide contact information so responding officers may reach out to you for more details. We count on New Yorkers like yourself to maintain a safe City, so please let us know if you see other conditions that require our attention.	2026-09-15T18:46:44.000	2026-09-15T22:39:07.000
70425388	NYPD	Illegal Parking	The New York City Police Department responded to the complaint and observed no criminal violation upon their arrival. If the problem persists, please contact 311 to create another complaint. If possible, provide contact information so responding officers may reach out to you for more details. We count on New Yorkers like yourself to maintain a safe City, so please let us know if you see other conditions that require our attention.	2026-09-15T21:11:05.000	2026-09-15T22:39:07.000
70422327	NYPD	Illegal Parking	The New York City Police Department responded to the complaint and with the information available observed no evidence of a criminal violation at that time. If the problem persists, please contact 311 to create another complaint. If possible, provide contact information so responding officers may reach out to you for more details. If necessary, your complaint may be referred to your local precinct's special operations units (Quality of Life, etc.). We count on New Yorkers like yourself to maintain a safe City, so please let us know if you see other conditions that require our attention.	2026-09-15T16:14:00.000	2026-09-15T22:39:07.000
70410652	NYPD	Noise - Street/Sidewalk	The New York City Police Department responded to the complaint and observed no criminal violation upon their arrival. If the problem persists, please contact 311 to create another complaint. If possible, provide contact information so responding officers may reach out to you for more details. We count on New Yorkers like yourself to maintain a safe City, so please let us know if you see other conditions that require our attention.	2026-09-15T00:51:22.000	2026-09-15T22:39:07.000
70420773	NYPD	Illegal Parking	The New York City Police Department responded to the complaint and observed no criminal violation upon their arrival. If the problem persists, please contact 311 to create another complaint. If possible, provide contact information so responding officers may reach out to you for more details. We count on New Yorkers like yourself to maintain a safe City, so please let us know if you see other conditions that require our attention.	2026-09-15T20:35:18.000	2026-09-15T22:39:07.000
70426167	NYPD	Encampment	The New York City Police Department responded to the complaint and observed no encampment at the noted location. If the problem persists, please contact 311 to create another complaint. If possible, provide contact information so responding officers may reach out to you for more details. We count on New Yorkers like yourself to maintain a safe City, so please let us know if you see other conditions that require our attention.	2026-09-15T22:08:14.000	2026-09-15T22:39:07.000
